CUSTOMER_ID,COUNTRY,EMAIL,PHONE,TAX_ID,ADDRESS,ZERO_POPULATION_FIELD,FULL_POPULATION_FIELD
CUS0000001,US,POIG8F1CBFNO6B9M80,AK1VRJNVGF,GWWQC38HYF9S,,,MECOSFOGYR3XKX
CUS0000002,DE,EK8PK3YR9OUDOCUZRE,N5Z3JQIP98,,1ZXOI65FDHJK1EYY37Q9AH8RVHS1K3AQ6L6GT6MJXK87AU5,,PDPFF5E8I
CUS0000003,IN,KQ71N8MTZX272HPOEVB9OOAEDOE,,,,,5N8I4P40MGG1W10
CUS0000004,FR,,DZVGPMM82I,,3PE29GD8AFPK054NZDKYAYQ3S19,,SND8DUDD
CUS0000005,FR,KD6FLEEPZHPCF07UQNUPQZIT3U,,,,,GE8N6QIWEPXSK2
CUS0000006,DE,7A9TGIQHG9JRSNVNQ65QDF1RCAVIQK,,,9AHEJ8CX9J1ICTXCWNPGW90JPKL0BLV0PRKGY,,M3WTOOBM
CUS0000007,FR,RW6Z8VBHQLQC,WU16HYMQC1,,MX1EVUHT6T0UZS9IM0YLTZ9ATSN1U322N64KFS6VFPTO,,P4E30
CUS0000008,IN,5ZPJAG1OL73D9PH3I379U2,,,,,2K42QPR75PR2E
CUS0000009,DE,U8FIJOYJNE00V830DN0Y,,,Y4AWTY088O5,,YVZK3
CUS0000010,IN,,,,,,1I3LDQ
CUS0000011,FR,UVYR0QF4B8DWOECBPMBJPI4H,,,XKHKTGBTYZMEPGTHCW81XE6VA0,,3J1L7R8431
CUS0000012,DE,FR2P3YVB5UL5NWQVR,,,,,FP059P45
CUS0000013,FR,SOZPTX497W19,RTQOHMUH8L,,R7SGMSOXLTA8IRCD9SI5GAS442VLDQ4HEZ5EDJJT,,0O7Y22T1TDGNN
CUS0000014,DE,PL9EKA024SCOSS3,QM1H8OJRJE,,S2H3TZR6852FC1UQBFOBRCL472RL1,,4W0VUG
CUS0000015,IN,SZ9C3FUQUHZ6A830DM7X52DNR,,,,,BPKT9A
CUS0000016,FR,3HJ5S6R044P39,6IER0V6RAS,,,,5J284WV98Y3UMPY
CUS0000017,IN,,4YYJ5CI6VG,,,,AJ0JE4QVZFV8
CUS0000018,FR,,,,,,EPSOF1GG2KTBCU
CUS0000019,US,1JP70LKLFYP5JO3Q3QA3S,,E2WT1Q3TMY,,,SSBZRAD5SO
CUS0000020,DE,QIGCT2CXIFSU0LMI,,,,,KQ4SVH3EJ
CUS0000021,IN,,,,,,FZAQ8H3XQY
CUS0000022,DE,4B9UOE3T0HICCT5HG,Y3X80J0G50,,,,22PXGX8W
CUS0000023,US,H3FNBDVPINE9NNOV,,RJI8QLHBI,UBLQDI07HE42X6G26OC7T3BD4,,52EFUJ
CUS0000024,US,9UY7S361GH9N12O0V3Z0GU1UQXJ4E,F1GXI9D99V,0W1DSTWG6,OGW9XHRO199BRBLRTVWALJZEJBF7NY03VKXTUFDJ,,FR21520RN6HW1HS
CUS0000025,FR,COZDANTNIQSUHA51LIY,,,WEZC1B3EU1Z0SHZBUK3XF1GP1Z7FZTVOVKE6H76MWWJPG,,JEL532UUJ2E42T
CUS0000026,DE,6ET32CDXSEF6Y39C2MU46,2GVF6LCP22,,KXXSY0VDVEVG9YSQJVFJWTZIFT9YVI7F16XBXTLNV5MOIJESG,,CVIYJKLK2C0XP
CUS0000027,FR,O8PT4MX23SY670KMIQD4X9G7,,,R26J1FO2WB0DZ6XPYFXO,,VJICS4I42AFBQNJ
CUS0000028,FR,PTHDP03EH58B6PJS1AW,LF7XE78669,,CYXQBWEWPGVICW8VL34LIE3CSMCMCUT6Z84QCMSW,,VRHX1Z2YVL55X7R
CUS0000029,US,1L8SUGFUST21,W2CW1RDEZX,BJ2CIEPXXY,,,XX2EI7XZURPH
CUS0000030,US,7Y9HQQ2NS5MHIE2L2FUWE98ST,,X6OHMIP5BX,39IFETZ4700EIUE237WI9LI16DH7JTKKU,,SFQM9RIT8F6KJ
CUS0000031,IN,VCBFCQN0B58ST4PZT3EDK2043NVJU,,,ZIX69GUP3HR2PJGDSY0PKUUMK5635T5B,,PNWDDS54S8AG
CUS0000032,FR,XZXCZD9MX9SEY629RH,ZXV9XJM6Z6,,IV473J6IUUKZ,,V6685T4BX
CUS0000033,DE,TB4QOD4K7YJPCHMB2U0J0N0,,,,,I7N9U
CUS0000034,FR,L38V8WQ4MPR9TOTSN5U4,SH8YZWJSCS,,,,Q4NM8R9RIGPPD7O
CUS0000035,IN,V4GIA9K044MSUSDFO8CL0LC,,,LSCATGVS3875I63RMHVK3QLAVSMLZ16UFZGLI4UPA,,VTAQXPDH3
CUS0000036,DE,THSXOOI4J3X0948NPF727XEHD9,,,JKU72HN5F62D3I603D93TBZQANEC1WE8DE4CS0LI0XY2,,F8IWHL8Z7IO
CUS0000037,US,3818YOP3WJRMHC0BPNE,2DPCZ2O8ND,6SOUUPTJ7O,D9L195DWY7U00JTYL84POTJ3D90,,YPQNVF2
CUS0000038,DE,DRYCEM9N4NVTANMH,,,,,ZP9USY38
CUS0000039,DE,653G4UNXU0COJBQ90SJMV,59VQ553KWK,,5L8D7CEDA0IOEJAN63XD45BA890AB7R8SB61LGG7JPM7,,FXZ3POTFCFZ
CUS0000040,FR,DAKF51VG7CON4RCER8CLUBNJZ,,,PY8VYIF6WDG1OEVZUBR25OW9Y1LYFSPEFRJYJYUXGFAT2X,,L12996
CUS0000041,FR,W9FUYAS0YF9P,,,KIRTR5JEK1R0T4EXQP5M3GITAZVYV2V1IT,,4ULZUS5P
CUS0000042,DE,XHM8L9B3N2SE05ITPQJ1YE,Z8608CX8FG,,,,CZV1GAGQO679O2X
CUS0000043,FR,6JWB4GS0FHJWTV3N74W4G22UETCH,GKP7L9KV91,,,,L1ZBM21
CUS0000044,FR,NREG8LXUM3HQ57UY,,,W3LTFIUHPTHLXJ6Y0IY1L58L9K5SILU2,,5IMY9
CUS0000045,FR,025KFBOSCRO8SK3596HHR8X8C,,,1GPTC2QWF2HPNW1KINNDW8R,,SR6GI0DRI
CUS0000046,IN,PZ5JR0Y2EFZ6RX35UAF3,,,,,N1N5RUSV9I5
CUS0000047,DE,,,,3BHK23A1MITKRFXQFXKDZTO1FGAN4EIO72AAVH1I4EOYFGGUXT,,JE7AK2W
CUS0000048,IN,02NFGIHYW1UIPR,,,SBTN76MZSDP5YHP5E7AXUIY0X8L4EBEAQNCDZ6S601ZF88JR,,J8UZET1P
CUS0000049,US,H3DTLHAIAK5W77QKXIRHBV1,QE536XD5KX,QGHO6ACAPC,JLC90OUP0UREXH6DLO7CZE3STUF93AXMST,,5M8PJA0BO8
CUS0000050,DE,VAYTGN7P05,,,,,O70X3
CUS0000051,US,IZED1IPSQUZUU2ROEMIGJGK23U,N2T3QHFKTC,UJFPWZ6DTQ,,,99PG3GIHADOI
CUS0000052,IN,,QEBEM2IFVH,,DK1Z5BY1LWNLRR2JCPS5094DFRYI0M7P8BYW485,,YRLBUOBRD4
CUS0000053,DE,KGPPR8DOYWLLPUWBW,,,M58TL5CFDOOB74AVMIVLUDBJJH7XEXZGVTUIK15UL9WOLY,,LAZCLUO
CUS0000054,US,,PWUKFV2AQN,EWQGADY20K,,,YG4OK2ECSBUQG
CUS0000055,US,KE9FV4B1K1KDGVNM098QST,Z95JDXA1FS,MGBNKSF4HTZ4,F8YLXYXL2CQ23QORDJGFW80O9D,,84P4TFZC67J
CUS0000056,US,,NMIC1F1MJQ,EFY9Z9UR73A,,,H0JJGGGS8W0
CUS0000057,DE,4CLRZJZCZVPD4RXBVTTR5GOIT,,,R0FM2N057XD6KET6ZI7BLMMDPC3DXM,,ZHBPX52L49WWK
CUS0000058,DE,SBYDKNOONR06,4ILAOQTR1Y,,,,7ZGA6X9ST
CUS0000059,US,RURQTMJ7PDZUIB5SQ0ZY,,VO84W6TK9L,IQ9LVFOWOT0VXQS3H4DE4M6HY7T0DJIMV03JULF5,,DA2RNKK5FI
CUS0000060,FR,14YAC8MXAU7MBAPOWTIGY6,,,TS377V1IV5WM,,BOOINB6KHXC
CUS0000061,FR,,DGBDH02YH9,,NAT0G7RI0G6HSHG5MMQ,,0SKC95N4VP
CUS0000062,US,H5JF6EGQO3SQ,LCSXU1HGCA,KVW2RFXVLH,RY40KHIDKG042LYWBI45H02CEQUA7OV77G1P4WY,,DAK645KE5UPVRD
CUS0000063,IN,ZPF322F52UH5BGZ0C99AFT,,,VXDO3V94X2HGOAVWS97XGCK5I0GQMMHZN3MVG0C,,H236I5A7D9146L
CUS0000064,IN,GYU6Y0PRZVS2II,9U9NMNSWIL,,UHW9408S1A7GBYJDDMRKSQJDSN8CW2G9O9YP6SDYY0U9DAQM2O,,X8MMS2LELL6HYC1
CUS0000065,DE,KQAV3JCJUDT59W,7OL7E6K088,,ONVVXSN749AHW2PPCUYHYQ8SB7X6625C,,6FGK88AENN
CUS0000066,FR,,EJB3VCFEDL,,,,Q0Y2Z1UB
CUS0000067,FR,AECEW6GSTFS2YZB4K8OIZ8SJTXA,,,CAZ89FTNWN06JKLOQ,,D939ESEQGM5VWI
CUS0000068,IN,EMU52VTJXU1KAUPO1RXIV432WT59G,RI8MQEEB6B,,,,C9Q884JX
CUS0000069,FR,SI366FZX6APK6I2KLJ4WCO5OEQXO,7XY43CCUG7,,,,8LYYXE7QYO7ZWW
CUS0000070,FR,A6I2KOE6RNJLKXHO0VH444NK0BPCI,,,6CJDKQL7ZBSFN244KO0JL6QKV3EOYYIGBM760JGL4C86HF4I8A,,170XC71O4YWG1IQ
CUS0000071,FR,S80QMAA7H7AY,,,,,1QQ81XR
CUS0000072,FR,994LX994QTWZIHO2KGN6ZV9,,,,,AFJ41FEQOXFCYZ7
CUS0000073,DE,DL52AM7SMC67OKCXPAKFRZWZZM7AE,,,WWROM3ZAQL06G9E6SVH6Q8Q2Y4PV33B4HQEYOOU0W78AQ,,VE9L4UWNRLM5MPP
CUS0000074,DE,PWJGHF5A8C4XU5R5,ZOID7148C6,,3H73UAANYGUXQL9QPR4VX,,XXZR2LIOGRP
CUS0000075,FR,,4AL05I78U5,,DZGKDNQ4G2VQXX99QWB0HWM8LSWU652FYS3JKV0ZEFKVO,,ZR2X720KL
CUS0000076,US,QFNKZGGE49DBZ7FGQ,,YTOPS2II7,,,438R92I8L3
CUS0000077,FR,8TW48OF2TX0QJTAA7IWS48A54TA1SO,,,091ZPKYYOQF1P7RS8R0MEL,,2R5MUBJD8BLG
CUS0000078,DE,AOFJA5NV0T5X3CVFJDRZE84L,YAHPY2PCM3,,,,4YTUKC97
CUS0000079,US,TMXDNHP1UAKRHZPAC4JXFPK5FVDDWJ,,I5OU9W2MB,,,529S8
CUS0000080,FR,8WU3R9KE7J2SQ8X,LBXPUE8YM7,,,,U0UHG7ECI
CUS0000081,IN,,MGCY57QDXO,,,,5F3DX90X
CUS0000082,US,,ETEN7GGO8Y,M7PL990GW3,,,9Z6VK82
CUS0000083,DE,,,,,,1UP8NY9QX22ZACS
CUS0000084,US,ATONUBR969JGC3WJIQX,,OQTFZNEU4L,GTCYFDVW10HOAYDT7CU8JU6OJDZ26FO1SZJIVF4D9ZQFZ6,,49M5ZM9
CUS0000085,IN,1UFH01XWMUWBTKW2J2,MXJFHDPJSA,,T24BVN8NN87Q94JBY,,QKDSM
CUS0000086,DE,AEYRXGBSYOY6GU58FLM639BCP7TV5Z,,,WTP6RDQYB9ROJVZIFY7O0PJ1TV28INI8,,T7I1JKU
CUS0000087,US,LUJBU00T2RJMG,ROOOBWF4I6,XLY54IKMOC0A,,,MNEL25U3P1ZCYUZ
CUS0000088,US,3CP78ZC9Y7DMS2ZTS3K1SD7J,F6HL8IZ0U2,L3M3FQUKH,XF7Y6KY9YCKVJKJLD0TT2SLHIMAQA3558A5PN4,,AP9R9NDLJDWCJC
CUS0000089,DE,DG0LKS9L3XCF,,,E19ES4IHRV707NNDG7F4S1UQ7WI5755LOS,,3HN00
CUS0000090,US,NAMSQETT69UAHVVZBLMVV44CI4J,,30D7TU98BNV,,,RBVY8KY
CUS0000091,IN,UCR0F5PX2TN7TLHXCMF,46JMV47TUJ,,,,INC3Y7HATCFV3
CUS0000092,US,BTNUMMSR8U2HRJKRHA9,,8W9URJSPKE,82DIB4DGYDF1ZL2WTVM8F3IF3G3T34O,,QXZLVU35BE4HW4
CUS0000093,FR,,I6GZGU9ET8,,0PP9K4YEVN11V8PLE5H3U9G2LTZEGYU5DFNIAJJ28SY2MNU,,T1WFA6ZISDX9DA9
CUS0000094,DE,BP1ZUYZY18NL4IM9YX0,IAEBJ51IFI,,,,1L36192YWOL1A5
CUS0000095,IN,08XCC4XH4FJ7R37F7F,8TDV8A4364,,0WSSKCTQD4KDSBS5FI6ERQIRRQAHLJ2,,5L7CVFJJ
CUS0000096,FR,YP2KNWDQHDK3Z4T48OYY4QJ,,,2YU7CG8W1RVRRGQZ3PM7VLU9AAEA,,2WOSQMCBFDNHHFI
CUS0000097,FR,LHLQS3E3R1UQKERDYYVDQQL2E5MZL5,NG2QGCEEQ2,,JACYRJVZA6541ZE8OAY4H8WVTZDFX8VF3SML9CYMT,,W5F2MICMBP5YE8T
CUS0000098,FR,BCVDVCZHN738JOECJ5B4CPIA,TG3KEGH5OE,,,,ZUH8IUNCLVEHRJ0
CUS0000099,IN,K2PCIGYKB5FAALFS04INJR720PL,,,5FTW0A9PMH7GX86O3NRDM,,5LKCDXSN1QV3
CUS0000100,US,8LKB56HEP2U,OHUOGP0MYO,45D1JN3LY,MWRMVICDRIH330KVOSKK9OF075N43RA1PPU1OJA,,6C17Z4G25PF9
CUS0000101,US,NIWSPFB4TK3B33IZLX3AEYV,,1R8NFVD6XDH,CXXL9E9NIVP8H4NOUWR61RDEXW2567H488S2XEM,,ZLSEGK
CUS0000102,DE,5JN7BS08I4W02B,BO7V0VU579,,ITKQO4XSDJWS3KK8SLLJKPHCUI2QX,,UWJX2
CUS0000103,IN,BZ5J3UJA86VS4,,,,,J2VH4CI9HTBZO2W
CUS0000104,US,M7ORMBF82F6ZM5U6DXZJ1XYXASWWT,,N202SK10I,,,47VEYFA0R
CUS0000105,FR,IMLYS95CTT593OBAJQT4HS0L,BHR5EX41Q4,,,,BQKDJU3IWKDRX0
CUS0000106,DE,7E6MLGK8UUTRXG8WJAI,,,0VKGNJ6OM9789H03EHIB4WTXI27VLTBHOIJOTINIF,,EB41CM
CUS0000107,US,D4HQCETAGHNMLWBFJRWWK6P6EG,,7NMSK8AGN,,,L2GLWY1N6O0HUH
CUS0000108,FR,5XS9CFU5HYS3T2,S1ME4XLA5G,,FHJZZGKEXMVMZHO15RRZW4Z56RJ3GHQ55OIBGDE5BLY,,GE753MS55
CUS0000109,DE,8BC1HY2UY23CCL9TK51ITY5H598,,,6DZQ5YWSUDBCIXWBVYG1,,DPPPTFETHV
CUS0000110,IN,C3160RB4BUYYUG5GNV56,,,,,M5E8NSQDTZO
CUS0000111,US,GVRE741NWET6T18UM0ZQ639LB7L5,R81D7MX3JP,T10UEN0RSK,PZPHJMBPT35911CMKRIBQR9LC5BDFUTE0XFZIPH6H77Q5FPH,,YP1NJGLNR20QD5
CUS0000112,DE,U814PRJX4XTBC,,,,,PQ9YTXH8P2YAZQT
CUS0000113,US,,,NK2U0CRF540,,,KQ6EW0
CUS0000114,DE,DL2IAZMTUF,7I0U24IQLU,,,,ZYOBB9O
CUS0000115,US,,DZ1QJFXKHA,35HONMRS5YI1,,,M0L0JBSQP
CUS0000116,FR,,FA4IUZNY1Q,,DDVP4WCAQ6YTZXI9CLQK65V3IFU71JQHUCI5RX1SQQ7U1,,J92DMJDOLC4Q
CUS0000117,IN,H5C2W9535HJHWFNSLK6RNA7,,,P5GVBSHZXGUJBF,,3RAVC2UINDSU
CUS0000118,US,YFZQLPZFBNKYZSJHT51TIWGX6M5,4R1F1XL11F,6V3OJ577F,F4TJITP71SD9EC6G610G3QWQF6BH3LLZCF0TU,,2QVLNLFQG18BAZH
CUS0000119,US,3Z5TXZTFIIAMHBMBN4JP18MFT,,41BHKJ254B,,,ZDVAG1059SC5Z5
CUS0000120,FR,7B1U9ER04H5,,,,,SM4W2O6
CUS0000121,IN,3ISY0X4KNSF4ILMK5G05,9DBWQWKL6C,,,,H9O5QVWC
CUS0000122,DE,,,,,,23HGG
CUS0000123,US,HNXKS265GJXVIHM,AP4VS6KFRX,XPJ70OI10037,,,A7EFVUZ
CUS0000124,IN,CJD7S0Z9TUWAR7JZ2N82WZ,,,,,I78SNF69T7V
CUS0000125,IN,QPT16HDXQ6WHDH2TA3VP8OWTSIY,,,7MX3GJ10FFD1I4N2EX7Z97ZQ51250K,,I67HN34CK9XH
CUS0000126,FR,SC7JHXTXTS5BJJ0DTSNL5,EC04T2VY4I,,,,2JUF0YOZV8C2
CUS0000127,DE,BT9H9FM8D7M46BH,,,RNP2F8UZC5B,,7UYQF
CUS0000128,US,,,JLQFJT0KDUL,TYGUJ0UQYHDMP,,66YHRDU390E4
CUS0000129,US,BR9GP9IT02F6NJX8K,,92CA3SKAD4RQ,,,N6SCK8ETFZHI9R1
CUS0000130,IN,VQ2RPUVN3VBIA4AAL095,,,8B2HWYWYLAH3XM,,RWMFT
CUS0000131,IN,XCR5NAMZHR65K9MLEIEIQO7RM,,,Q93A1DU10RH735X7CODR082UAZMVFBO1EPMKVTEGB41B,,QPG4PVDV7P
CUS0000132,US,2G2HFDCYUEID2DT1EGD9DSYZG0OA3,GVB37VMGGA,MI6QW042L,DIT16WT8JJ4T,,7JDP6
CUS0000133,US,MMEVM43VVT0VKG3C,OO3NP4VYNZ,AXAEWB9HJS,XCBMMSLOQLV9PLMBLQGBIYHVNT3PXXK71EHJIMM8YXU1PCM8SJ,,I65NF4EK6
CUS0000134,FR,6X573LUX7454RZCNOM2PZNT1YKXQ9F,S27WOC36V1,,0X5URYBL2OQEWFS668FROGHEXC8MVMVQTRMI8,,SWZZA46JZ
CUS0000135,IN,4O7933VFUM10N229,ITA5WVO01Z,,,,BCIJVZYNZE8YM4
CUS0000136,US,TFKG9LC5BLMEYSNOS7E3DX7A,ZKHI804EYN,NT14KTM63R,2EZP7V533CFS3WTZL0P,,3YLGZCPKR8S
CUS0000137,US,509HXEG6U02KQN6C,3YVZMZCAQH,U353EF9P2I,KKBGLSH8ZKEARJ2WLNC8N2D7GYT,,YMPXP
CUS0000138,IN,BAVMEOGKKC06GUU9MN8Z1HO,ULAZUAYN3O,,XCEN0T5G8KQGUYIVLU4EVB2Y6O6,,BHTP1PFD
CUS0000139,IN,MJYNCP2VIRUC70SBOVV,POY7UL2AE5,,DJNIFL9NP6F13TKMP1LPTS,,R4FXZYK4
CUS0000140,FR,1J4BY1FT8J9LQY3T3SY94EVI4MJMA,5Z0ZXY5TE0,,,,KM1QW65XDY1PP4
CUS0000141,US,,JQ3JQPKAHF,ZF7M1K1QT68Y,FGWJRNZTAK5AGE070S1KLXLIM5L6H2NLMDLM,,2GKFSFYHREV
CUS0000142,US,5GADRACGN7AY7R54V1VXVUPXZ,WVGA3ZIBH7,PX2460MAUBX,,,2O5ZFW14GYSMJ76
CUS0000143,US,T93K2H48PPNK,,G1BKUYROQ,,,I85FVOEVYY91OOQ
CUS0000144,US,FVMHXIUYATD8M,,UXI7OGZA83UJ,,,3JSJCUT6HR4N5SY
CUS0000145,US,,ODL5ZTKB9Z,14WZZE7SSM9,UDT3KI24SJNNMAXGJY,,DGW4LDH
CUS0000146,DE,ZPCHPZ5TLYF3YR,,,HHFH56OB4R,,LY41TIGUE8LZBZ
CUS0000147,FR,8HNHLLA92UHCINKF9QCFH6TX8K1A,7S82I5U7W8,,CPCMJTNI9NWRI1E9,,Z3FQ1J8
CUS0000148,IN,MX6K0JU1YBPERH8H90,XVRJORAGYO,,HL7T5G7WS9RGDKUY,,89Z4IQA6JIJYRDX
CUS0000149,IN,3L2W36SR17OTFT0UFFEPFKD,95A16I4568,,,,18WP7
CUS0000150,US,7OLEXI6WD15YKXH,8HST4SQNAZ,T6C35DWA3V,AWLZWAG15MF76J0H,,QO4ZXTX1L8RG22K
CUS0000151,IN,AWMHMSCIZ0VCKM4RH0595IU,,,,,IHGBIJW6APD
CUS0000152,DE,A14SS5F1PJ6LPRHQP1M4G6LMJOHIZ,J1BMFDY07T,,,,4D61DTHRXRW
CUS0000153,FR,LCADUNS4RG1,XVTHGA9IVX,,,,XPRNYFGIHCMM2
CUS0000154,US,VT4M8JCIM09Q9WX2H1E4076BKRI,MZ586EK26Y,ZRNLAKNA6367,SR9HKOC8PSCJRIRDPN8HAWXU,,QI0SUDAWORLQB
CUS0000155,US,Q9N2OURNZJ2O1XJ4F5L3LL,LSBTKLZMEJ,1P3ZG7IAG,HACIPFRJAAG,,MI42KT
CUS0000156,DE,D8R8HBCG8SG60JAOB,JWSOYH5KHO,,WEVHXFCJL17VL1JTSWGR5XQEAJJU,,EH1RJFUILYWU
CUS0000157,FR,VIPY09588588OYF07OFPXAN,,,4IHDWXIS3J90PNODIHJYB1XDGE4KBJXJFPEA0JL4I7T40,,ASHJDCL6KAZ139Q
CUS0000158,DE,KRF7YINZDOZL9E34UZYKDX1,GEXVBPSK8G,,ATM9MCPRFC4CDUFTAWSZ6MUZWIGV06G6JBY4CSKJ3FFONJK6,,7V2IVSX1CYPNEJ5
CUS0000159,US,,9F5G3UKSKE,XWFEL3Q4Q2I,,,SZ0I2X6UXF
CUS0000160,FR,CDP9AJGSYKZEOY3FW3,GFLGZ1MZVE,,5N4HR3C8J4JNUCYDX14NDNB1RQLFJERZFT207NQLDF1VTKMW,,K1WYA9MEJUUAJ
CUS0000161,FR,,H0Q7A2I2GC,,08KYNWNMAXXBTT6H5300WW,,HL31XL9K81
CUS0000162,FR,SGFGFB0G58G26CS0NO39YHM,,,,,0ZAXO6SRQT0P
CUS0000163,US,,BJX7UVK1P9,MZD1IYLZU7K1,6HZQ9KUNFFB1AJB8FY,,WLPOTM8PYQDR
CUS0000164,US,,,H3HGJSQLF,NZG5B0E5EN0YU2KLTALCHVW48AK7QHMB8,,NXHNBUI
CUS0000165,IN,RR4MFW9S3516ZM,RZGTKN5121,,UGY1MWXE2KC6Q0S7WZBHLU1LWPE,,UHAUAVN
CUS0000166,FR,O9EYSN7NG9RE01UUMMD5,0HH2KUYPBS,,A3SIZC87CVBE4G0TRUWZF9U5DZT35HXGBODAIGU1OKFMX8,,QCHDT
CUS0000167,US,YRKI3HIUJ02H77P45RU4OFQSFW9PN,,5DNAN3YM5,76UT3J6GIOXY26MZMER1KTG,,PB3LRB
CUS0000168,FR,WQH9FW1NJZ616VD2RXGDY1MS,R7571GDPHO,,RPE8GROZZZGO,,5NKNWSSAG
CUS0000169,IN,4TPKUEKLV3JA41VBLQEKAW4A5P4HC,,,O76KJGGTV25W8Q5QX3AWTV74HR7B,,JW5BP1XN
CUS0000170,US,GR827LQWVZ0RTMC7VH13WS,5J3J7S9KT5,ESA3CNSHD5T,ADQIWS69JFRJM1FSOC4WPY1ZGQTTL1UI,,09MTTFT
CUS0000171,FR,1GI72U6W3W13003B9B0FIT,,,I8SDZIZA373DFDRGVGS4VDH6DN7J95IOJ,,5MHEA
CUS0000172,IN,7GPNG4B62ZDHT,P8Q2H1JBLJ,,,,M44SSG5XRZYG3
CUS0000173,FR,,3HYATC2CWI,,RAKW66NW7Y6ELJWV3IRTZE4Y4L67QIUWZECBKOG,,4UOPGLY0EDQHCE2
CUS0000174,DE,LUG2YI9MMQ,OMK17MFBGN,,AX08EVL75MN46WW9IE,,FI7TGH
CUS0000175,FR,8VBOSQYWEKSE8P76TZD8H4QBCV0QM,IN9VDP5ECW,,,,F94IRCGC56OW14
CUS0000176,DE,BDBM8YB94DYYI119I,XWMV1DPOFA,,CAPDEDI2LSCUWPSIZ4HEEQ8N5WO2TX9SP7RU86GDW05R,,OT9NHXJCP23HB
CUS0000177,FR,,TFDRY5BYY2,,YL18DTC8WBVQNBV11DG9YS8,,7QKY3PIARRFP8S
CUS0000178,DE,RXRQAHTUQL2,A3CW49N0DF,,9UE2LQRQ5IOLJDOHCL62UC9ODQQBW8CPWGE62H6EPNUX0E1SJ,,V0X4SBKXCS
CUS0000179,IN,,U66WNYCJYF,,,,6908H7D4772URM
CUS0000180,DE,,O3UHP20XFW,,X4O20OI8P0IQSV,,6J5ML3AKH0Q
CUS0000181,FR,C1BKEI67Y1WIZ9,HVVGCEW202,,,,L6FJAX3
CUS0000182,FR,6RGOT5VD7761SUY,JCN17RUGWS,,R52OKSQGORJGN96KBC88MA5BXNS1,,SHH215QFIRHW
CUS0000183,US,EUK6VR36EUC1G7UM9,,APIYOMQ4J,5SIMF7NA1E59NLC0QYPW4,,OS55ZW84S
CUS0000184,US,02UP1HL3UHWZI450PBS,0D9UQU0Z21,QDR5OVCT20OK,HVI8BBYFVW9ED7NX8MK8ZOSKXV0N9PACB7G6Z5CKSTBOPCRHYZ,,FEE60BA8J
CUS0000185,US,MTU16BTR3MGQ4YS1FO09R4,YB5ZX8G2OB,O2X4GTVJFG9K,PFJZ47OD5Q0TVJCU0ARN9585UPU3469FG1EYIAK7H,,C15K75
CUS0000186,IN,0ZASH1SR7UXKJS7NX7Q43NVIK74,LJ4EATMMG8,,D3KEW9OWAMRS1TXZ,,MEJGNRLQGI7YVR4
CUS0000187,IN,NFJJK4AUEDI6214UT,,,ZYY4WT7U7FNKRJ1925QH91WLBX3W1N9MYXLAM2X7MATVG,,ARCR4ZCQRDB43
CUS0000188,FR,8GCXBJLIF0HD2DUG8RMBVUKX7AZ0DE,RFL2CRM60L,,,,R9WHV3F3F
CUS0000189,US,,LUBKANX3FP,MITDYSLRIU0,RMLSQ2QF5WXW72KCYJ8N1W,,NV69RF6NQ
CUS0000190,IN,H7L4I3UXYCU,,,,,4VVGLWTK38L
CUS0000191,US,31Z4PQXV4ZTCO6G01RZBK6KT7MIIV,,FTJW3ZK3A,,,FLPN1FPJ9
CUS0000192,DE,WG49ZN4Y3PGYIUI,S1Z8EW5BOL,,,,ZEOI5
CUS0000193,IN,1FVYL1JSTY4CQ0LKZ7G,WGZAKUI6Y3,,1DT1QH26X4V8XHL18YFJAVQM631D3SCH53X,,Q1VSB8RLSW
CUS0000194,FR,TCHWC8ZPLF8GIJ51RW3P,,,,,3CEUXCJGY6FVT1
CUS0000195,FR,F1HMQT68PDX4N1RLR6,,,,,A0NB0IRR3
CUS0000196,DE,BUOES30V8Y49AVVUW,,,N8KYQZCF59WFN7XTSU23BJKW10BS95PY8IYHGZNNH,,Z90WN0R
CUS0000197,DE,GU688ZOZ53S2KLZSA8V3LGY000MBOI,,,0BUPK4FXBY96MK3,,4MUISEB
CUS0000198,IN,P2PL36HVKP3EAC074YE0Q8H8,,,SZCXZ621HGJQH,,VJP4NQGVE35PQVS
CUS0000199,FR,QRCIJ7SBOXXSTKT42SJIJSYQ,,,TJAQX67Z4KWJ6U7XY5K74L4,,VOTNOJ
CUS0000200,DE,MW53A7OMXCZGV,,,8FD27PPQLPO3LCR9RFMEI7TDNOP43G8DUEM4H2F4MG8N,,1H2M3
CUS0000201,US,R5LV646STQ8PVR96T2HL5AU,,5KLE1TG2V8LM,,,TU74GTNJUKMZK
CUS0000202,IN,U740ROQ4TXJTVWU,Z0AZD0WI3R,,NQSXBU1YU99MN62RGEPKU4,,Y5PRY
CUS0000203,US,VR8X2SH4IEU0JJTM9F2PU8Q97SBIEU,,2NLU3O3XVMQ,IH01Z5D7D6X,,6U85S
CUS0000204,DE,F9H8K6F3ME1R,VELV371BZS,,BAOU1JQOU83MWJMJNTLGB8CI8WEUUONMTK,,WBI2HYB2
CUS0000205,IN,2ZMNYHFL67HKNH5WU0MNF6X4,3BAY0ZGWXT,,,,OFY4BRUCJ
CUS0000206,IN,I7JI4CDNSX,,,,,JLXHKB5NTZXQU
CUS0000207,US,B4CJ0C8Y7KKGAWOF0EH4,82IAT44QIU,G45MIO6IJOF,,,GPOQLTV377RIU1
CUS0000208,DE,CYDMLAJCPKZUA44WMZ2N3Q82HR6V,QV593GV7QE,,,,IGO3HH9SIWT21
CUS0000209,US,,,Z6MJOBMW7J,7D8X8O7KXKGKOJ81MRDZSY7043UITAEQ9TNED0IJ4KP,,ZMPWEORIZHJ
CUS0000210,IN,UAH7T7G4O2TH83JEVR,,,H31K5SO7GFXP510DGRRQ6V0QWF,,P5O1RG59Y7YC
CUS0000211,US,GGHPX0ZCW237CZ1BNLBVGS0B3QWWWP,U3QKN99UZW,5FVW8OUTGF,,,YMQ5WV2
CUS0000212,DE,UBHMT69S98LZEMF,QJV8WZIYGS,,,,2CP9JRB5
CUS0000213,IN,,,,2NJASPB42099M0L7ZYQXQ1XX,,8WEIUP8IG6
CUS0000214,FR,OW9O3RD3251EK,9DW4JEWERQ,,,,1IZN2T8TVO60
CUS0000215,IN,UADWHEE70KMPLLB5HVFGZY0Y4IVL,L1Q5FLQZMO,,FV2G7QBD9DXGKA7AAUYTBXELM5L8NWGJXL2L6J2BC8HTSGWL7K,,JV39Y2H9EVPXJP
CUS0000216,FR,CWD4G7FU787Z8MSUI2MS1Z,5B5GU94YT5,,,,7CMFT
CUS0000217,IN,8BDTYMW8D16,,,CNG3LOUEN5NACYNHSAPVLYOXZCJJPQ1TN,,0A00YRM5Q
CUS0000218,US,C2IOEHHK5EL8UKQZS8SSQG,,MF95MI7C44GH,LFEP1X2J2C6MNUCAJVQLW3MDZYJS6EOLMV,,EP7S9KJ9UDHE
CUS0000219,FR,KUXCJGOAYA,,,,,C8EB4YSY
CUS0000220,FR,,QW34J38XOJ,,YQKXB1TJC308OZIWNZ003,,3XVUZI7NPNM
CUS0000221,IN,,,,,,XTNZJ4G82T0
CUS0000222,US,9KY71L2BNYLRJZMJ0U3P,,5U7CGEFBAD,UWMJNTEXU24VLST,,K0H80K9
CUS0000223,FR,PHJ2GCIY4Y4KBX2L2B,,,,,XELITZ
CUS0000224,IN,USFW5B0KXQM6R7B5,DPTQ21VCR3,,,,ABTYM4YYCRYVX6
CUS0000225,FR,IWQ9M5SRF2FU6HBIGPEL,PFEAAVEJ3V,,,,MFLFFA1
CUS0000226,IN,YU7M4M5L4SD2,FLMQJ8MHEM,,OKZS06SN1QWP7AQSKEDE5WD1F2AFUX,,QU2W4X
CUS0000227,FR,U8MOKCW033UZ332JJY0BIUYJZ,LJLNGBZ4JR,,5ZKT9ROM551,,DWGEU4SJP75N
CUS0000228,FR,KVT1HI7SVXIX4EB2X0P,OU4R9VVMIU,,,,PP54BU6GYJUF75
CUS0000229,FR,E2YMRJXD4POAUW49JR,,,8MMHSDM76SPY1ATQNJSBB0FX3J2Y9K,,R3RM3S
CUS0000230,IN,BHDU94XJUY9B1UZLUCSU,,,DI5EEIJG7KPFXWVF0VE5Z8D70ZJ9FN2KHQOPD9BDO4,,JI6UUYZB
CUS0000231,DE,9ECMCNO5AWFX6KZNJ8ASR9X,,,QVMUQZHS2B26ZNLHCYGNMT,,TX3DOQN6BTANLV
CUS0000232,IN,U3ZK549SPEGABDARAT2YKG,M1XER0BTCH,,3NHB4LAHFP39RRB4EJNEZYBC51,,CERS4
CUS0000233,IN,,MP2AC195OD,,X348KXX98JUW0LZ,,J580X1FQI
CUS0000234,DE,,,,KCV6JV8KINZF0H68C7GAQ9KOV5HUX9Z7ZOW0GO3JMA6G,,PZTN8GMBB
CUS0000235,US,LEEQ2H1WZATVYXNT,C5C5UWBQ4Y,1W5BYC5F4,FPG3YVP4CUT92N0,,B62E6L3RY8DQH7
CUS0000236,FR,SKCSV1HJEM45PAYLYCTLOV5O,,,,,IIB25X1
CUS0000237,US,8G04CR191EEFQW4Z6PIHB,M28X9Q4EL0,9COMJTIZA,AH7R7ATIUP4NM444NGLY98EJI6JE46EKP0XOQ0D1CU,,XZ2OI460KP7S5E1
CUS0000238,US,FJCXRZR3VT8UT465Y9I4VF5V87E,RS6OUUPMWT,V70RQ1MISM,,,N37LHSPNVL
CUS0000239,FR,4R38VJQEQHY9ZAEMQ539R6,,,15G41YUHILHXD,,98RIG1
CUS0000240,IN,DAHVRS1POOR9WPJB9UOKYN8BKFR5,0OP3KLORGA,,1Y2NOGF022JYYB8RN517VUB56Y2NX,,YKZNNUWZRPSOY4B
CUS0000241,IN,2BYWXYB5121F,ORXQ4KKO77,,,,DOFKF9DQF7
CUS0000242,DE,J1RLO0TK7EOFDLS941K,EEGRL8H39X,,,,AUKR6B66
CUS0000243,US,D4JIPXR3P3LHPKC,IAS375Z98Z,7WZQ70K65ICN,TH0YYTXBU5MBN1J2ITZPJBO2Q5Z33XN3I,,GSXDW3Y
CUS0000244,FR,W694C4EWVMT6KAGJ9RD,7XB2ZV3WUS,,H2516C96EJYV2RJJMFYRZOCCTAIM0M0J19QNAEKCQ4E,,5HF3VX4
CUS0000245,DE,VU7J7RPOB14RV6T5ZDTQGJ9OOP3,,,,,Z0VTFPK4EUD
CUS0000246,FR,J04BVXHTP55ZNZ1PSPKVKUY,,,AJ815FJDA4LCISX,,FCKTVGCFCA
CUS0000247,IN,5GRS7ESIE3QK6G5OSCZVK4,,,TSZ0PTUNP3JJCFDHJG2IJESVUP410H9TN4CXKZMWED,,YL53ZU2IU
CUS0000248,FR,LAKQ0F5VJCIP65RML0CAXVXVAG46,V6R7Z7M1C3,,,,CSVB0E403OUO
CUS0000249,FR,COQZQA7OCO2PZA1DER880B6TD5N89S,,,,,L8MA1FVP4B
CUS0000250,US,KSQ0K1NKXGST89EEJH,,PERLH2VH6,,,4RFWFW
CUS0000251,IN,8QBFEKJVK78M4WBV,,,,,NKM4EO593YU
CUS0000252,DE,C2MAWBXV0AU,,,79HI4599VHCUPT81,,TIQYJ
CUS0000253,DE,E7XE5TT0BBSULFI7GXHGQVU,,,FODRT98F98T9TGZCT0FVRDI,,AG4C4XZ8GQK9PF
CUS0000254,DE,GB4NIK6P0A7RM59PD1NYM7SWIZ0SRP,,,,,5AHZMQILHPICOP
CUS0000255,US,INRHANHA0GVN2JJHXU0Y7R,JNYWMP55R1,QA13KDD37,HSJSRL1A47E3WTO2MR4YRK4O2IBP5YO96JHR,,R7TZBE
CUS0000256,US,QP97L57AJBU90VA4MLG,,QRMZWGY4MPUC,,,V5O19BEGIO0CN
CUS0000257,FR,G92IONNXGCQA,,,2NFVPHFQ8PC4R8KA5N0VGF6ORA1,,9KBGBRMLKOCL
CUS0000258,IN,,3D2OICHNXT,,,,4YAKXC8
CUS0000259,IN,GFKNEJ0G1OKR797V2K8N21L,,,,,BMZSY83F
CUS0000260,US,DO8H94ZID7L8OI,68EP89FV78,QQV9ILC15,,,F7J2E18F
CUS0000261,DE,VBCABBBFUKFFM4G28X,JWUYH6SSQK,,84S57EJLS6CUY4C613B,,QPYWVFX7R7JZYHP
CUS0000262,FR,6OUXDXTKYC9C4D0NP0,,,,,7LIED
CUS0000263,DE,,,,,,7AQQL945P7MYM
CUS0000264,US,JEJZSK7T0TKBP0IX7,TQF3CYSYKW,SCLZOXV8LSM,,,4YT0RS
CUS0000265,US,XP967LRVI3DVC,SPNNNWM7QU,ZOJGFG373,,,MPFM5NIZUOC0CE
CUS0000266,US,,,UYG36097AALN,,,V0H9I7
CUS0000267,US,V45QSH0ANZXWIDETEH7SG8,Z74VBI0MKK,6JEP2RVV0E,SI780CXBVP5Z,,7GHI1
CUS0000268,US,,,7NXYZFBYJ,,,GLNQVWD1
CUS0000269,IN,5519JN7QSCHPT,,,2MVTP497I0CNOXHDGX2BD6XESSLB2QKZ0YS93F7SJ8X,,PJVGSB6TMLMGLO
CUS0000270,DE,Z9D0B94JZH30B2LNT9O7OUX,,,,,BSAW0HJ1VB9JZ
CUS0000271,DE,1RF9YYW0ENA941,M7UVHQMRZ8,,T6RCBK4OAA61ZYEDHY6MEFMVBDEY7DRFSEUD30L7M20JDXO,,22SZKD2IZ0II
CUS0000272,DE,54YDKEQBZ78Q,MM3OFIUWKM,,G38F3ANKGFKAYHO1P6UI358WYHMN2E8STQD,,UDJZS6CG1RSDP2
CUS0000273,IN,Z48GJ356KLEAK,,,,,GMQ70K8
CUS0000274,DE,2O1O8PH6L8U0BVO2B581ZH34D,PZ7JAXAY8J,,LOWUKFZXAV82GQZJE7LE,,Z3C98RP18S8BKI
CUS0000275,US,,,81Q6SITV69,,,863C2FWLP8Z2
CUS0000276,FR,LB2RYEE3585Y8J165JIU7M5C8U7,PXDRBXYYV3,,HKR8LVXRQL7,,IWSLPI8R
CUS0000277,FR,,8GVZKQFUL8,,,,VYKKZOO
CUS0000278,DE,GO6G9ZXXB57QY9UBU5SQO,H6EH44KDM7,,,,FXNZT
CUS0000279,US,GUUMGNLXN047GP12UCBRJGSF,L3Y7H749DI,ARXIP679WZKI,,,0DU60282RTK
CUS0000280,IN,6VR8V1XUSL6ITHF1VBIA,,,XOOEPIHUUENAUV4C7N19LGSTS77YY,,J5O122S0JAIX
CUS0000281,IN,,7NL8GIMEIM,,,,TFDYAF7P0Q5KN93
CUS0000282,DE,4Z7F3LLW43UQX9R,JCUJF63Y9P,,,,2H4LE3N
CUS0000283,IN,LBULLJN0KG1UETP9,,,UXP8NU9TR0H535OKZSPB,,5HL22ALL2
CUS0000284,US,P375HN5UI97PIJBGIXZD,,CCQ9537662,X6WLP8ZDCMBRTPYFUH3EWKN,,BJKWBF
CUS0000285,DE,6MDMA04FN5FHJZDJJH,303IDHFHHY,,LCHC2IV72PMNCSM1YV,,3T7GJSL
CUS0000286,US,9Z7IVAUIJS,MXWYEANWI5,GO3HJRM1W,XYTINBQEJBJ4D1HXK4O95RDKD2F11B0OIIS7GVUQKAOS,,XZ52X
CUS0000287,FR,,X2WXS1LPQ4,,,,1AHC9DH6HCNB
CUS0000288,FR,2ZRF5K17C8A7G,,,,,GVD3F
CUS0000289,IN,2GPD3OVFDSX7R5TMZLHMBB1,211Q5BNH9A,,ZK2Q1Z1JFWE7PI4BCDRZ01,,BEHD253HQCBQP89
CUS0000290,US,,,AUPEULCQ6CT,,,75OEM32H0Y9
CUS0000291,DE,GJN5SD54RPOLU1LN6SH2AE,,,,,IBN3D638KGF0DKB
CUS0000292,DE,FPX662JHF2B86S6BE8ZQT8IKH2W,,,,,X2A8LDBQ8C04U
CUS0000293,FR,MYFTZFFK65RK196,4DRCWOHQF1,,C59PL5S99OVYWG3ZLSC0SYY8PQ1BR26TJE2AJ,,KWP0R88
CUS0000294,IN,OR8Z86OC1IQZ4J72E1BEFTENHPWK,,,,,40AVLPCQ
CUS0000295,DE,ZVBKXRT5JQHG1,MSRB0ZE44E,,,,8C88AZ39JGRF2
CUS0000296,DE,OULZYQ818PZ92,TFUVQUDHHI,,,,4XPYCWHE4F1DO89
CUS0000297,FR,P0IG6QUXDY5ADBTIT7QL,YR91150DU1,,TU1X52V8B2,,OM6B1IPXQZ
CUS0000298,FR,L0VSDGZVWODA1KLHLJSL2144TZIUEY,LRGFX6Q87Y,,,,AG47Z459IMFLW
CUS0000299,FR,,,,,,QK1EJHKDN7Q
CUS0000300,IN,VO1WY8D39WKXQ6LTIH9O6UQXR,QTXS3VJMEH,,J2S85F22ZNPSK5KBM98YKE,,8DEYP
CUS0000301,US,MCYOU86JROVOTACG6EZ246S6E1WLRQ,QQ1D8N8XE4,29GAUPHJ83,,,Y176JDTU4I4GR
CUS0000302,FR,YOCF8YQLRIN9O2K7PP,,,95BZKNL76D9NKJHCH,,BE7Y3
CUS0000303,FR,B694YHA9FSM,SDP9SUPF6D,,,,IMUT0UGCAMB3Z
CUS0000304,IN,VY2EVBC11Y1RFEAZXT,,,,,SA28UGZR
CUS0000305,FR,AX9M109MS9JY8ZKY3A7O81997H475,,,X1LX3E3YBPI,,W379LYATF9A
CUS0000306,DE,,,,,,353SFI
CUS0000307,FR,LEG89JRFZI1RLKJ4V6E2DQXRIG9WS,U16IAJIX5A,,,,ZOV0RD
CUS0000308,FR,R4L6K9URADF577,2PFI0EY8XA,,W9DFHXAL3GFUL,,XO2DI
CUS0000309,IN,E1UAA4QF6T9USOJ7309N0WIQ,H0F6J4MT8F,,CQVCJW9ZOLE3SN,,2Q7PVJ07DZ
CUS0000310,DE,,2M9OQT86M9,,UOYTZI8DVVD22RDZX2VWF,,LAC8VUGC
CUS0000311,FR,BGOGFG36YGBJVS2YDLK,,,XOURFLAFIL2UWDAK0DFUHVNLWQ2VC2SC5G2MI39DWXBOEDAZS,,ANHARWICN
CUS0000312,FR,SEE8TGOVL8WWPXVJCXYECD05ABZ19,24QCP46RIN,,,,XOBAZ53YKVUANK
CUS0000313,DE,,YUQIZLSG38,,DLJOOTVGEACC0CWPA8906QPAJHFYZ2OIASV3V982ULFK1TK,,0LAJ3XW7
CUS0000314,IN,3BIA2HFWKO9ALM1KGKEW7H75,,,,,61N8XV
CUS0000315,US,34KGY97CDVP48NE9YJ64,,VTDG6IK4KAD,S8IOIJDQFRR5RNI7HE0XMAI,,CNDRJOI
CUS0000316,IN,WIGPXMCI6F0VD0QZMADWO233W,8OIEBKF0E4,,CK7NHBQP8REYZKJFMH05A6DXZ9X0Z3CYOZJF6ZXXDTSQTC21,,MO0WATYK3
CUS0000317,IN,YI1HFSJQN0IV9UR,,,6C85G0JPTFYQOM9VPIS3LXDX8POPQMCPEFX75ZBXRX,,R5V3ZRVMXP1
CUS0000318,DE,ZY6YE1NRIFLVSXB8AV,,,,,VLZJUX
CUS0000319,FR,LHPA3RIPXHRLYHSDQ8MPK0HT,,,,,0O3OGBB8H57W
CUS0000320,IN,FX92F9RUKNXRL,QR5DH5MKB7,,JO232I1ZU0MM3AHRDCWJ28EBXU7CCBJ,,ETLU3MH
CUS0000321,FR,OHNZ7F5KCMHMYWWJ7ZL,,,5PWIXWNPJKJ2OM7LASX4O,,11F6WC4Z
CUS0000322,US,,,C6LY5H6KMYCG,JZGW9O99LF51Q8QZ4,,IJNNJJK6B
CUS0000323,US,QJW9JLLWZDYLVNXDYP4,,EH8DRZ5RGP,O9TH9UJAEOYLZD6SZO4XYEUR4CXUQE,,EXF1REEVV1RBFYN
CUS0000324,DE,WLD4AIBQK1KAE5GIFJTEMP1Z3,,,,,4NEK154OFLI2Y
CUS0000325,US,78480WPNTMHFYVTMB6VL,CKHEWBW5YR,3S4ADAI093Z,15ZT22TF0MYW1CQVCB0PWUO4MCYR1L32FHWIYOUNDX3A,,7K30N1T
CUS0000326,IN,,,,,,VZWS01PTVQSOT
CUS0000327,DE,HZPPQR2SOR0QB79KJOD,,,4N87RGPKGA2IDLH4C4,,WMS0XV4IICPAC
CUS0000328,DE,TYEJODBJWGIHN3VZW7ZMVV4,,,FNEQX9TMQUZYOFEO89XDNSLM0KICPMT3SLQ0N,,206Z8BC9
CUS0000329,DE,RYDJF52SE3QMCT,DJO8XDKK9R,,L2VKMMI7JOAIBIVZGNNAOBOMQ032EH1,,21J4W
CUS0000330,DE,LRXNDFLO9Q5,NRICI8S3EB,,KISDXD20Q83G45UQ0GLQ,,O82J4JV6ELJUC
CUS0000331,DE,SQ6JP5PM2ELGIFFDH736CPW90DE,5SCOJWGQWL,,5GLLJ5YQPO93LKBXS,,YUQYMMA
CUS0000332,IN,ST2BT6756VAR3BKAXY6,,,M25QLZ1NKU0ORL254UKKWJB0FZW8FJ,,XKJSHEU0NCJUUZO
CUS0000333,FR,0LSLC1YEVQ6B9V,GO8CCR8OKE,,,,LEXS6H
CUS0000334,DE,8085ZTAGH7UQ98DYTTIACYL,,,274PU7UYZSZTH1INSLHJ1JLEMLBTECSKQ8NHS56HF,,0R7GK6M
CUS0000335,US,DO110BKADA,K8VM8ZMGAU,ULRP7P9AW,0KDD2Z81K31POL9N6YNN,,6VH8ZL
CUS0000336,FR,19TGAEMJ6KMOJG86O,3E74UBZ45Y,,1XKA87GRPEI3,,36HW08
CUS0000337,IN,W5LBJZYXZ8YKWGIU2NT,,,VUOR1A2TIB2R4J01TE2Z,,3T5Q9WSZRE6M6
CUS0000338,DE,PS37VNZ88GYS8BQSUAK6ZAUK,KZI3CZZS9D,,LR8QW7GOA989MCV4T89P4QG9W0PAJ2XADANCWYZGWNBW,,M28S12D64
CUS0000339,US,4K0CBHN1XHDORSTQICZ4RV19ZX,YJIHUW14IU,LLLHAVPNS2BQ,YT8SUXO1UKGO8OUA5FISVWNGKDAPZILFE4PJ35K1,,PW9UU9UKLTKWI
CUS0000340,DE,6U5XF2EDVD7DX,Q23TR4OXNW,,,,H3HWT3MQS
CUS0000341,IN,568BOMH7N0FEMP7L1,,,8L9EWL484MAS91LUEULH2T0UNUO46DG6GW14MSRY5F,,KZETONZIQY1
CUS0000342,DE,,CHD89V4OB8,,,,KGF807SSKS
CUS0000343,FR,7T3X2K9X5VW7I7HDLJE238EIT7,,,,,3AV7TQ
CUS0000344,DE,,,,,,7Z7GFLN
CUS0000345,US,V18HFP58FRVABKG23DXUJ911NO,,FU68B3AUMIZ,HPFAP8I4TIUWHP1CD,,G6HCSUDITN3NZ
CUS0000346,US,,,NYZI2FNW6ZPN,DAV8U1FXS2PFVYYP5LWWHGYSPZCI6P45L3BK80Y0AVPSL7FYQ,,0ECG3UNV8T0QCXH
CUS0000347,US,8AI5NAQJ50N1I6GQQR3H7OUNB0C,QALL68R63R,WHPV83I5H3R,,,9HGYRCMTN67E6
CUS0000348,FR,2W6OONZS42AQGOAAHWM60BL8I,QKCQEKOFCW,,ARREBD5RGNKRXP9ED4,,JJR83B94JYQ0NLL
CUS0000349,DE,TJLSAQNL0GG8DCMTY71GYND4A,2KDJCCVPZ0,,,,8BAV34UBDG5
CUS0000350,IN,AB3N3FMC2KKFGN8YC64EY5JLHBQU,,,,,5HK9E4
CUS0000351,US,P0DJOTSILXJFZAJVLNR,,BRT24LYBNL,WUGOI40F3T9BIRWW8WHYCIGGHU8FK18ZS80Q49160IN3YDA67R,,O29FHC5SIF1TC
CUS0000352,US,MZIMUOR8R61R2C6KHO70UR1LJA,M5JAWVANNA,BB97YPSZ3,AA77FHQHZABFYJPI5,,83CYA8VT8F914Q
CUS0000353,FR,B6ROP1HGP2F,,,UF9XQV6JTJBMQAE,,R00B2UYQ
CUS0000354,DE,Z12JDGD9IRBI8F6JIO,,,AJZJC7W6E5QUI3OWM0TKOW3BASFK,,I9VG9H0ELUWBS
CUS0000355,FR,D3LODQ10BDF,7J3FBFLMI1,,IBQ8XA511UOQTYC,,J20OTYB
CUS0000356,US,PAX5NT5JQPW90F508KKU,,3LZ2A6Z0YW,,,RE20826
CUS0000357,DE,43FKDNXAC0G6T64TJIP,NTDT0Y9JHJ,,1QWKWQLBZRSFHG5M89F7J3PA1OTOVS66LE77R08BZZQBWGGCLF,,MRFLPBHZD
CUS0000358,DE,1AP5JG6YDDMKDMG29DFFRCANT4,,,G390CGYJWD6QGS37VXAHEN2VOV7KHB4K9727A4I3D,,G1B96H4JIMY
CUS0000359,DE,8M5VOC209GALS,,,,,36CAKQSMIN
CUS0000360,FR,,ZCYY9W3QZ4,,WE1HPXJFUDH0TJYEA4ANMXC7QKSNH8OIS8S6EO,,1EAUOC
CUS0000361,IN,Y4X9YSZPOVOT,,,BHR50QJ561HU4P9VUHI8E25VGIOX56,,YC3KOYB
CUS0000362,IN,1XR133JCWE2GB3ND63H,48O4DNG5UT,,,,SET6U3LYDKLV
CUS0000363,DE,7ZJ2L97TC201QIA2YNJ4EN,,,Z40IWIN7164D0BQ77ZOLDVXPQAWB7J4M0FU21QAUMU02D,,5VWQK1EBP7QJ
CUS0000364,IN,I3NLDLLJ4GGE3X51H5G1KD,,,XHSR9Z9OCXLG1ANLLBL09AGRLZR5ED18BE23BNFZM2CV,,MNL03LQRY
CUS0000365,IN,,,,R21P9A8OCZUQDKW9UGOOI3K5L8FKHYOWDT1DI102ZVK3K9,,5QXB2A68
CUS0000366,FR,05X0BKC8AG,,,,,EXTPCRQ
CUS0000367,US,KWMPNLAKPWECJXV,HOVSVCOZ69,NMPMKSPZK1I,BW8OHIRRFKD2VZUIDHJP5ZME43TXRKEAYLRFN2VGILZ2,,XOZI1R4UJ6ZQ
CUS0000368,FR,B1H2OBAK8RUIRD,EWOVWAUGRN,,,,TPD725
CUS0000369,FR,3IXQIJF68PQU8HLAT8,15YMNPK91W,,DKV38S1RD7V6W77M8KU14IZLB6RZ4IKXTNUXFZK9KLLWAG8LW,,ZKT2L90MQLAFKKP
CUS0000370,DE,LAA0ZK2CI0ZAQVDX1MLE4SCBOEDF,,,8LIKT3FFOYAC0B7J35CUZR,,D41IZSN7WAA
CUS0000371,DE,MR1F21JOHNM0HAQ,1TIMGYWRSH,,,,Y7X40C1NQSLC
CUS0000372,DE,,,,G692BF5MLTLCKS9O2TRRE5KORW1VM6Y,,KWS8X
CUS0000373,IN,09CR3LM71REAAV,U4RLFZRPUB,,,,8EQ1DT50GSO3
CUS0000374,DE,DZYF82W0Q03IYOZ9EXTF7X7C,,,KHA7TVC39YBSPX01CVCOP2R16PNBZ42NBZ4H9ILL,,RFB62661VN6V
CUS0000375,US,0NTK664ZBUUBTIIH,,Q91E8Z2B0,DEZKA4ML6F8K5H9J0UNO3,,81TQK
CUS0000376,FR,BN8PFPUTBHSW02B,,,V82MAXQ7KRO96R,,JE38H
CUS0000377,FR,YYROHV7DGY,,,J6FVAM2CH4DJ0TC2DNB68C7E3KZJ7K09LST7UBB3J76VL3R,,1HYHK
CUS0000378,FR,A9C7IBPH3DL0MQ,UYLQV75AFL,,JTKXN0BFJO3XPAL9R2ZDPY2AISPY,,CWWO1Q6F8
CUS0000379,FR,BPZR68JHW25P7XRZ0J,,,,,370SEIXT5LI
CUS0000380,US,,LK0IAY0ZE3,LMWYJ9PNU94Z,52LX1ATHPQ7LD7QPGUM7MFJIZABAESTD3ZJETOC,,ENTHBN75UJ84IC
CUS0000381,FR,TKISAVJD7LOVOB511GQ9ZI,,,CXZ8IAF4XPA200G71V4JSATPT5QHKUOEM4UZGAD555MK,,DO0FLCJVEM
CUS0000382,FR,CMTLSTR2S9AR51B280IOUEA4,E4C9WF4PK8,,RWYMQCE9W6AWW8F,,2QRZXPHZD5
CUS0000383,FR,APATUTH8RBP8JLF8BNY,CP6X89ZRB2,,JZUKVFYS1N,,0IMDM3TQB6
CUS0000384,US,5C694CKCHF8SOFFMJYYGGV8,9DVKZPLHHZ,S3KJBUO4A,XRS4D8IMF2ESYEVPR05Y0I0LPUY,,IYE8T
CUS0000385,US,92ANY7ZDVDZPCZZP1AXCI7F1R,,ANCHKDPBJ,QVKM3X3XOHL,,81CI3W5SUQRICU
CUS0000386,DE,SSVO6FH9B9H9YWW7NSSVZZKKXJH55,YAP0G0IT81,,S2J0ZBIMWE,,XMAE2O
CUS0000387,US,U1DW72DXILQTE,T2QDYQXNGU,DU3HF78Z1TZN,H9PMU5Q93Z9AX3DLP44F8QPAGLKBX15PNM,,4NINZSQCL9IUPK
CUS0000388,FR,,,,LQK24PKO8VJCIPLBGQAE1MOL7RSINT5E7JA4VUFVRVIYD2U1E,,BAZSPN
CUS0000389,IN,JI5233NNE06CZZT4B2AN9XD,VUK6TISFC4,,,,RB14X6K130IX
CUS0000390,US,,ACPZM6WZQ0,S2RU5NG7N,,,8REQ61CUUASN
CUS0000391,IN,,,,IIOQYGIGK98EGVS9VOQBAEL,,IM7T5TL
CUS0000392,IN,65E667JIN2784DV8SEY7DYEM,,,ZT38RZBU612RYM8PA2JMZHD8DJ0FYZIAG,,260RV57ZUU
CUS0000393,DE,,Q41RAADY72,,7ISDWE0YWQUGJLQTQE64SAJMM7081B6OU4CE,,MCTRJN60DLC
CUS0000394,DE,8OBRENRA1E455IRVJ9RHNXYR7AT,3NWY5T6AU5,,,,BV9CI1AKQRJCOFW
CUS0000395,IN,B3MTJCOG234S813XXH,,,R7KMA67IU7Z6RG0KPOK1BX9YRK304S7NG2MAY,,FXF7F386
CUS0000396,IN,YXVT09B0JPI3JO,,,6BJKO4DC1UR82D9R32UQE205UUM7E88C2N36EWEU5D9TX6YKZ,,9620N7BJB
CUS0000397,FR,PZGLHBVF98GJ87,,,,,B5AZYCH
CUS0000398,US,O4J9JY9OOR61T3,,UC05U3607O,,,A52PGKNGUVVC
CUS0000399,DE,WIF74O7RRQC,GETET4DGJO,,,,Z82HUZ8E
CUS0000400,US,228DJOTRW16SQ04SBO11TBE1,U4N56NHW5X,KJ2OG6Z9NCIF,TKOOLTFYXE9WQ8P1YB3NTSY4QYLHWW8SF,,H1E2AVAKKE6GZ9
CUS0000401,US,GOTR4YDQ9N52SBII8ZS,,MBJ1WBYLH9,,,Y001EA
CUS0000402,IN,,,,,,IIIOR
CUS0000403,US,219O05WBG42EUJTR,,RSBKNPWE3,X1TIYDH9YP5IYNEWYVWKL52YQFTCBN9UALV,,RSQ9Z4JL
CUS0000404,IN,4POEQXRYFX4SMJWFHQ3,,,NEIASAUSP2511G6MD7X6DDG84PFTNF,,O1480KGA5
CUS0000405,US,CZ7U1TIV3D09A,MPEXQLMAZC,LMDL61VVB,,,GGSJBZ04C
CUS0000406,US,UJBGZ1PN7JIIIRCCUO,,LLDXYIBGCE,Q8TNOGMOLXL7YHNKPQV0SVI,,TT21ALQ611M
CUS0000407,DE,WP134PR9XL4,,,VLYZXVER5YKXP6D,,GR4XOPZXK
CUS0000408,DE,,,,,,OVN90I9VPJ
CUS0000409,DE,5JTGV4FK30M9OURNS09V61,0GZ8JS4P8E,,O6FGZ6M3FBPB5N4IYD4KAGR8149B9IYR,,SZMT2Z
CUS0000410,IN,JKYSWZNMG3ITANZQ6F,,,YS3F02B09ONVOHCGYGKWBHZPRCFMOORRN404,,R8GSC8QFDE15NCE
CUS0000411,DE,,ASFBDTKCJ7,,0HZ8CECPSJHMQ6VT9QJDNUME1D4G5GN8YDFU,,5HNIGT
CUS0000412,US,,AK79FSFHI8,TUI5EN146X5Y,MEP9FC5THYHSKPJHWSDEPFVNVD01LYE09QWVK,,5TEAIXS5E38R77W
CUS0000413,FR,6ODBXGV12WZNXX6SJL2,,,YZIXZXBQYA4BCFSRHOA,,0LQC62GAA008DRG
CUS0000414,FR,A40KM6HHWKIOJ9,9JSA8R4UJ7,,TCARFC9R2HOXGHPWBUMU2JK7IA1SHX59C37PBI8BEBTGSVPT,,6GQS490
CUS0000415,FR,I9CLF69OBYOW59BO39HJGO2QPZAUV9,5XTB8RLA01,,TWJ781AYEDYV0,,X2CFZUJ20
CUS0000416,US,,T9DIWOB6RM,ZKZSRT35LUA8,PJQLNT6ACRF3ITHVVPZGU,,BYL5YAKRK
CUS0000417,DE,NOJVSWLOFU8I7YOCR,1ZLF2KG5SK,,,,038LHW
CUS0000418,IN,YN4AZOIWCNHOK6CT8WALJC,GPPNXO55FD,,LV1GYJLVYR5,,TA2JOASWNI
CUS0000419,IN,338ESVYS2SP2AHSWMGF251,,,,,40EIBK9FU49D0ED
CUS0000420,IN,HZ492BY41NVP,5H8WJEIY7S,,,,FFSJTMBCBP3V
CUS0000421,IN,JPENJQ1W6YYNI48QG59M50VEVN7,GRBYWK1ZSL,,XEJ5LRUWOP5XZUY40Q726S1K,,SXHBT0IUA0I0UY
CUS0000422,DE,,0I205LOUB2,,QRIEIHT1XALJMS539ASW53I,,D3BNO7IFS
CUS0000423,FR,PM2JDRUEZ5Z2AZ,I71MAHEIJB,,,,7S6RIYQ8NNN12YB
CUS0000424,IN,,,,,,NYAVQS
CUS0000425,FR,,,,0RDHMJQXFNXDAEGVSZH4W7D8DN76CSQED,,WZY6VE
CUS0000426,IN,,R6N4T3UW6D,,AGZ7UYS2H529QCFCJ3GZ79N4G1FGX7Y171HF4Y2W7MMK0E4CU,,NXMQW8EW1U2J8
CUS0000427,DE,P6KSKYZJG34V9CEV8,,,,,AMAJ6VNK
CUS0000428,FR,19OQUEXDKUI7XT1GPA83MA,,,IA3O9K4443HH6SIUI46YMADA2FJEDJRJMSS5NDW4,,4G1H4GYX1WZZ
CUS0000429,FR,Y7PMSRBBXJK,,,,,XM3MLIFEQPA
CUS0000430,FR,4P0DHV5HFVCGCEZJ0AB,,,9NQ3V39NOUS66NW5FLGSZ4FQYP60YSPJ,,I01XJ7JTZ8VQ
CUS0000431,IN,,SACCJB8ZDF,,BUFB9VRNJ5HZMDMPU0NYMAFDDCD7PE927H,,8CL7OVREV
CUS0000432,IN,ODQO201FP0Z,6FII17EWT3,,,,WOEFC
CUS0000433,DE,PA15M26SIG9HTI1O,WBGZ514G65,,78N0P187WBFZK3ZLKL,,6AM2ZFZUKL98A
CUS0000434,FR,PU8GIUV443J1U5YSB9M9X8BUBESH,,,V49MEIWZWF882FHT71CDXCALQRL7295W3D,,MBHGJVA
CUS0000435,US,C5RKBZWJLKOM0NH9BYKCA5,,IQLY1IQ2X,SBU5FRTZX05QDY85NXTQXOQVERY1980W6MR6MS9OW91K05N1ZT,,34X74
CUS0000436,US,,,PK09NQTP1V8,TUDXCL8RZ3K,,MRLMC32O5JUR
CUS0000437,DE,P9BE0IV9WH,ATVBL9GTNV,,I3QOO5VMFGHJPW,,ZWL3QJ9
CUS0000438,FR,,WHD7X5O7M9,,,,Q1CFOU
CUS0000439,US,WWUO3C0I4L8G03MP2QY,FU4X1K1QGL,B6Q7H62ZKAD1,1PBPVE15DTVCV8J,,02OGLNRO797CT6W
CUS0000440,US,JDJXPZTXCJ9LPGPQI4XX2Y3LEHVSBS,,F7MTP1XOFC,,,44HGUB0JH3IYVE
CUS0000441,FR,6H1JFD65OJKG9PZ,,,2N314HBWI625A2SWFXMDQRUDALAIY7,,CNTWDKU6Z2ZDPD
CUS0000442,DE,R03WTE8JP186GCEP,,,,,GPPRYDG8TK
CUS0000443,IN,89KXPLC9MEY7H0O0A,4PYA36T514,,BWIFQGD4A3H1,,8UGLN
CUS0000444,FR,FHFQTXQX04JZWVYHL315F,H660J1PWZG,,Y28OBXX5N3GM874SCKINSYETTZYL51NNASH,,TLGXLS
CUS0000445,IN,80N0Q4BQYUY8Y64BNY99OA,5OZOFWLJHK,,YVORECQDYJGF8,,R4H7MBF
CUS0000446,US,ZD4V277Q4S2DUKIG5HHR80V0W7G9,,A1E5NU0PG,,,3XW2L0G0T0N596
CUS0000447,US,7DZ7KDHNA5E15WMK,M0HPE47VRC,TDP4KWSX7,,,P9HJ4RNJJUV
CUS0000448,US,ELU9EQ50LGLMZCH8ZO,,WQGN9QUOGUY,PA4Z7VC1TX83I,,9LG34
CUS0000449,IN,0Z6EENN4M12B,H4OSALTIKK,,,,7OD0PLP1UTAG8G
CUS0000450,DE,S9RJBKRPXAT20WF,EV0RASGT5W,,EM3CUTITUFD6LYEEBMUYURLLCLP4YY11LKWOO8YFQFE8,,BOTIRJSAY1L6MR0
CUS0000451,IN,78OPQN4XG7Y1QC61XSL,YI9VVB2RNV,,,,97XR4AP
CUS0000452,FR,,,,,,G4ZVCQ3H97MACV
CUS0000453,DE,3NRSZY71128Q3B0G3B1DFQ2FFB,,,Q2GVZ4W01UAVE861BGY5SQLNSNX17UBRUBV00O5VTCI,,L91E48KV2
CUS0000454,US,IVDP8U51LYT,,0P7SP09DY,WOBFBFJ29YVFNAS6XJ53W7Y4DNYU0JDM1NQTSNQZ6Y,,G8EJMOX2
CUS0000455,FR,2OH2TRW331L,,,,,8UC6955Q5XRS
CUS0000456,IN,,,,,,23QBP4Y3
CUS0000457,FR,BQJB403WFT2WMTFEU4N,,,DCCRC0XZW6JPSQVP7V1XPVLMI01CACQ3BFEDPTX0EF6ZUFF9G,,2RZ1ETT4
CUS0000458,FR,6065AR30ZY9J,,,IXZVXB7ERKOOALL51SBUR4P81LJEQDWEN,,CT5T2PN9FQ3
CUS0000459,DE,TTIAMUQSGBKO64OWF800T54T,NXE6MAJW6X,,U8FWN78XKH59UVD7TEK9YVX7HY3WLN8NGOT8,,CDM8EQYMQILTK
CUS0000460,US,3PDGLE6UJ4MSFFSZFMPFV,,XMDEUOCMDTS,8FGD0X9TUU301PTUTH9LGJ0RVJD0TFGB0GYYFB,,IKQIHZ8J06IJF
CUS0000461,FR,ZKYYJB7MR5FAAWOIW5II93DMKJBC3R,,,,,93HJWFSV
CUS0000462,IN,,,,BJ7ZBYCS9BLLQA0WT4Q2ZVCBQF66V1ZQNCGYVW1IO6,,2YW1PENYD0IIB
CUS0000463,US,,,9YAR4R2FAN,VHQ7UP9KSTEHQ3DXOT2I9PW,,4NDVOIZ5A9Q
CUS0000464,FR,,,,,,JKX8LK7K8AH7NJP
CUS0000465,DE,66V18T15056BZRU9O4RRU4V,WMF4UWVK65,,RFES7YK12UHH51QVOR0WUEW1THZ271PADNW6LDH,,FU4JL
CUS0000466,DE,R8NTK4Y09D7Q1DF6CRANMT9AEV,,,X7ZZ5GWUQR0BWPJZC15RZI5ID,,TEGJ7W02J6X
CUS0000467,US,WUN9PB53VU9I,YL0QNXZ46R,ZA29B4VFG6E,XEJRTGTKVNG1R8L7P7V4R221WYUC4BXUT,,TO1845GV
CUS0000468,FR,,ARD5ZPTHWN,,3HDDHHVQ33OSQPEQ84ILWX36VZQGOVR5TGZ8VX3,,PJ8XXW9
CUS0000469,US,,,5T5X6G0ZCJ7,,,0KPNT2AT
CUS0000470,US,Z2GQ55PSH9WUVC7N5S,CH3BMYGBE3,BCG2CY3RC58,L7UUGZJHXP912ZPWM15PXW70C5D3II88NRFNOWGMAERMD3TK,,O1ZOU402ER7BMA
CUS0000471,US,,,X1X9JYB6LV,P4QEJ67Y1GFIIMKEQKUKYFG58JVTZU2QRYXN,,RSEH7G8VFN
CUS0000472,FR,,VJDN98GN21,,8R5FQYIKBEQ7PMPU,,HL2K8N
CUS0000473,FR,64ZS34CA04,3YJXA404E0,,5JCS877Z9DTG6YOC,,YTVZQ13
CUS0000474,DE,FZCUOBYQC5AOTIVH2DH9EX9GMZ8JZ,3RLHVPEPZI,,,,ILH1B
CUS0000475,FR,6AJOMX8O6TMFA0X2PU,,,QYNWHBKFTDFJ8PMFVX64AOV3G55F5BM,,DTEIQYAVFZQ8
CUS0000476,IN,9UNP2Y9QH93Z331DAYROTU3OF4PCOO,2V5QVHAT8R,,,,NH8FWYBVSK4D
CUS0000477,FR,XT40HGGD44ZT2XSW0V3J63JKYNS6,NA6QY7W0A1,,L0EN7I094C2232X3CN0JYO53L2EFD2PWHI90LLC08KSMKOM,,JNOQR
CUS0000478,FR,BYQOAZWIMV28ZUITFI6VP4,,,QQ79VS84VPGH7AQKXWTJ7AUP20TIXVB491,,8ZBLCOIKHPE4
CUS0000479,US,,9Z0NI8474K,MEQKTX0LH4ZT,APML896A4ABUFCL75TVFJBJKAF5XTXREZR75I,,RZ0I3
CUS0000480,DE,GWKZ2QRKDO,,,8VS8MMAX65JP9NZ8A1DFQV2JOIZ5ER8V6G3AGXCG,,IBIWEICH9J9W
CUS0000481,IN,2ARM4V6KGV8XUH,2FSKB3V3TH,,,,93P0KYIWF
CUS0000482,IN,T42P134KQTMTMVT,,,KYX4HVZTO7CKDOR8BSIS40DBDSAE0W4O40ISKZYII,,O0ODF
CUS0000483,DE,,,,VJ3PGH3LLZTEQ5V0,,E7RIO
CUS0000484,IN,,,,,,K8PU004
CUS0000485,FR,WPBKK1KT3PZU,JBCD1T30ET,,65PUUQDSLPHZ5JD12XROMTOZBRUNLWL649OV3M,,GOPB4ORVPNDLO
CUS0000486,FR,JS4QB8XM3KDPOWC,ZDIPIUGB5F,,U85DRDRJJTVZTEFKXXFIUO6C57EFPWBW,,QE4HV5UW5
CUS0000487,US,,L6IR0PB1H0,E8X1PUIAA3,UCSJDU9Y6W023E,,B6CCGCFS0GD
CUS0000488,IN,6769G8NCRZHYP97H0648WF7W0,,,CYVZ98KY4L7CA4J5KA9HS2JM3NW0SB37,,8ODZ2
CUS0000489,DE,WS9N03FQY4QC1Y7602,5GF1TW1CWX,,,,6D2NJB
CUS0000490,US,W1VNP444PBMGY594GK0GXS94JA,,QDIXSVUBDV,6C9N5Z3P764I,,AMSP7ODB
CUS0000491,US,OUKTOB5RG20UR0YJ65M,KJVJ2UZDAK,PCIOSCXY32,,,FX7CQG7K6A
CUS0000492,DE,1C8HLNI579SR5C9YM0FUI4,9STTJAJKQ9,,8ZMEP3P3ETXCOEH8CJYYHQHP0AYFBQ3F6HGIUYJT5099,,COQFRF
CUS0000493,IN,GH9GTAVFOKUH2ATT2C6X0ARDY3,7NEBMGQWYR,,J3U4RD3RBON2QQ72AO,,ZSFLZTEA
CUS0000494,FR,12WOE9CW5ZPFCFB,,,,,KUOZCY
CUS0000495,DE,2S7Z3T9Y7R6Q7E3APZ,,,33AE25O4UTMMC,,2G1DCR
CUS0000496,US,RSSFWV12ROOO,,0VXKOG4BNOX,DTLYZWNYH4,,3NT1JR
CUS0000497,FR,M9W7YVPJ4Y93FQ,,,,,H4Y2C1AX
CUS0000498,DE,4OU3IHHYIVBZ9,,,,,ZN82AGSUX
CUS0000499,FR,PQI4G8ZZJXUIDVBLY,,,HDFU1E0E3M9QQ6F,,AD96IM7T
CUS0000500,FR,,,,,,Z4IMNEDQQ7H53
CUS0000501,IN,XU0EIIE79IIB0NF7ZSH4YEO,,,QH1P16MUE031RAPJOEOLVI8JZ3GLYP3QUKLU,,QT7RP1816
CUS0000502,US,,,TOOC1QB7B,4FVUWDYK474DKWGJBRYP3KH0LZZBNJMU6TE8ALUW5,,MW5UWEJQ2RFE
CUS0000503,US,Z3AN71JWZ31GGKX9,NNBA8CXZPC,KQ9I63OKHC,,,FK2O1WS8
CUS0000504,DE,4IAE2B9SI8,1K51NZUEKU,,BBXFC6HT8QII1LN,,A2IIPUCJ7OA
CUS0000505,IN,RM3VNH1J9BH0ZO,Y94TAPNAQX,,EBYG1ZQ3AB8SSV9BGVG50TJ0K7,,HWAUB0
CUS0000506,FR,HVKVXKPKI9DU69M3,,,,,T5ZLV
CUS0000507,IN,GFHVKUU61L3,ZCOF2R8BPB,,86A4H81ETILOXVSXLCUW02U25FGM29OB,,0J2QUGFYA9W7
CUS0000508,FR,,WKLHNMY7YD,,MR31EI67OA5RYGHP4I3GVZDON7587WJ6X96Z6G8QP3,,AA4P5STRU3QTRH
CUS0000509,US,K1IYVSOT2WGZBQPV6N7VD31X6U26,,V09EY47TNTC5,,,G33YGMUBA568
CUS0000510,IN,JMM6USAPM0VI9VC,,,ZUMK3PUVHS2JQDMIIP,,1VCPWUXW2
CUS0000511,US,,0H4QEM0TQX,4ZHKG9PFJ4A,,,GJKJ8PBXYSS
CUS0000512,FR,PAQXXUVVDI0NV1A5558TN,50MDQ0CB7L,,,,J1BLLJD2XVB
CUS0000513,FR,C13BEVGLCDNNQTC314KHYLE9MPOEK,,,JHAVOB4FKL0CD9IJ6O32RL3DUS9U5882K9JDZMJK7BFK09DSQ,,UIR50A0B1Q2JQ
CUS0000514,DE,N293Q4598QA2AR0U433D1FJ6,,,8TJZ7DI6JZEYQH2BAVM,,1CVYZ86AMEZYT
CUS0000515,FR,,,,J37MHLQI9XPXRF,,F9Q9B7
CUS0000516,FR,4A6Z5GXKC43GD,DSOO19X2Y2,,,,DUEFCA
CUS0000517,US,G59XBLAXDJW,,KOLCFAL4X4R3,,,O1U2TQKWJY
CUS0000518,DE,DSFZSHWN2SCXFMP,21Z2Y8HYA7,,F3TCX7TZ76FRRC6DNV6ZKSCW2QQVB91NLQXPUJ2GG,,7XE8Q
CUS0000519,FR,9UOKEPW0H6ND3MR8ACJJ0QJW5I,S8K749GJES,,8R2TYASLP3G49Q4LFQ1F3L5V8D,,L121673
CUS0000520,FR,,V6Q2SEPRAH,,,,N0AV1L3VENQYP7
CUS0000521,US,7SS4P1W0HEX09ZIIPD,,B0VQ7BUOGYCI,,,PDN2L5E8
CUS0000522,FR,ST3W0MEGIEN8A58,,,8DZ0EUTW6V6ZYOW1USF7BK97LVIEK78Y1CURY7TL8,,S2CVJCPFOK893
CUS0000523,US,NKBN1Y71SI248YI,L4J73YBPJA,29OR2FA0L8OO,WX4PV1LMI25CDQVNV7W4NDI3OIK9W2BTKQCJVVVS07O23CSGG0,,X0SZ3O
CUS0000524,FR,,,,ATR6Q15ONLLEKS8VW832BA1KPQURK0RC50B9UNDFIDOP6BHP,,YJ8OPW
CUS0000525,FR,U9EC8BHXNN3,UZ3BI25K63,,YX1X3SW5VVXXBVUPYIF2HT6XSE9OWK,,XJD376KEZUGELFT
CUS0000526,DE,UJDNCI4YQ3MB69JTDMX,,,KSSALM1OSBQFLF9,,KW4UDBS4QFIPJUT
CUS0000527,FR,FHNTOQ6X4EMN1L3180FL5PSIHHJ,FN6FOCFST9,,7D987EY0TXKMHGC6JENMUZ9NG2JO1Z5DTE4FAN9FH64SCUBHP,,PRQX1
CUS0000528,US,,ZWD53WJW3J,EYNHZBM56E,U2BMYND1Z3BAW,,ZZPIPN3DB5GU7A
CUS0000529,US,RD90MPLNTNBZ,SS879MKP3V,5LJ7U8JX9,,,NH0BNT
CUS0000530,IN,1589N95MZMJP8BCQP,X7T00R714R,,5FICZOG3VWK24ZCHQW6TA6GH,,X2L8HT
CUS0000531,IN,E08YHGTYBMYE,ZBVVVRYWQL,,,,QO52FRBMSRURV
CUS0000532,DE,BAOAFF0IJ5JO7Y4RIG2NY7O,,,,,2BMQBF0XC8
CUS0000533,US,QBPR7Q9RM43CA0L5VVHTLWQ,1VSIF4W1I4,K6AAH0E2NRT,ULOUH0N9OK1R65FCDF2A39GISV2Z,,CRT9SFSL
CUS0000534,IN,J8MN4K84WZ59HNDI0UYR3,,,V79IE73C7REA5HH,,ZQQYFG6PD
CUS0000535,FR,LT5N78VLP54S953AD49,,,VPLVGKF9B9KKZ4D0Z0B,,9NX3E0TZ
CUS0000536,IN,,,,M4AB2CP57D,,1OKC5C6PR6R
CUS0000537,IN,5T820L0WD4SRVZU2I14ZXRF,,,G2R54WACMTVIJDL1LZODNIYQWKX2OPAC3QCYOVF16V,,Z4XHIV9M4BDW
CUS0000538,IN,NMI51ONQIJ8WZK7O3IO5LLV,,,OO4DA8TJNQCN,,MOMH86N8
CUS0000539,DE,FIX59AR3O2G7XH40Y8BYSXWTTJGX58,,,1SBUNJ2M177XNQI79NCO,,37NNFXBPKG6X0W
CUS0000540,DE,IVAZ117ZCZ,,,504FT81PJ9WFAO7VLTJ4YKJGUWZP2,,OQVSAM9WUS0
CUS0000541,DE,XME4D65NCDJFBJ3NYYOKWY3NLKNS62,E1ZAGHCAT9,,B2NJ0TT29M46WXRF41DBM5G0SX9GASW5PR0,,Q5NO829DU
CUS0000542,IN,BVY1WF9M28T22F786P2RPQWCZ6UN,,,DJPC6YRZKQOTOWQ7ZVLHLGWYCP62EA,,T0SY1ATDN4
CUS0000543,FR,31HF1FLLHVCPZUW906,,,,,CTHU7
CUS0000544,IN,I80ZAGO6UUABKV4M7AGBE,W3G8FX9DYF,,HMZXCWVHGO082F615E4A8ATJNK9XB5G1FJONIEMRWKICQCDN,,5X79WYJ2Q8AY
CUS0000545,FR,0ICODYXE1U5FKHH,,,8FHIOOMDLUW65I,,HSV196GB
CUS0000546,FR,Z9DSWBWKFEJDN1A7HZRG9AQQ0C8E,,,QC9PR1UQRWBZAV6C,,QVZ19O8WC5QJ
CUS0000547,DE,BSW321LUM8S3ZY,,,,,ZS5I7Z
CUS0000548,US,Y7UAIYI2YFHYYI8Z1AM,RZ904CHZXY,55SCKEX5IN,UJRLMVJVYCA7U7TYE2L,,VJAXO
CUS0000549,DE,MH6RX0BVOSJP,AFJRQOGRER,,,,6OQM348JTCJG
CUS0000550,US,JOFN57F6GACYJTK0W371NVX642,,I0NT678JM5J,LIUMUHE379L9BVCPQVXO97L64KAQ,,YC8I885TU62
CUS0000551,US,D4UNENY9XMGXIZ,4SFQQOAHAY,RSWJYTW3T,NE4GHXOOPR2K13BFBCNTOST,,W90E776F46ZDI
CUS0000552,US,J5QN31O6I5SCNNHKKLOUQ9C2AS2N,,7NZ93T345QA,ZY0WZAA2YIK9JHL8IHN608K4,,I1QNNMATX1KC
CUS0000553,FR,CR8WOGLMQQNV7R9FH7T1WG,LHBYP39F4B,,YQ7GF0VWX9XQKEP5MGN0MZV5,,7545XNX91EN
CUS0000554,DE,EWO9B98TL15IMMA5ZH,CGEFOGVT7A,,M0Q5KEQAFA7ZGYQ3BTFV4,,Y3Y3O
CUS0000555,FR,ZHCLM3L1TOL,2KRX4GXX2M,,3AHHVTG35NL0A16V069890EC7V4MW6Y4SNM0RR5DK,,51WZQV72YYQ
CUS0000556,DE,,,,PR2QUCIQBXP25KA9R7ZUOQVBP2WR9C47AXO8NM8XZMLHP0YT7C,,4O3ND
CUS0000557,DE,YNLQBUGCJ0,821NMSZ3R1,,1CPNI5M4QHVJDSEDFBL51C48HUHZT7Q344M,,1FQQN
CUS0000558,DE,XR47NVBWL0CL3BZ74V14D4F8HKLPZG,,,M53QX7TGNP5062AV6A,,ZXHB1
CUS0000559,DE,37N8T27R6MA,3N1VSASQI4,,AMH296PYQPF15,,6RQRC99UNBMLC3
CUS0000560,DE,J1DHXKNCIZYMOBKPWZWQ,,,,,HWRDL3NKBHJWNF
CUS0000561,DE,IMF8ICY7IDT7HCPDWT7,N7W252N7JR,,,,7GXF8K5J
CUS0000562,IN,1RIWG6VLXX3077,,,CPD6H1VTQ63YGVAS69SHUB6IQS0SCPV,,XWWNXV66ED6
CUS0000563,IN,2VT2255RXLXSHIN62JSP44CB,VXS9T03QG1,,V05HJVXOVBK212QBYTHJJ5,,MESXHMRG5D
CUS0000564,US,V9PSWWVX1LH19NNX4006D,,ATFB60DSMF4,49UKF3OOZ9YCPE0C7768WBFCXX9MFFG,,KZSDC
CUS0000565,IN,N1P5CLAP8927KE98N,,,7G021ZPRIA8OT6FLSLZ1S4RJ0TRBQ39MK510P2,,F942TRKTY72FT
CUS0000566,DE,NVPFUV1ZTJMRAJYA9YRYY07EH8LIJ,RY95ILDO3N,,RDYEN605T7U56PDQVUYU2ZX36Y9ADWVEIZ41QQQN0OK3C,,WMQQLCDSJF6
CUS0000567,FR,GXIDPUFF7WBV0XGPOU9UD8FQ,,,,,410NL5DRINN9G
CUS0000568,US,E5CCXJIF7RW3S0XBVI4BLW1GHS,CTA44XHOC1,AJIGZ93SV,,,2PJCSPFI2
CUS0000569,DE,L010WZCLOMZF,,,,,Q3UVVJ0
CUS0000570,FR,,,,,,J3UHA
CUS0000571,US,,95C1AU3EEL,7FY3MLPXM,OBXR7SUF0V4D2SMJG7OCJRLZ,,VVHBJCTEEUT86
CUS0000572,US,DOMSZXPO0MPAU,TM3DA8SHZQ,22CJG3AR2D,VK9ON4F28XY7G3Y2XCWG5,,PBEDWXFY9MPE5N
CUS0000573,FR,B7QTCYWSWJVMX3B5YXAQZLA48,,,L2HK0BIYEH916BHBO1A,,A9E3DDMI5
CUS0000574,FR,BW73355DFR3IY6IGGV1ZT1B52M,,,,,HKJCWHNXZP3S7L
CUS0000575,DE,WG13R704MX8H9IH55Q62S52PX,,,,,9TN8PXY4HL
CUS0000576,DE,FMDYQ1HJY5H,,,MNXPCNEP949NCUZ7I64XOPVVL1KDIR95Q46HHL9KZMSXH2O,,IOF2361
CUS0000577,DE,,R2XDUU454F,,EITNTUNWP6EEV5WCJ3KDR6C,,X2W0LQMMG08Y3A
CUS0000578,DE,RORRGDEBTJ54QMWRJHAG7E,,,,,HNJPX2UN7T6EGF
CUS0000579,DE,MT3XZDF0SKY,US0KALHOVQ,,,,PSA5F2P
CUS0000580,DE,YDVQ4DD0DP7ED2WGZMVIEQ,,,,,KSG5VZE
CUS0000581,FR,V1QF7VRHMNM1ZXAI7VEV1U9H2GX49,VLTLKFHGSK,,R6HSHSAFN6XZMHSK0UJAHKBG2TCJD6TT1667ZZXT8E8J3LHP,,UG0TRHUMJH9BGGM
CUS0000582,US,NGWZ8KPSL8QAIJ,,ZLZ4FPKAIUP,,,P812C24
CUS0000583,FR,M851Z4TD855IEC,LSDBPNCXEB,,,,JS3IWRL1WSE1
CUS0000584,IN,1O9ULO9G9K6MYMK3917B4CRLO,OF7XPEF1LF,,,,DWA4A54XA99T
CUS0000585,DE,ZMW3Y600IEP8AUWEQ9RWRKKXVVGMM,,,,,0NWHGB
CUS0000586,FR,GO1OZWAVBQE5P5JJPQI0,,,3CMLN8HI7F2E7OWT2UIHEK2U1P5NEFTNPGB86ZKPD1,,QBBP8G6BP0T9XF
CUS0000587,US,,TEQB8F2CI7,1E19482MLES,4ANIBRMT5QNNTTIGC0XECBSZAEASHMHPVXV3TID4JIOW13,,E7995935142
CUS0000588,DE,,3EIN8F8O3K,,4OCRXHQUV606F3ORH89B5ZTCPGW5U6VMG8UPZICXRT,,L2FUQB0O7U03AI
CUS0000589,US,EWM39RLDWWWVOURSC27033678KIGCC,ARBT5EHLSZ,2X58ARGBT,4F70QRJ1IST5DQ904FHBH633AOPKU3DSSOB3,,174QDNDQO6G
CUS0000590,FR,6JQZKS3BS7HGMDF61SPIPFQWYXG6H,F4DBPRP3RM,,,,4SBVNYIUFJNHEVQ
CUS0000591,US,BIBYA5GPZNDCX,,ETQK12PXM9,U1HH0GUTRJ0F8RVUN2,,8JZ7IXD8GR
CUS0000592,DE,,IMW9XOW6DN,,,,K67BVB5UC56F2NX
CUS0000593,DE,IWLR4554QSRYQPCT1SD,Y86IYT81I3,,N53O9WSYBGIHBQB3KXQWM1CF1DOJQ3B2J,,G4SMHZDNIXDOTP6
CUS0000594,DE,,,,WJP1F5Q0QVTWW36HL2MG5SJ2G7OIJRBKNNZI4YG30RBRCR,,XGFK9YO6FHBWAII
CUS0000595,IN,SVWK7I2054RLNNUQNO3MI27N0LFWHC,A52KEQMQ7Y,,,,N5EXW4PHBW
CUS0000596,IN,9ME93OBXD4NO32OGI4MRFT7VDK3X,,,,,8BAD4JLB94F
CUS0000597,IN,,WLPU0CIPNE,,,,73WH3X2BMKMA97
CUS0000598,US,SE3VAKRHOB,5W75UV8VAV,TVCS2LPZ0,,,61VG8HS
CUS0000599,IN,9RUCQZJG5YQMSMSG1,,,,,QC29906X8U2R
CUS0000600,US,,13J1SF62P2,N34DEKRNH1R,7JQP28AR2ASC4MYWE62XZL1IDOK4NV5HJXY4LEJPAB9V36WH,,LVYYBA8AV
CUS0000601,FR,,NBMREPZVMI,,18R22B5C1CB5RYGRPP2CDRF5TSMY92,,P631LFW45TA
CUS0000602,DE,611H7JS85TERK56XOEQG6,,,QLFKINO7KHUBA3HNIASR6QW,,EXRH3YYASU09
CUS0000603,IN,ZTX2Z52ZX41YZ,,,C9WIA6VI1TVULE5XDS8757I965J3XTRJKA1,,C0K83O71RC
CUS0000604,US,IT01MCPKFQPDMF8MPPBFGH6QB,68UV75UXIS,JZGVERM03QW,NUE28M63FPVWZ11PN8W81QE38JUYCHH1IQ1T40KMZ8S,,H53M14DFAI
CUS0000605,FR,,,,UIAM83KGIHXECRWYKTR0LJCGZV10NPNWC7JSMIYIUP8FRAPD5,,7SERKDJS7TMWD5
CUS0000606,DE,NPL6D3BIQRATMFBA34G9LPVPI54O5,Q2ZE2I2W4O,,9GS3GLY01GVPNIRL3DIEWDGNQOPD1,,V6LS24MNEICO2
CUS0000607,US,J2WPXU3FSLFF0,,LCZUFCARQM,ZRSQNK0FQJKAD3JK2Z6PUK3,,28U4GDNM8XNCA
CUS0000608,US,1NIV6142VSZ,H4K9T3BPSR,NOLSYW07SEVS,,,U5NUE6XG5ZYW
CUS0000609,DE,,ACOO2UJLZR,,IFAKLIUFQVW4XM3IO5Z0CRESJ1TNDL4C8EO5JL9JHBMXJTMJKX,,TZI9QB31VMD838N
CUS0000610,DE,3BD26JTTZ1ZYT9O1ATN706,B7UVLV1K4L,,JNJU2K5PT08K4DR3LMPQQ10ZGCWGTYF8DY6ZK69Y774KRQ,,PXF71
CUS0000611,DE,OTRD98OPG8P8,MR40EIN55P,,,,KKBEYN
CUS0000612,US,LBAJPGXJNEMPZNESA9LFK,PH914LCHLW,PG35UZAAA,,,3YVNLS
CUS0000613,DE,N64HXEUS5T1HH3D92A,8LCQDCP7A8,,,,HLNKHYABXNLQE8
CUS0000614,IN,L2YKXJCKFOHG13WSK7NKY,GFZ26HH138,,ALUGVM6ZQK12OBKKCT,,NBSAXME7RE
CUS0000615,US,2UUA7Q6UK9,2DO56Q125D,9OB2ZRSCV,,,F5K2K
CUS0000616,FR,PI9LBH9PIAXGFKEMQB1MY8BE,,,BLTCZUEE4R4EF3DZR8W2169ZMFKQD2BTT,,87HDHGRV
CUS0000617,FR,320EVIRZBG4CJG21TVE43C,N9AQWOT26K,,UMJDWL8R794PX65L3K,,NV4BKQBP
CUS0000618,FR,7TYS8SRI3P9OUZWI,,,,,3ZKJ4PVOPTAYKDG
CUS0000619,FR,RDHQIFXZMQVL0NZK7,,,MX3CSRRXXHTNRSJFEG3VQQS,,SKF98TLTYP6HXEK
CUS0000620,US,R5LQYSL62LQ2NUN75XHXPAD,QXE7OR4LPD,39KQUMEB6FI,P48YKTNDER0A10YHBY0P2TGJE75CY,,2FWAGGKUA
CUS0000621,IN,F0CAQDL4K9806OIH,,,FQ9SJXC3ZY26QKCDESFRRIQZA4O5KP81EWX,,R3U41N56KO
CUS0000622,US,448NY21B4TGCXNR8GUARODPV1,,7W90Y1A0NW,ZB5UFKFDF6SIYKIYTSG7BIRWSD6WOUZXPVKRP43,,C20XU3O5Q9
CUS0000623,DE,VEKKV9S03DF5UK,,,,,R1UKNZ5
CUS0000624,DE,DJDO7VRC2AD9QFVFISJ0U4UO8VEM,,,,,KS0ETI1KBR
CUS0000625,US,BZPNQ0EE7575M2,YWMN6CSGE4,YDPMOD6XS,TP01DLBMFO498DKECP0505333P0V3YTWWTVDNQ6HVQM,,GDIYNU
CUS0000626,DE,8IMPMFNXET7,3BJYQB1I1A,,GUHTT641KG0S9PQI33PDLSD1U4KW,,X6N33HKX
CUS0000627,IN,9FTWFYVERUZST1QUJPABQEXKTJ,,,,,XVQ5AE645WCHT
CUS0000628,FR,O15JVCI6BDT,,,5PR1CPG0GOTA,,FYRW4UL
CUS0000629,FR,L6MI9Z56VFWD1Z76EWW3HUX00F009T,,,PYQ0AVXUH0HEONV0MLIQXE6JXZZEIFJ12T9Y,,460MF1ODWK5DQ
CUS0000630,IN,LWF1QIPAHI4SZAH,GF61P3B7XW,,A0JLMA0MW04NW53XZSK7TEATACNK4NBNIT,,TYNUIOV0FH96
CUS0000631,IN,8A1V60IE9VMEGGK6F,NZ1YZOZT4L,,K0U6RVAMM5DLRBO5XNWMGMJQV,,02GVDPDXZ6
CUS0000632,FR,EIZVJSS8E6WK6P66KAEUHR32,FPZF0W20WI,,IYGURBIT9QSMQU340ZEP,,VVBCFXWZ26M
CUS0000633,IN,,,,,,MYAHSFJ3B0YG9U
CUS0000634,IN,58C2IAIBON99GEKA1Z41O2KBM2,6OYX04A3GA,,5SM054CUQZ2MPEZQAVR1985PDW7618,,NGIL10IUR5
CUS0000635,US,U7DTAFSYHU3ACBEDC2N76UQZ2OT5,OC9RGNG7UY,E7OJGMAWSI8Q,,,GFCMWT
CUS0000636,US,SELU2COIP98203Y,,YK7UEMTBN,9N83SSMB7G6M0PKN2ALYYP6KA4HWT9F9UHOOGE46,,Z25EI99ICODJ
CUS0000637,FR,RCW6LPAN0AY2574HKR4LYUV3,S04QXGTUO2,,W2TT78JUI0DH7XGGHU14P,,EU31S05CXD
CUS0000638,FR,A8M6NEOQ1UDL5U61DPTWYMPN8JP,IRU2DVEUV4,,,,M88AMKRJ3FY
CUS0000639,US,K6Y3Q40LN4BN9WR492L07G,,HJLRFLOI6A,,,WPQG6XR
CUS0000640,DE,8KU87PFQADOW,MK6J14MUTA,,8YX2G161IFMJXD70L808UYSNT2YD78LNBKX82L,,SZ3NZNEZMPB9SYC
CUS0000641,US,J6APNZTD6S5SFF1PQOCOGD,,Y0PY1LJ7R,TESA8V3YJKWEGA6T71FCY0CDLYAS0B,,VM6GYITREB0Y58
CUS0000642,DE,OJE1WDLRJN7MWRQA3EEA3K7XB,WB112GQ8VO,,,,FQ3UWQEK9KSL
CUS0000643,IN,69EWLD6WIH2Z9AH,,,1KVCUD4OIREOSPDPKXCK5QZJP9O6SSDO4ZWQNRJ9W7BMOB70,,90PIC6UBV
CUS0000644,US,65GVBUH9IN35KGDD4Q,OGE4H5QABM,WZ76R7ZV5N4,YZYA2IOZYDS4QGJA9G8AM17N6JW,,SATNPXHZBIZV4
CUS0000645,FR,09S9DNG1MZ47E3UJQ9EPVP5,K6OOANWPXI,,,,8WML93PSBFFQ5
CUS0000646,DE,R5M23CRC038ETXYV42OY,MQBV4NZ8GD,,SH5U1RNC4KG,,33E1GYU63LO0P
CUS0000647,DE,CQ8V2902HJYU4,,,9JHK5986XKQEZB,,9VXM3ODRN3
CUS0000648,FR,UXZ5B5H1QQ9GRTAADRC2X0CJPH,TC25K07KL9,,TJ3NRQ5JXH4M00UR2X639P4EDUMJWD1,,9UMZAG
CUS0000649,FR,BQDKWYDCSHMG0Z53W,2HJ23G21NU,,L3KBSN69G503ZIK2CJWTPEZOEU6T,,IV0DSY36KCN1
CUS0000650,US,UWCLZEPQB4OFI,1Y21ZUSAUO,RKH0ROVOK6,,,AX9EP7CV2OLHOY2
CUS0000651,FR,XI0HUHB2AWX5AXKXC9Z8,SFIMV81LU9,,ZPU1BCYLVWEXF42XEM4,,NEL3MRQV7B
CUS0000652,US,1KHMR0FZRYEUJ1VPJJIQ2C6GA,K2E98RC9QP,T9HIZ6H5PAA7,,,AV6C8HRBMNSBVC
CUS0000653,US,VYOV71CLGPE,T0BIEKS121,J6HJW7MZKD3,,,QUELYAJAPOFQ1
CUS0000654,DE,5H0ZW56GNBSWDTP6ZSGZR,JUMIIOB4JR,,,,YQGL0GNXX5QU
CUS0000655,FR,U6MPTC7OXR,,,,,67W86HLA1YXY
CUS0000656,IN,0J31KIP08PFL4VOQH8NWV49CKI6BF,,,0ISXBIYSR3O,,GSPEBNLPH
CUS0000657,FR,,,,,,15Q44IDGFDS
CUS0000658,US,QP39LZBF8244WOMSJIUNOIIQIX,,42L33QX2VDKG,,,FGS7T1C
CUS0000659,IN,7OZ8586TLBS3V9PX,,,,,YPL7V
CUS0000660,IN,DJUT0F04S0227E771N0FOUSUIEH9V2,DFR3N551IZ,,,,WS53F49JIBC
CUS0000661,US,GQL600DZLU,UVGQCZ2GA6,AQW64LRKL,Z1WIT7MCWH3H3JVELNQNPUO13X24,,YV84UDN
CUS0000662,US,2FQA44EL6B0FC4QZZ05R4JF3HKSOXY,DNJWMYXJXU,Y5NUA49FD5L7,,,YR0ELYFQNZPG
CUS0000663,FR,VZTQOCUEVZZNBDZMYJHDWEYQ,DT6GFNXM4P,,,,KU8Z234DVXT7C4F
CUS0000664,IN,YGUS9L4ADIPNGNIZ6M4Q0BKEP188S,4FIE7RLXEW,,,,XV9KJOXXI8U95B1
CUS0000665,IN,J9LOPWJ8275GXM,T5K07T5R0R,,,,7PGAH9W
CUS0000666,US,84UZTWBV8HA,GA99055QQ5,FN2891YMYSYV,OT22R0OM4JJ1K6HEWALN5SN9,,UDUKHSAUA
CUS0000667,DE,B41KERW52P0YB8UH9F2T5OY,277W72T6WX,,H8QQQYE1PULV4Q444RP2KFJO6,,YEF974VX58
CUS0000668,IN,CBDUAUSWH2OYU9X,EORTLS0I4G,,,,0VPMX
CUS0000669,IN,,U8BZK6LHZA,,5U469J4M31PD43O6P1Y0B556UVADSRXC2IZKBFB2OLJZW,,SYPBVTFW15
CUS0000670,US,UN92KRU9F93C66TA5VUM9AXM,,4J17NXC3BWF,,,2LEI8GUY9P9
CUS0000671,FR,47VO29JHSKTFO4G,1MC7X7NC09,,N17H12KM8Z1V0CZ44XWW2PUSGAU24IWASCLV869EB8,,2JNV56SX4JC7B
CUS0000672,IN,BSFXD3TPHZYA7,,,FVXY1FOSBR2WCCCTV,,9II4BZCYTTPV1W6
CUS0000673,US,,N9NZS5IKTX,6G5C7OPWESL,0ZPCCCQWN9BR9805KUGTAYH2D62NE5A6HZ089GOBO8SYGL9GXD,,0YJX2OHJW
CUS0000674,IN,2Z62ZLKW5T5RXC,,,,,H3OOFV5G1CRL
CUS0000675,FR,,,,2F0VCQQGXL1QSW6J0SXQFHO39C,,IBM9M2PZUKT
CUS0000676,IN,,,,SHT1QRAK1HMWMSJUWVYF9MJ1JFN8QHXWEAWRIXJ4V,,6D6R7LA2K4EJZ
CUS0000677,IN,LN57GPJ04K2,0I2212S1V6,,,,Y823SJSRM
CUS0000678,US,W5KZ06QAVOZ126NLCMEZHNG42,,PTCN98OMMGU,,,6BGZZR
CUS0000679,US,I8DHO67XMEHWRP48GX5PQFU,,BY1A60LPY,ZCJ0LJT59IJVG9J1GPVC0IED7SCE,,5BZI7EC4WL17Z0
CUS0000680,DE,N09FZ9KHSC2O4MD73FRMBMAJBDV,,,,,4ALS5
CUS0000681,DE,2787KEOK3O8HVLJNLI3L,,,HSP9S5XSPF68,,R38DD4LR1NZ07P
CUS0000682,FR,,BRV8P85XCA,,,,DMH2J
CUS0000683,US,OX6ASMNPHX00,DFTZBFMNUL,1KLYDNEYR,ZOOHYGSD9JMGAE4F2HSU3QCVHXB9EAAV02,,K0OXXF41PX
CUS0000684,IN,BJL7Y4GDZ0U1BKSKM,22SFTCX4F5,,I55WKZHU7377HZ9PG4G,,EQKQHK
CUS0000685,DE,TXT02NEN2E4QFA0ZUTUD8W4AMQ,F5ZF3BYGNC,,2N8OF7F3KBPU4YW1QA,,USIZD29JSEH0RNR
CUS0000686,IN,HQ4USZ1JR7JI,1SIEF16QZD,,WGVJPR1ZUJE5S1QUMOG1RUA1CUSGGN4GOS1PGA58C481U2YD,,OARGURS5T5PPR
CUS0000687,IN,4P14CG16XJXPE4UDQAN4BFH7UZ92RB,,,BUWCW4J6E7R2JYZ6DZNLSE1GFWRCYL56B68DZ6MFHJH3VI,,NPFLVY5
CUS0000688,FR,N7W1H1L3HQ,L55MJMU5O5,,,,TJAQLC2P4QHX63E
CUS0000689,DE,VIVOAXW955O,5N3W3JO7G1,,,,JFPUGGEPNDGB4V
CUS0000690,IN,LQZR7SGKNII,C94P7U4DTN,,P4A7W927N4KHOH19,,7AN2E
CUS0000691,DE,E28TR89P8AM2R2O8H,2DQRZKTXUT,,AAUOWU67INQ9GH6B9LO7UDI8R549KV65WO3EX1SGU,,NC2BY005
CUS0000692,US,NOFGE1FGVVOBP5NHMQDO55,,AN5NB0G8IDAS,,,JGZLR2TIT19R
CUS0000693,FR,UD1VIBVOY2HIB2KCW49BO,A8G08QRU1U,,,,F2QSLCUQDXFXU
CUS0000694,FR,ALDHZ5UPCBEOQFTCW8,BEQR1WT7QA,,,,BS0QW
CUS0000695,DE,7NS82WKX0BS9JSZ1IU21DF,,,VFF6HKGYWLXD9HXVBTPGVB2E5QE1R44YMGCOKPH3,,TYG06QSRY0
CUS0000696,DE,6LQTF8OL6EFP2IRR5K3UFRT7TBATYV,,,,,JS9659B4P4Z40Q
CUS0000697,FR,,UPRJWHG83H,,2T21311ZDFHMXKYQIVNH215A7W02UHBX1N05CTR244HR,,DIXBFXXSQSC8
CUS0000698,DE,IXYN5QR9RWVV4Y0NPVRL,BVNA2K44I7,,,,U695D9RK1ZB
CUS0000699,IN,8BL31TQ8LSMXCD4ZG1WO453,,,5G0SEHYM1VB4LVLWCGYEW147D46,,CB7EMNTBJN4TOL1
CUS0000700,IN,SG9AFYWHHLT0QCPEG8,GQ1WWGFJBM,,,,XY11Q
CUS0000701,IN,M9N4WSK76TYP44PT9UD,,,24IF3NEZKWCVWMK12JRT6,,935P67RFK71
CUS0000702,FR,4Q58YFDSB2YKYYULSGU5OE6DJ,QEA3GEIRPP,,1X27GSZOWUBFNXNEFBHU6,,FO4DCE3R
CUS0000703,IN,X0B5OALG2N3NP4CFAGSK0KE9,,,QAA0EN7YVR1ZDKUFRPV8,,FE9BCTVDFUPE
CUS0000704,US,0DJ4ZMR5510DUQ6VYJU4,KLTZQDYQ60,5VQG7K55G,,,YDX9BE
CUS0000705,FR,W5C9KZ59YUCQRSFTRIQJ,,,B78DWCEVHO260L06Q2CSJQE06HSJA2Y8F2AC18EQO1X4JO3Z0G,,3FUCB5
CUS0000706,FR,WH8AA249QL6SXX31G7144C11,KL9OTHQNAJ,,2LX58OM13RD7GKCWRS3Z,,BFLKVZID8N0GA
CUS0000707,US,CEZKDZP3DOXVWGUHZ2YE10JZW,,MYDIXPY65MJD,,,C9BYRB293N
CUS0000708,FR,,,,SHDDA1YU8S6SPOBAR1DOU0,,5CYRP4XASS3DU9P
CUS0000709,US,I57BK31QXH,,DUDH8U5VT,6A8SL5TBYK6K6UA2KWUOLAXI8XEUXDHMVKQ3FF2964WA,,H7RF6BWFSGIBA5
CUS0000710,DE,RXEV1NNJ40J,,,Q2O63MCJXLNDYDX0M0C2FJTHN4NTFIU8EO1YSM1TN1WMFT,,RX09HXC8UGSYOG
CUS0000711,FR,40OPCIMARJNPO77PGYAJUBJ5BQAB,,,1Y16T3C5JYCK3U4601M06BWN5M7D97JMMC3BF8KS35D3,,IGA60MZ37L6
CUS0000712,US,,,AAYZ67EK5DTK,RYU6B18E2IKSG32ANHC9D7NQ9A8WQQ739CR8PMQ0U8Y3,,DLGNE6B110T
CUS0000713,US,4TOB759AN27LVP2GI0775BSFVU58GP,,MESKH4VYIR4R,,,58K2OC
CUS0000714,DE,401IC7TA27RZQAHV22S0YIH56U1VI,TJQV91Z3LL,,3KI04RC1BGUQG,,9087NPIM
CUS0000715,FR,Q160L01FDOXZX5R9D9TM5,,,K0J4OXAZCDEJ10SYC1ESCFADG1ZWU,,CDG47RZI
CUS0000716,FR,KAULIV963MD5MKG0ZXZGC2D8ZEH5FN,,,JWCB0RLJ30QPTT0VI1WDUMS55QFF0AK6XWM985VW95ULDQEWUK,,ODGZROB
CUS0000717,IN,53RSSOOJTW3715,,,,,3IQZR4J6NSGA
CUS0000718,FR,BC29SSL6KPEY,,,6I1W6W4DLS7EAVX4FX,,OQWYWHJOS
CUS0000719,IN,,B6B0NEPVSP,,8RUB4NHJ7KEGELZTJG6FUQQ596N33D5DXB2BXB,,NL2ZLQMI1V2
CUS0000720,IN,7DQ5C46P2755VKM1MYG7TXRRG,,,,,X2J7KZJBG0WGU
CUS0000721,DE,285GXVOMNE2OENT5VYE,,,3YXDJHBBCK571TW7,,DAWHIUO6D0MG
CUS0000722,US,5YNK93K5SYLLZ64U,WKQN85IB2U,MGTTQRHYRUYL,,,J52EW
CUS0000723,FR,,7VA2DUH8JW,,BMF812IB4WGRRX01E,,YAFVDRPRAFAL
CUS0000724,FR,3YT3X0ZX3MI44TFDVA17,JPPDT1LHT5,,,,VO3OAUNSK8A
CUS0000725,FR,0JMDYHWD4HD1,DO13DVDRHH,,421MGS02CYD93R0EJJ6OB6587T42866JQN3WZ7Z81L2Q6L,,2EUQ5
CUS0000726,DE,BHMNY2JFEUY27ERB8K8LS,,,HP2F0UDRKNGX0P48FOHEXG6EPYBBR2DT1TSQDW8EVGOQJ59F,,K18DB6
CUS0000727,FR,,7ESTF11YGG,,JRKA04D9BV7W9JRAQ45U4LSACODMFXE70F2W91L,,T30QGRW6NLXECF
CUS0000728,US,ONQIJ254D8UTK16LPXXQMR,FP7AHHUV4Z,GXGN8XXPKN4,N5PH3UKUJOJRPQJGNW41U1K9A5MOXBA0QUU7CT7KSC,,7YLXW72
CUS0000729,IN,B1KX63NYB7DXW8II0JMF03XB,MI2BNTGS24,,,,60N5FP284A7BV
CUS0000730,IN,9ELJOYV2XM5YRSVHKUYJKJA8NR0,,,,,YHN7D2E9YC1MQV
CUS0000731,US,7M7JJEYJ7YATL56X5GDP0M,,YV0LUCYTEIN,78A967YB7EFA3GSLNZBP06B6V96SQRN5IHML1550N9OEE,,O6TPC45VY
CUS0000732,DE,H9CE74R3KFOGHKYW2TYANDINGIE,2BTLPI5U78,,8UKB0NBQHYWI3KZ,,AWOGCB
CUS0000733,US,UEOZKJM8BEN2CLB,,TAERYYFPZ,5J5KCSXD9A1NWOPNXBHZL0IUECTRYH5PCXEVGNO,,2MDJSA4TFMV
CUS0000734,FR,PDOYO7X4RMOGU6BAB,,,JY5XCFT17PHRZXABOQXX6SYSKDG6GBINKAG,,79AZBH5WC3VHKY
CUS0000735,FR,BRZGZKJ6SM1W1895KAJAQ,,,,,OYVOS
CUS0000736,FR,FQSJ4H2SVNESXXWA9DD,1WT4MU1QI2,,,,FCB7KQUD7HQ1T2C
CUS0000737,IN,,SH5D1AKLXK,,FMQF20LL8BWTE5XRCGYP2C,,K9H2MNNZGB8K1
CUS0000738,DE,IDYSYR04YQ39W,D9QWDETPJW,,K61HAJ7WVG,,UVJAPL8
CUS0000739,FR,H8H7CWL7NCVMA15OA8ODO97SBG14,JEHBVA5G3C,,,,WRB1HTP63
CUS0000740,FR,TPHUX051U3KYL0OK4NKQO5CMFCU,GQEOTMB2Z7,,,,2Y9F1CWFG4AKR
CUS0000741,IN,,2QN3P8CENE,,MSEMW4H19J0HEGS3YKB2NQ384O,,UW0T2MEGZ
CUS0000742,DE,ZO4BA87RO9MCHT9X46GZX1,QE6CISSZL9,,1E3NQYC83N1MFQMF7FM2,,M7ATVAOA7ORHFZ
CUS0000743,DE,L4M909GNO4IK59G9EX,LX68PCLFMZ,,DPP6TE473ZAJ65TA4K0Q76EAVBPF048EL76P,,8VOD9JL27GR1WP
CUS0000744,DE,7JPLC2KT60GFV1KODY59BER,FREJ9AQS2G,,,,M0IS92T6VZLN2
CUS0000745,FR,OI230B0MVEP09D1X4SE09QO0Z,,,4X0F6RWOV42457XIRV6O0E86M,,KMYCSIRRUALWY5
CUS0000746,US,7LV98EZGAO20NKSAO6BTN5QFK,6YUUHA70G3,56NNFPITC,XSLWCEZX2XXU4T7YNJ9EA5AVZDVU4N7SHDZAB1YH,,EVMF2YZBKSSXY3F
CUS0000747,US,Y2V3VXQZBY9MRL0BX,T1ZYD8H63U,SGSBM0OT7,GIYHP2DKKNBSSNEKFMRUV2BC4LVZY95,,N0W27M2EXGD
CUS0000748,DE,534Y5XMIIRY4N3F04UV2HI,VQBK8RTN97,,2ZRHPYY5R8716ZA7471OFTH8PUCSDSSQ3RL3D2IXTRVJ490,,3K94RD3UF
CUS0000749,IN,YAP28K9BOU07HB9X85,4WBGMNLUZ2,,,,TZPF44E7ZL00
CUS0000750,FR,0EZOO9ZN8HPAMJ0IT70TBQZZXR,,,OZTRPQVSGIG3YKD8CEL7PQ6K8ABKBW,,SWZ71
CUS0000751,FR,FKNMFUITARH,,,,,3170FL4
CUS0000752,FR,,,,,,OPV1TJBF
CUS0000753,DE,2ZYF0LXD0SEANE8TE5PL,,,NQ1XXS1EIDO8R03L1Q,,6L6HTNVNVQLV1I
CUS0000754,FR,,,,FP6S3VEPQC3RF6UBX8IQDWUR0WEIDZB1GGW3N2JVPA,,YTOQRI9BU
CUS0000755,DE,KNGWD495PAV,,,PRNLKYJBVXXW,,J6T5XYW28OO
CUS0000756,IN,NEBWF866W2927L7AV4L,,,,,AE991X7S
CUS0000757,FR,B2SV0KUY3ANK2G862W72VD9CIC5VIC,3SNBZQ8Q45,,CJTQRA4PG4F8AHELDMZ5,,EZQI1FZ00R4EB5O
CUS0000758,DE,0XIB8PGMAAEYF7OLFVKC,SEYYRNC9YB,,,,GZ5INITY
CUS0000759,DE,,YDZD13P537,,KEQH8HCD3KB6Q48CGG3DWZR31V8X3X2BOOZ3UR5FBN47S8ZUK,,SUNMQ
CUS0000760,IN,8LB3CABJZ3WVQ2WM1SF1N7IVFG4JM,6KF4LYOPB8,,,,9A861FGKX
CUS0000761,US,DZU34IFGI2GZ7GA7G,,01OXIFVJ04M2,2AZ8071R0T,,WT19VM3S
CUS0000762,IN,32Y854OXFYYCOKP4BGQB,,,2EWGYOJODT55J,,FXWOO6
CUS0000763,DE,B1L96FU0ZDMB8D,7NQMRN0PU1,,52PS5JSQG13YJG85SPB0S5TIMIZ7PT74BLVG0K9C9TW,,I24NOGLV7GI
CUS0000764,FR,ORAQG2QQ31VLITZZ7VH0LE,3GPXJ9TUQ3,,UABW2QV7C500T837THO8PHL31C58PMWS8LIQXIS88HYAMXPTG5,,0GQGGGCGS
CUS0000765,FR,,,,,,6PU7QS9AGI34EI
CUS0000766,FR,,,,,,MAG2SR5QA7
CUS0000767,US,8KKCZQGYU9,,JP30QUI0U,7AKP9YU0L0CA9AX8BH,,AAPAAVM38J8Z7
CUS0000768,FR,JDMA3ED8E1KKN3YZKHXREWE9D2AI3I,,,TJ90NV8PTKYM985RUWFDJOPXX76W3J6OQZN7G1FBWU95XNBJ,,DTE13UKCL36GRV
CUS0000769,DE,,9H4K6RV7T8,,,,L0L97
CUS0000770,FR,B5LBD9BW3BF5SNU2UJIVWX06B9R,AGV9HINYJR,,,,S4CAIWHCZ2ITR1D
CUS0000771,DE,,KS845S3YPD,,,,8BGDC0P
CUS0000772,DE,F6AQICJKMAU4W3PN19L,,,,,WWIV609UY8
CUS0000773,DE,YR647KZT64HOCDDLVWQZQVP,6WIQ6SS3AS,,,,VYNM4
CUS0000774,US,GE7GZHM82XWURKL7GMPJ,3FF7AGY23S,YDQ8A7VJ2G,,,4QNT4Y78N
CUS0000775,FR,F743YTU7D8SMF0UKE2CBUMEI0BXU5T,VX821UXGK0,,C57P2NG7PWTGKPQULMLX7DLS,,GYL3RN
CUS0000776,DE,I60MI5DJNG3QCI7ECYA,,,,,NNR0ALYNP
CUS0000777,DE,ZL95CKVJGXFR,,,,,4IMY6X
CUS0000778,US,8XKYDJPVS4JKQCUXPCZ,,OBARX7I4X,,,5CX09OOVXWZP6
CUS0000779,DE,7J9QN2T7Y9CC,,,,,7A3IZYAS
CUS0000780,US,XBG3UAV0ZWU7CZU8Z5IKMKSL,BDZPEGC14G,YPVFFTJDJ9,JNK90HRAISVTIJQJKS,,DABGMI2
CUS0000781,IN,QPVD5GOVOKUYH50,7R05YSD833,,NYERA9MA3CDZPPYDI5MHV14K0E5M1LJSU,,423M8LTM6JER1K
CUS0000782,IN,7OM7FM6ULKNVBYJ,SCGRTEKTVK,,QXY2B7OOWCR0KMM3RHW,,ON726XFBVPCRV
CUS0000783,FR,D6LW4IOLMAA4A90E91T6T,S3WKGR9PXY,,,,II3ALVIXQGH
CUS0000784,US,,,0LTEJ10206B,,,UZT4C
CUS0000785,IN,KSUMJB1UROI0ESOTDN,JRMHCEV08P,,,,PELKXKZR2S
CUS0000786,FR,12YSSK60OC3,,,,,ECGIS
CUS0000787,DE,XZTIGH64TB,EDD2KMESLB,,NB0SDQFIED3CRNEBWXANFX7639UCY0A12WHRHQ7OWEVZBWHR,,DJEVO8YHGVHH
CUS0000788,US,,GQNXMQHCZG,UAQ5LUWNHC5M,LJA2JUC8TULTB9,,1IUOP
CUS0000789,FR,PEGRDB6HK2,,,IL772TEVQJWQMTVCJZ1QL4P81Z1R9EFCVEKI3JRMB15457O,,EA5A6IQD6OWFO
CUS0000790,IN,W3LD9LP1YFYKB,UHIYZD901H,,,,APBL4Z4N0
CUS0000791,US,ONNWCZZZ51AVWB7BCVDD9NC,XD6CWX1STE,EIQN0EZDXAL,C2ZFH6HT8N057QAPIF22RFH412VXBCRM5VMGV2WILUD8P9Z,,DN15S912XZ4XNU
CUS0000792,US,,SMI5A7GKD3,BN58FAHAP,,,PQGZAB3
CUS0000793,DE,8WHZZFB5ZQTRDROSZE1JIK32I1,RCKYBL7T0W,,,,UY86ZQNM2RWME
CUS0000794,US,S920FTTQOO2OYCD6V2VO3T2ZNG7,,LBAKSK58VKM,UEKH15ZA70CFBY1,,26KTIX0X9IN9VQ
CUS0000795,US,SVBO9ZM7MQYYB7HQS7Z,,ZVOL9OEWMB,GCS7571BEWD6OPRUEL7JQWRF6NM597GT5TJWB3T,,MWDD2
CUS0000796,FR,VACUMU4YDOZ2NNYERLQ4,F1OJU10ER6,,,,P0T8VE27K
CUS0000797,FR,4MDYEQZBF5QFYTBDDJU06MV1I,9444YVQAIO,,HSWHM2RAI8K0W1VLOY4XYL3XQVQAOT6P2XWVPZTK,,Q2CVQQ5ZW6MAE9
CUS0000798,FR,K2DRP68VJ72EW7ORROBI3P9UTRLRD,8AT167Y9C8,,,,L5KT23GHW
CUS0000799,FR,48FV0HZKE5NY4FP7,,,BNEHZ10H1KTZ8714ZLE6ILT3LIQ5,,12C3GZ2FR7W3J
CUS0000800,DE,LMUJ6DBMSEO2PQVRIS4GE,7LLE9HVF2F,,,,1341M
CUS0000801,US,TUP9MMZSKWUAOXPPLFCGKV,,2UESW24COG4A,IX9MLCERNVTXYMZ466O161P0TTT6HBZMI02MIBYBRISJ,,FLR2QN
CUS0000802,DE,48KDN64IHGIBN6J6MCGXAXWT51F19,,,Y6CPCTBAUR07BFMHRNP0AW5QMLGGHWRVIF4GYDEPYSE50UIBXT,,BBE07AGFVN0
CUS0000803,US,NTXMR5NIDA0CHXMVMBW,1LT9898BT5,Q0R9VUWGZ,KSCV2SGFNXMGAP6EZZ52BXJ,,6Y7CQMQJAC
CUS0000804,IN,U46M8CM4BN24NFJDX990T7WND3Q,,,,,WHRAU
CUS0000805,US,GPYE5CACR6WTGIMQ6GASUKUUPYJ,1FRRGJ82DE,MIHVJQG51,T6OKQCZVI0EIHY0T,,DAEEKNOBH03YVXY
CUS0000806,FR,,Y6TGSPTSZK,,B5QDUM6AVXARK7E18OZJV25LFB65L3SHDXFW36FXVV,,XK1QPUIIG4
CUS0000807,IN,JQ74K8DKBJE3LYUGPQJ,57HPGSXYIX,,DIREOBAHHNES1TTLFSP346B,,II44BI1DT3Z472L
CUS0000808,DE,1TEENWA21SY2K2ZMN06BC2HGS5UD,,,,,EJ4ASJ
CUS0000809,IN,,PIN9FTONH0,,,,4TT05C5HH7V
CUS0000810,US,X583IPDM5HUX7,ZTINZLTV68,YN2ER395WB7,,,EE57QTRDDJ5Q6QK
CUS0000811,DE,2NZY1DST8Z3HH87E0,52OS23S027,,,,PG77GU05
CUS0000812,DE,,VRWV23B3D4,,,,XVNBBE5MGQGJ4LW
CUS0000813,IN,9WY2IQDXXVKUG54,1UJZTJRN2T,,JBLIDREA0SZC3KYVKD,,R630D0
CUS0000814,FR,,CDPKHVYMLD,,1WCZYHV87Q,,ZQQEGBCK
CUS0000815,US,5ZCTD0JPLGXH3UHY4L0BV7,FRNRLLC5CS,FC33KKJ93Q,,,MZ5SK8ZCF5Z47
CUS0000816,FR,,,,,,NCWLJN
CUS0000817,IN,JN35VCRS7BZPLQR,,,,,HK0GZXUTI
CUS0000818,FR,4DIHTYEYCT4YEDJ1,,,,,CQM53C
CUS0000819,IN,3CVANU0KP2LRZRUZAS8WFFC,,,PLLZ5EHE56VHLWK3LEZSIJIJWP8QE92V4YF,,KKQX77P11A59
CUS0000820,IN,D6MM46NZHWLY07ZY7B8,,,0VPDBDLJ5XAM0BR4AJ9CPO2FQJHN4S2L5,,J06RUQK
CUS0000821,FR,,,,PZ6NJTB4L6FW6G0E6B6B89DQB,,2JRTVIL
CUS0000822,FR,IY5OI4LLJGUWPJUDGZ,,,2QXGFZVE1A8ZLSUGOM11A,,UJZZT4EF6FNI
CUS0000823,US,HF8QZVXD0N16VEY3,,XWEY02ZDLIMY,WGSP2ARMQJSG0J1MH534RRJLJGLTI,,4M6FBOQ2NG3UGC
CUS0000824,IN,8P9UA6NPK4GBTUNUFNU1M,,,,,EEYOMWQ2FWQN
CUS0000825,IN,,,,,,08JJCZ8IQV9C
CUS0000826,IN,,,,90G6F1LXSMGTUP0VG,,HO03SYF1G1A
CUS0000827,DE,2B4PY4FI5Q4A0XPEL,AY2I12JDRF,,MEGY292U9YQ5QAHJXWPH,,QZG1H
CUS0000828,DE,RDO3IY4VSW20DSFQIWDWZM0DN6V,,,LMHNJ156NTMW8XG330P6X6ZJJVRO50M0ZL65GE3H1XN,,WMRXD17V6I
CUS0000829,DE,D3J7VURH2NTOFTHQK,,,CZ3YJTJ9X5QCTBXK53BMXQ31YOD22,,EABZWGSB5K
CUS0000830,IN,GXCRHE5D6JJIDJUFNBALWCE,,,Q2LDWXUIP46MBQ5W4SUY8SSIYOMNP98T0VECNS,,ISFNCH1DZQQCM
CUS0000831,DE,PSH54MNSOC3H9JG8KFYB1MKOE7Y3,,,,,8DJP8
CUS0000832,IN,,,,,,W2UPW1T
CUS0000833,DE,MWS2L7ZPZKTB,,,JDOE4WEQUACBMX4I7YPVPFBY4O,,2YUNS8D
CUS0000834,IN,YZ7KP9X9WVLBEAHXTTT9T5JA2RDX,AMIKG23VDI,,7PEBNLARGDO5I6EDJ3LV2UWHJ1,,51NNB
CUS0000835,IN,3Y118LHK5S0KG,,,W9LXZWZKEKUCTTET5XN21M29LW0S6W81T,,WU55AUH90XDZ30
CUS0000836,DE,,AUIV063ATK,,5WC8DTZ0AYO6L6XCSG0J3VAKBKLVLHLO9A,,QYI5YPUGS
CUS0000837,FR,FUGIVRX9P8UOOV6SE1WOWVJI9,,,,,CE9F5
CUS0000838,DE,PEHFS1PN1B8GDUASUYG2RDBX,,,NQSWRKFBTKB6SF6L80URC392LUVCXTHVHDN3X23A2YB,,1RHNXG
CUS0000839,IN,,YUXX8K53D0,,I0HXYQB1B7L51HBAKO,,BQXYHV4
CUS0000840,IN,QM9W1MN4W6RFP8475AH97FFHOO4UK,RPKRF2A3GJ,,0PP65C6EMLLD6JLDTS7SPUH569G0QW4HCSJVBAL6S,,5CH8OG
CUS0000841,IN,NQCODV4KVF5OOPW7HO,KDFVJ509XS,,FY2AD0KC6IGIRA3,,SVNYJIHPVCG
CUS0000842,US,Y8UBIF7S6QWRR2JWS3,,S5QTIG2X0,AQYUGSTQT0X5T7ESUKUI668ZTY,,OBQPF49SJEPGO
CUS0000843,FR,5VQ7ON554I2HXQJKQHKUAN7NRGLS4,3JC2TE4WN4,,1PKP9953NOXKG,,M3XW8L0OKF7RX
CUS0000844,US,7W67F7HGRL9H59PSIA0QMMUVMTM,G2IARDNLSJ,MCBF3OHYMOI,A75KTQ46PB5HIFKX581EDJTH,,L4KRSXLC2YEWJ8N
CUS0000845,US,356WG1ZWDG8DDXRSBJ32YDHIOGYI,XFBCBNY08W,TP4P9R2F8RX6,ODLGLE8KM0M4IVHFI7CNFDJYJO2BXCY3S9,,KJKUSZVR5Y
CUS0000846,IN,,TXWDNYVOWS,,2KQ112YIK04YE5T2ARWVKJS,,X1QJX
CUS0000847,DE,DYRO4FZCMS65OEG1CHWYVPXLFGU,QAFWBQN3D7,,B76PV7XW6O1QUQ92X24QIWSKDTNY7K4UZ6Q57UD2714LU,,V7A8Z2
CUS0000848,DE,OKS04EJ3VKN2G,JXYMUE95W2,,LCPYEOBEST0RG4KSEDN15U7,,J7RCEF3E
CUS0000849,IN,,,,,,7Q03D9
CUS0000850,FR,4NG0J2WK5T0DFCBZ2,A3DE6NIXZY,,,,A7VP3C
CUS0000851,US,GAJIIHKZ9N,,UGCHE8EYM,,,3174ECHSTFF
CUS0000852,FR,9JJXHYQIV6YH12J,BJUQTYUUCK,,,,7JUQ7D
CUS0000853,DE,VAKSJQI0NPXLOH3US625H,,,,,FNIAPG70213
CUS0000854,DE,L659A5MDCT1OCY0,1LYCK1TECQ,,,,UQU6QT0W3
CUS0000855,FR,P2HWMQK36NL73,,,3Y1UQ8SI5TS1TVRDMBBJG,,USWM99LNIPT
CUS0000856,DE,WY06KI70X4XTJAO9,O3ZEEX34AG,,,,W7GYJN
CUS0000857,US,RK9EHW83ZVCEYM2XBX2IHXEC9FDBQ,CI35OIAYVZ,J20M9A7LYMK,,,GFTPFD3V
CUS0000858,IN,,,,,,GRL1SIOBY
CUS0000859,DE,SM6M6E05TI8UT,,,4QP9S5VI64KTV398LLSVWSBRJHBA,,ZHH427URXNCW28
CUS0000860,FR,1LNPVPACIWWMVL,,,35NGLWKTX75CHOGHE2WH5PN,,SLHVFV1
CUS0000861,DE,594E3EOUNW6FDWR8LV1K4N1RMMH,AJ90849SJ4,,UOZ2ID2WCYYGI8UZ,,SF0SPNGFF
CUS0000862,DE,8UTBKYIG7CZAP0PKOXH9UKJF1WZFMD,,,,,FS6SURTMBA3S
CUS0000863,DE,,,,,,HS0WG6NGZ
CUS0000864,IN,XOP1MCV3W36YZD3,,,B3Y11CYWB6XJ1FD060XWNIYQ5RGQELR,,M17S6NUYD
CUS0000865,US,9JA65GYN79HN,,4FG6O9G84I,AG7E3X30AG6C712UII0ITFVI7OK6GZ1,,5MENF3SPHPUI
CUS0000866,FR,LWVP51XEF7IU11VHYNH3K4G,,,0L8FMSHOVBMMSZA4T062U2,,UTQ8JH65N9L
CUS0000867,US,U6854RCWDNEVENTYXD80,1O85RS45FO,FKVP7PQFB1X,,,20YX0KC05DPONY
CUS0000868,FR,,TGC9QM4HH7,,ANRCPV6L4H5MI,,FA1ZZS1X
CUS0000869,US,,,46653796TW6,,,34FGSF3S0E
CUS0000870,US,,,OWGB8NI57Z,87TJBBOLYVDODUIQGGRKC20XGONVLSX41DP0E,,K4DTUN7182ZEJ20
CUS0000871,FR,MVTUZEROHWM6M,,,XPELDC7VCTDBLRG2CNZQLP5PNENTJTES2H64ZKE44SJLGC,,R8IFVF4VB50P
CUS0000872,US,DRYF0UFZZK4FRW4D1U,,61KN26X23G3H,MF5Y4A5AAIK21KRTVL26SMAAO856C0S1VTF808T65RMLAN,,9Z64BN4XX58
CUS0000873,DE,U4YUNAJQ0SNB6HOIJLW,,,EIK0ZTPXARUX2OGSJ11LJQ521A,,6D4EDDJQU771RH3
CUS0000874,IN,4POMP6MM72196N9Z77JW6H,,,8GYWLJPVC5P485OXIH7BY7QZBMNSLWD8Z3JJ0,,FD2Z232802O4E
CUS0000875,US,,Q16ONCXN5R,1KQIYHDPP,45MYWG78RH80ZFNJTBZPX4LQ3ZN9W4JZ7UCA3I9TO6W7A,,611KRUBUERBT63
CUS0000876,IN,5XROSUPYSZGD5523JJKJ1TYFUPPCA,I3XD4041P8,,,,P9YAH17EJC
CUS0000877,FR,DBZFWX7WOK,,,,,VLNLIGT8TRF
CUS0000878,IN,XF2ZMNDP9FU1UC4AW1XEA1N0HEI7,,,HE3MBYO7JERUI827ZI6PAL9SDXJE6WDUYD9MGGJ0DQ,,0UQ9E9RRAP81W
CUS0000879,DE,L5DXQ63T74CVZYJOBDXZATRZGXAGI,,,,,D0ZXY1DXBW
CUS0000880,US,,,31V58N4PGT5,JCMUJFYBHBI31R5ETLQOKFGEDI10IP52M9GOPA8,,KP58ANTYNM
CUS0000881,IN,JX0UZ9Z08CV9CCDX9W,,,,,XDFURO8V38G9
CUS0000882,US,,GS77HWHSR1,FVQH3FCA0X0J,,,SUVPZO5511
CUS0000883,DE,CKORSIO9G1LLY1R6TG7ZG,97OZNV8DXN,,FMEMW1HG2AK56S4MTT3M2KLOH4YE09KKW,,RMHNU5TA72T2R
CUS0000884,US,,J0G5W0V25D,H6PSQJVHF6CU,EISGXI61PT9QAE1F2DYQHTTUNP5WLB,,GR1GYTEW4OM417
CUS0000885,DE,FMRE56EAA5HX4GTWGTWGRWU8M85NY,,,,,E7D8QP77EY8
CUS0000886,DE,KMBC3BTYRQVAPBAYAQWHD6F6,DBL5YPI3LK,,O1UDQNJYCVDQ3OWNUJK0XQNDWN3MTXGMW1SJ0DYDB,,K3QAUFQPHYSF
CUS0000887,US,M1X0TDKXSL1C,8LKM7QNX3M,TX9KJUE4R5U,23WZXUGK66V1M8M1501W3DNFAFK,,75WNQLET
CUS0000888,DE,VSV3S67O17M9IXJX,,,MVPVLEWE5MSY0B18JQ4GW4U0GB8CECNBKLGINVXGLG06OIMJ9,,IK0OI0IHS
CUS0000889,DE,GVCRUHZ582596CFHWGNL18TLM,,,,,0CNMYMFCV
CUS0000890,FR,PLM9GWSVVI3941KYALNV1SBO,6FXA4915ZN,,,,HS93RYHLPFACJSF
CUS0000891,DE,U7ZN2NVNMK4CI6Z01618X8RNE,EDZWFTQ3NZ,,,,FBVW25EC
CUS0000892,IN,3V0C98V9Y2MV7T,MGQRVKGKW9,,IA6G9CRDHUHTGSAWD9WAFPR4RKZO0QELK0T2I,,LSVNZASI
CUS0000893,DE,3SRIXPZ7VL21,,,G99GKJTYYHQK8C5AKA3A1PWGUEE4VNPH2DIWNP54A8YDTP,,93LXM3F5IC
CUS0000894,US,OBAMLVY0R2QEMPEGW,6OS8TKJ01M,XTNBBNTHP,VMY15FNZT0MVFTUKL6INIUNT6UL2NQ0W23,,OWLH5AYSA1SFJME
CUS0000895,DE,TQ36NA2VAGZMJ5,,,,,GBWIYZM0T
CUS0000896,IN,ELZQUSMY506414,,,LY60MAFONOI599IG2AK04HYESSG8WHT3W1H0CN8SUJZB06LK63,,TFAYYE
CUS0000897,DE,MKV27C96VC1AMDOS4EFLDI4NBIO7X,,,,,IJC3JJMCNPX9JOO
CUS0000898,DE,P54P83K293Y28,,,9SLIY0VGTQ,,V3RMBZJBY7E
CUS0000899,DE,TH62JDL6FENAA7RPNHSF9HE20PM,A3RVDSSPK2,,K9AJ7RQH0FYN0LRD77VH1OIP6GM5AU4SECP40KL0VRHUIX8,,OU57EH0SR10
CUS0000900,DE,,KDGDLGV7VH,,,,DGSYCI
CUS0000901,IN,PVZ6K6AGRD8HIPV1OFZ5Y,2GZ9L3799R,,,,F8EM8OT52CWF
CUS0000902,US,4OA9BL7KGNHFT6LTFT,,RSTY38SJU,TBBF207OPRXADQGXFFMCNB2Y,,YGYZ9
CUS0000903,DE,,B75I7T7E6G,,ZIORQQDUX2JT53KFO0MZJBE0ARSH4KMEBE2DY17YP2IG8X,,6QDT4CX3FK
CUS0000904,FR,YRG1UZY03GV3HFHIC5BG7,,,7MX15L0LXVIW30FWBPMW6Q8D70E617M,,RJK58XNI
CUS0000905,US,EPO8NAARAD,W9TBGTCV1V,JW295CCUD,ARZMZEH7M70R78MYI00F0MY24E33UL0TLYGWR83,,QGIQUK
CUS0000906,FR,CXC84VVCU1KQS8F888Y27XBGO,,,M73D2RFTKBGPR8TN9L8ETBSYLT481MW2LN0K4OOD6APTUS,,PLECUSY90
CUS0000907,US,D4AE6RZ20E3BXHFC,ZKU4ZIEDCJ,W3VXBBDQT,1YPCX2K5X1JLBKH2U8L9NBUM3BHO4ZB3,,JR7MJO34
CUS0000908,DE,RYY8UNLRHS6SJ0969C52W4S1W,,,,,XFLRI2PQY
CUS0000909,IN,,,,FZWJL75NUGF9347ZPQERS9452T20M2EBM,,550D086
CUS0000910,FR,LAVBU48SZLJEZNQ0VF8,,,,,IESEO7
CUS0000911,IN,4D8161UGQ10DG5AWP03CGVXKLY,QYXVJX592M,,,,ALK3HFN
CUS0000912,US,JFR7DC8Q2UV,PSNJ9LOEMI,9P0YQ7PW6,,,5NI3U6RV1J4GM
CUS0000913,FR,QTZ7RW8BDYZBT3,,,,,SZV6895LRRT
CUS0000914,FR,,,,RICL3TPC7FFJICLEVGI6WFNY6RCUSGYVKO5AA8254XE,,LK1B4PS3
CUS0000915,DE,3Q8T1ROEDNINO8WQP214PDW,,,1RV08JIRNFIFJW,,67MKNB48HRHIV
CUS0000916,FR,2D35LTQVT4U2EGOHX075NHC,YSU1OR17SX,,AAMW9W64IYML4WCL,,YTLHALP
CUS0000917,FR,,,,B5P10T5CYUAHZROPW0JMVBLEEH64ACAC8ILIDWPIKC8PW,,7BS1YE2HAFS48
CUS0000918,IN,WGH5MCZ0UDZ676X31CL3MH1B,DJTVAZMI3D,,,,F1QU1TY80
CUS0000919,FR,Q0HRK6TABAAHN2QM26R5GB4P6LMLJU,,,,,41KJNPRV
CUS0000920,US,H45ZX3801FCDCBWFH7,,R5PNNT6FSD,YOFUWW7DB64X5V3VGNH6O9IM5D8RRQY8UBGM8FP6XTG9TLO,,U3CE42PO5
CUS0000921,US,XMZCWS5FL4OFC8JYK43U0A1,,H61YAXYZGF9,IFB4U61TOX9PB5UOMYMHQI60G7ZH4UZ81NQURYRKLB0JVV,,MW8D9
CUS0000922,FR,PQSGC67WOS98PFL2K226NSD5MI6F9F,F52GHAOSCL,,O1E5TU3QG4E6R7ABDBAFOPDKHR9BQAFFPKGW9EJ35,,20SUYE7T
CUS0000923,FR,X8MNZV2T5CGS6,LA6OO7IYW1,,8Y8EIYZ0HYK32B61YW3S81X22U3514N6BC3UC07I,,POPR3SFL1596
CUS0000924,FR,,P8XQZAXJF3,,,,NAV629K6
CUS0000925,US,,,WV5ZND678N,2EA0IMFWSOTS,,T3A8S8Z5HH2K
CUS0000926,DE,UYPQM1XDQG0JZ3LRA6YK95DFPJGXZ1,E63H3HARVK,,,,9BJLFPG9ZCUCM
CUS0000927,DE,F4PSF4QFR0WXTUFLPNVXE0TFW0ZMBM,60T6ZVBD2S,,LUAEF0XOZQ3BZ11456GNQETVJRR91R,,NWBBQMWE7R
CUS0000928,US,,JQZXGNJ3FD,TGL1RP7Q4,,,KBXDGYNPJPZIUO
CUS0000929,IN,,HHKSGI6NAB,,8H6NKRXH05F52ZH1A5FG4JJPO,,HPNXNFXPW1K83I
CUS0000930,DE,,,,,,QGR25
CUS0000931,US,9K88LE8ISSY9KGZMYI5AN71,,2OJKNIIQK1M,NZ6FKVQGSVI758R4WARQ3SF21TNRREAW3TCYULWNLPIRT,,RXHXUA92
CUS0000932,FR,5I8HU2B11LWAG1LLBT,2HQS94KS7Q,,1HWL7PAU19ID9D6LB4,,66LKCIWLHARJMW
CUS0000933,DE,NDK5IAKUFBAK,X367PVQNK1,,,,D9A34CAO4
CUS0000934,US,DY8UJSYA669XKD8UHWFLI,,YCB3SRHG2HXD,65P4IWBGJU16R7NROI2815EVTLVU,,T25DC3FFDOXMOZ
CUS0000935,IN,,,,LMRAVFXU8810PHRO83DYHEVTJHH76VQHJYUVH4NO,,9HROFN2QB
CUS0000936,US,8DHGA0P9KLRRPKYWQUF66H56VUE2,,SPZ9CNRXQ8N,RD7CECA0UZ8F8NMMFZ4KYYSBPD2W,,B1RB7HDY2HDG2Y
CUS0000937,DE,KB8YVN5SRWW8MMF7X1YV,Q36GJ0796H,,9YPLDF3CNB57H31IPLUV78HFHK230GXG8B26RTIQY31BDQIW20,,QTW8T2WFZE
CUS0000938,DE,BEQBBVTTT1KXJH0WP93ND3ZYZ5WJQ,,,GU45AZW9EGIRXD429O1OUC06D,,3H00KNO
CUS0000939,DE,AF32L0VV6ENI1GMVQI2AF9I,DDKUOCRZ4T,,G8XOOHEVZS6OU0L93VMG6Q8PPYSJHWJ0QX73EYY,,NIKG1
CUS0000940,US,6JFVV5QFIXGLG,,MSAE4ETRVX,,,YJWM02GG5HICOT
CUS0000941,DE,RH2VYWLNADILSLIO2FZYTONMW,,,,,EEEUIK2
CUS0000942,US,,,D041QIDHF5,,,ECECHBQZ
CUS0000943,US,LCTVY08ZWFBM9WN4LI37,AKVNLTR788,501W34ZUT,K9GQ1PEKSVPQ3QEEZC6Q38H9KJKNRRSR,,8T7WZTTVF
CUS0000944,DE,X3IFQIYD4EOMFRO8I2ZSZHINWUQXJV,,,,,032ND
CUS0000945,FR,NQZ9ZKD4VNHFM9K7F,,,,,2P6T8
CUS0000946,DE,CZ6HWGFQ0I36VZ0KE4ZK3,,,6HTRX0WFR2VNCESQYNP8QUUS,,JIE76T9
CUS0000947,US,DWPD97OBJLJCKT,,102CZ7M9K9KY,,,A45OU
CUS0000948,DE,LXWBHJFNXVMDHKVOQM1QY1O,4V1TSBNFR6,,EQV5LBWXUOKGZ9UWU,,SXAW7NZD3KJ96S
CUS0000949,IN,,,,,,0Y67AGBZVL7WS
CUS0000950,DE,ULN1GQG1O2B,5QIBCWDLSA,,,,2496FDQ6
CUS0000951,DE,BWQKS927SCTGT5GQA6735,,,,,KIHM3CEZ97S
CUS0000952,US,ZPOAT4GTGUL6TI3Y53RG1VP2R,,29V0N2GYSPZE,,,7XXITE5H175
CUS0000953,DE,U0PRNLUFAHFBK97,REREDFFICF,,,,FU41GRIM6DLEL
CUS0000954,DE,JQ4A6B5CL37X2RM0SKVRLT3DLYG,,,,,IA4L3JIPH72
CUS0000955,US,PNTRWO2XC9LBM6UY6CI9TRA,,27M0IY9RSG,,,DQS3UFWP5KZB
CUS0000956,FR,IP7JABAL48A049IR1UUMAJJLKHI,,,BNU8NLJOK5JOTQIREZD7N97FQ8R8KKNMIL6T1ZH2FC6G6ZMJH,,LFQWWTQ2IJ
CUS0000957,FR,Q75QQKLV2MC,6XD7N2ROJD,,,,A9PA35P1Y4X
CUS0000958,DE,5FU3OOOVO6N5CLP8SDU1S3YG,,,HJC3ZJR8CWKKQI3U1H2P2JDF4BEH2UVVZ33S4PXHC03,,6C5HZ5576
CUS0000959,US,SIOAA9NOTH84HUU,,MMDO6AMXR,2OGJXBR968G85X3OILI47CJ7P,,8ZNGC0LBR1390M
CUS0000960,US,EYEQ8Z4C3Y80QRREH8WFCGVQK2L,OAG6C75IV6,LOBIK4L5XKH,,,JPEHROSEYYO8K03
CUS0000961,FR,2I323H6R0BWMTZV2SDY8OQ8165G1,,,,,F54MYBU
CUS0000962,IN,A8EFABC448PH7K0N4QE85DNLLUD6F,,,K4QSXQWSS4K275LSS23,,B0Z9Y2QIA
CUS0000963,FR,18KM2YF9IUNB8575BEL6ELFKZ,X14ECLYKKU,,,,U0I6SSO5
CUS0000964,IN,6QBGKWIDCQPLCE8,JS4Z0136NB,,5KRDN4WFN508Q7HT,,Y5G9SUEJA6R1WP
CUS0000965,DE,QCXZ8SWNQDGD3XL924KIV4UDILVP,,,,,4KXRSXU
CUS0000966,US,2U8IVQ142J,257MA2UF0M,Z1LZ4TAC3,KH5YR8ANZESWTQBLFX,,7R9TERLI8O
CUS0000967,DE,IIOWEF5T6ZM,8CW8QZC4AQ,,5XMF2K1EC8QUZMEQ,,GL0VD785XV6
CUS0000968,DE,486F106CZVEG9692ST4MLF426,,,S43BZC7VV96MT8X0SOK3XTFEU1XJ43DFWYKYZ8F,,2JBC9UQ
CUS0000969,FR,1R0CZZTMKP5VV,,,7MOOFQPJWS6UK6LAZ11UNQ52FCBBJ8FACBNK0Z0F39,,QTEZJ550WAJ
CUS0000970,DE,,FJIHXMXM3U,,,,E3ZZHYKSIMN7
CUS0000971,US,4CH23STZB8O,QH5UA39MGI,OHUOR5YLG5,BO2WGTGYR90Y79LM3MI27ZCK7S0NXXWBEJEFQWIUMVXPAFYXR5,,SQXGQUJEAICN68
CUS0000972,FR,EP1BSIEJGACS0854WJFCD7S9,LWV17YJLKD,,,,G3FBWY5NJ
CUS0000973,IN,0C3AYQ75JPV7M9VF3XIDT34BCT7MA2,PKXVN8K3TN,,ZKIVD1NT7N3PIOAEQ0Q,,P7DUS
CUS0000974,US,DN5GCHBRRNNCXC8,QC0BD74Z6S,XU7TJKWL32Y7,X1STJL55VBFNJXI02TRILLF1YDWLM6G,,ESLBOU352OHL
CUS0000975,DE,P7YNYJOE5VWNN3MT431ND1U8W6J3,,,TYEW95OBP56U7GRTI7M0830HB3UBUZFG,,XGC5T8H97Z
CUS0000976,FR,,E5E62I3AFL,,,,ZKQLDYDXEG
CUS0000977,FR,0AVRPVJZ9IET2FAIPL5GC4PIV,,,HLPCMT6DU0QNF2IFDR,,E7Y3BE
CUS0000978,FR,WBUTSXMG9GOGJWS2,MQGPWBVRA2,,,,H9YIRM09HMFS
CUS0000979,DE,,,,,,IB28QW7RV8TD
CUS0000980,IN,4YAIG9D115IVL2MSQRWHCZ25,EA9MA0NRSM,,,,7QKV2WRLO3PVNQ3
CUS0000981,IN,,,,6MKKVOVBLL22QZAMO7Q5HO4AV755VIKLFKCCTAJNRIDMO84N9,,WCDIGU0P
CUS0000982,IN,RM0V6YTE48UHOTSUUPKY55M,TJ8NF687ZG,,ZOPTL6CFGVQHY6LS33AWQHEQC1XR5ZWGL14R,,WOWGM6PQX0KN
CUS0000983,IN,U1VGV8JJNDT5ZCV120X1FKR9NOTQG,YN6JXKGSO4,,,,KD7OFFZ602QQ271
CUS0000984,FR,3E8FGZQQH9,,,5F63DHVO93RBWREET8UHH4SKYFTIJ2TBSWFKK7V6N3B9HDPW,,9HCBTL
CUS0000985,DE,J8WQ3LZOGVD6E,12DRIW2BNU,,YRJ7KOX6R865,,80S7SE
CUS0000986,IN,SYCWN5CZJ3JOVIZRN,P784DU4G1K,,,,T65CD1Q0HR
CUS0000987,FR,6P6WZCH116V90327VO,,,VNNCOZENIYBP8ZHX2SIMZ8M27AN2F3E91U88B3,,JCQ0VT
CUS0000988,DE,YOYNZM9HNJILNDSLGDO59LB,N5CFLOMV2N,,,,AFLIIJBEON
CUS0000989,FR,U4RA9UD4SFFOJ8IM01T,,,19OFP9ABNP9MP13MZET,,0ESX0FU8G6HE
CUS0000990,US,SJLKPE56V7NJCEC97EA4KOJJ5T27P,,TRHA68NTR,P5SIRTF56V9Q45CJNI6MFDEX2EFASP2,,PTFBJTJ
CUS0000991,DE,YNGDYK19SSE933180F4182L0IBTK5,DFTEDB7JWL,,WGH409KUHUJ66BCT0BXR0BXC6TVF4AQIDS,,2982VIYOKK7QS
CUS0000992,US,U9DLEDN44ABJPNU8,B1L3TFX4D6,K6ZCQGYGTO,OTH6JTWU2S0SOMODRBNCV9F6HX6,,1IJX8
CUS0000993,US,REQP2MPNELN7YWVZ9VDKIA8BXM8T5,,2XENLRZUE8,GQ1HKCHQC36ORBA22E0DGB9OH2PT1MLGX,,3UMG5UI8
CUS0000994,FR,KQBDCIUM5V8F8OV,LJ94RA75X5,,,,OWF9CK1
CUS0000995,DE,TI86TEYORS53L50MJAWXFX3AQWMOAS,9HX96JY74S,,5NHQAJBOBD8GAOFEHTA5WX381,,Q6TSODVN
CUS0000996,DE,,,,,,B6JO9J789G
CUS0000997,FR,FU68B5OJ5HTYOWVSJ8T170N8,NKM7OJI4DT,,,,SBKYWV9ULQX9
CUS0000998,US,HB6G6WR8BUFQP77L4,CQR5F8EMJS,0JES0GONW,P4DKUUWZMS9HQHW33H9D2Q,,M10XI8XGQGA6L2R
CUS0000999,DE,X0WJXB51MO4O0SMXO5,SZPD5DDV7N,,,,ZNJPEDLZWU5S4
CUS0001000,DE,MZZ5OUJGZB7PTCK63RANNRZR4MXOV,,,USJ0I03F78K04DFN,,Y2OLJH32WRE
