ORDER_ID,START_DATE,END_DATE,MIN_AMOUNT,MAX_AMOUNT,ORDER_AMOUNT,CUSTOMER_NAME
ORD0000001,2027-03-04,2028-09-17,645.52,1711.9,794.32,8F1CBFNO
ORD0000002,2025-08-31,2028-10-23,3049.89,3437.65,3301.89,0O2RAK1VRJNVGFYGWWQC38
ORD0000003,2021-05-26,2025-08-23,4868.27,4878.65,4871.31,XMECOSFOGYR3XKXWNREK8PK3Y
ORD0000004,2023-01-10,2030-03-15,4948.66,4983.99,4956.42,DOCUZRENUN5Z3JQ
ORD0000005,2021-07-25,2027-11-10,1308.47,3298.12,2794.77,ZXOI65FDHJK1EYY37Q
ORD0000006,2030-11-21,2030-11-21,2810.81,4300.08,2981.41,RVHS1K3AQ6L6GT6MJXK87A
ORD0000007,2026-09-19,2026-10-28,1688.36,2058.83,1822.83,TPDPFF5E8II49KQ71N8MTZX272HPOE
ORD0000008,2023-10-16,2029-12-31,203.07,1306.91,446.15,DOECVE6
ORD0000009,2022-09-01,2028-02-10,1464.54,2221.97,1564.76,4P40MGG1W103DGDZVGPMM82
ORD0000010,2021-07-28,2024-09-10,2167.22,3477.74,3313.25,29GD8AF
ORD0000011,2030-05-22,2030-07-21,3792.47,3993.3,3890.0,ZDKYAYQ3S19
ORD0000012,2027-06-04,2028-04-16,3620.2,3882.22,3677.24,8DUDD4
ORD0000013,2025-08-21,2028-08-12,4605.0,4667.19,4664.75,LEEPZHP
ORD0000014,2026-06-29,2029-12-18,3013.14,3176.03,3120.22,7UQNUPQZIT3UEA3GE8N6QIW
ORD0000015,2029-11-17,2030-03-22,437.08,2123.2,703.06,T7A9TGIQHG9JRSNVNQ65QD
ORD0000016,2021-01-13,2030-05-03,3207.99,3703.8,3209.75,IQK2919AHEJ8CX9J1ICTXCWNPGW90
ORD0000017,2030-12-02,2030-12-06,3141.24,4862.01,3548.61,L0BLV0PRKG
ORD0000018,2024-04-15,2029-07-25,4373.62,4512.95,4487.4,WTOOBMZVRERW6Z8VBHQ
ORD0000019,2022-01-01,2024-12-23,2944.89,3023.51,2991.79,U16HYMQC1A78MX1E
ORD0000020,2030-08-22,2030-11-14,3354.76,4380.0,4034.89,T6T0UZS9
ORD0000021,2021-06-05,2028-11-18,1040.02,4763.84,3562.23,TZ9ATSN1U3
ORD0000022,2024-12-14,2027-05-08,2266.58,3663.83,3375.63,KFS6VFPTOMJBCP4E30MY5ZPJAG1OL7
ORD0000023,2025-03-17,2028-01-01,346.07,4615.91,864.25,379U26192
ORD0000024,2030-01-22,2030-09-22,879.87,2734.22,2273.93,R75PR2ESPRVU8FIJOYJNE00V8
ORD0000025,2025-03-23,2027-07-18,2137.29,4521.62,3065.93,BY4AWTY088O5OR15BYVZK3I8BZBF1
ORD0000026,2021-07-09,2023-07-23,4347.57,4380.38,4360.01,3UVYR0QF4B8
ORD0000027,2020-08-01,2024-07-04,4999.55,4999.65,4999.56,CBPMBJPI4HN3QXKHKTGBTYZME
ORD0000028,2026-08-22,2030-02-26,3484.01,3852.17,3740.69,HCW81XE6VA05G1
ORD0000029,2030-10-10,2030-12-07,1874.72,4085.26,2837.38,7R8431RUPFR2P3YVB5UL5NWQVRR9
ORD0000030,2020-02-11,2022-04-03,2631.47,2834.25,2777.49,9P452BFSOZPTX497W19V
ORD0000031,2023-12-12,2026-12-25,3543.99,3990.44,3646.91,MUH8LMN4R7SGMSOXLTA8IRCD9SI5
ORD0000032,2021-02-24,2027-08-03,4376.33,4553.66,4461.22,LDQ4HEZ5EDJJTFP
ORD0000033,2021-04-30,2025-12-29,2834.56,4147.5,3872.76,7Y22T1TDGNNQ
ORD0000034,2027-05-29,2028-10-01,497.82,1280.36,556.56,024SC
ORD0000035,2022-08-06,2025-10-07,1511.71,3963.93,2625.09,OQM1H8OJRJEDKTS2H3TZR6852F
ORD0000036,2026-09-15,2029-02-15,295.32,3751.07,2381.6,FOBRC
ORD0000037,2028-07-22,2029-11-15,3805.72,4425.51,4079.81,L15F4W0VUGKV0
ORD0000038,2027-10-12,2030-01-09,2527.8,4539.1,3634.21,FUQUHZ6A830DM7X52DN
ORD0000039,2022-12-29,2026-03-22,2791.18,3758.9,3466.89,BPKT9A90
ORD0000040,2021-01-16,2030-06-24,1201.03,4669.22,2801.42,J5S6R044
ORD0000041,2022-09-25,2024-05-09,2338.25,3359.26,3279.49,IER0V6RAST5J284WV98Y3
ORD0000042,2030-06-17,2030-08-04,1676.71,4936.11,2455.07,O0CU4YYJ5CI6VG2G7
ORD0000043,2030-03-18,2030-05-30,2338.95,3429.92,3053.3,E4QVZFV8Y
ORD0000044,2030-09-13,2030-12-13,1651.64,4623.1,3101.56,CEPSOF1GG2KTBCUDSWX1JP
ORD0000045,2025-12-15,2029-10-11,2119.05,4402.26,2507.16,YP5JO3Q
ORD0000046,2025-02-25,2025-04-04,1351.1,4631.13,2877.14,8KE2WT1Q3TMY4G
ORD0000047,2022-08-29,2026-09-07,1968.69,3711.12,3698.39,BZRAD5SOWOMQIG
ORD0000048,2030-02-17,2030-03-09,3174.54,3738.48,3423.14,XIFSU0LMI8X76RKQ4SVH3EJ
ORD0000049,2028-06-16,2030-11-13,4835.85,4946.87,4910.72,9XFZAQ8H3XQYXGO4B
ORD0000050,2026-12-12,2030-02-03,4432.75,4618.81,4546.26,E3T0HICCT5HGP8IY3X80J0G50
ORD0000051,2030-07-13,2030-07-21,4762.46,4926.43,4798.09,PXGX8WDZRMH3FNBDVPI
ORD0000052,2028-10-28,2029-01-06,2866.43,4636.9,3847.64,NOVJARJI8QLHBIAWPUBLQDI
ORD0000053,2028-04-26,2028-08-20,2162.71,4278.38,3170.29,X6G26OC7T3BD4Z1G52EFUJEIR9UY7
ORD0000054,2023-04-22,2030-02-03,2323.21,3474.76,3236.5,9N12O0V3
ORD0000055,2024-06-21,2025-07-15,2138.35,3032.75,2417.87,XJ4EFFF1GXI9D
ORD0000056,2026-07-30,2029-09-22,4787.46,4857.52,4796.02,1DSTWG6NJ4OGW9XH
ORD0000057,2028-07-20,2029-03-08,1464.98,4318.52,3876.66,9BRBLRTVWALJZEJBF7NY03VKXTUFD
ORD0000058,2021-09-29,2028-09-02,871.31,1076.76,888.07,1520RN6HW1HS57TCOZD
ORD0000059,2020-02-01,2030-09-08,1101.67,1925.13,1214.68,SUHA51LIY8O69
ORD0000060,2029-05-06,2030-05-03,3373.44,3490.68,3474.47,1B3EU1
ORD0000061,2026-06-06,2030-01-07,2081.67,3300.64,2222.06,UK3XF
ORD0000062,2024-11-23,2027-08-16,4237.97,4569.97,4370.92,ZTVOVKE
ORD0000063,2025-09-21,2028-09-11,3202.8,4119.29,4033.07,WJPGJQMLJEL532UU
ORD0000064,2021-09-10,2026-12-13,2254.84,3468.77,2622.44,DW6ET32CDXSEF
ORD0000065,2026-11-24,2029-01-19,3010.99,3931.33,3521.15,C2MU46JD2GVF6LCP2277KXXSY0VDVE
ORD0000066,2023-09-12,2028-01-12,563.08,1823.82,1475.52,JVFJWTZIFT9YVI7F16XBXTLNV5
ORD0000067,2022-02-25,2023-09-11,1210.06,1797.29,1383.76,G687CVIYJKLK2C0XP2S2O8PT4MX23S
ORD0000068,2028-09-22,2030-03-16,1971.17,3239.22,2176.67,IQD4X9G7HSF
ORD0000069,2028-07-22,2029-10-25,885.53,4610.39,1434.38,FO2WB0DZ6XPYFXOBUG
ORD0000070,2029-05-30,2030-05-08,3602.05,4708.36,3754.28,4I42AFBQNJ971H
ORD0000071,2028-09-14,2029-07-19,1511.7,1936.74,1613.05,3EH58B6PJS1AWP0LF7XE78669
ORD0000072,2020-03-24,2025-07-01,2013.22,2143.25,2063.53,QBWEWPGVICW8VL34
ORD0000073,2027-01-31,2027-11-03,993.16,1245.99,1189.4,CSMCMCUT6Z84QCMSWDV
ORD0000074,2023-01-24,2027-03-11,709.93,2584.48,1459.79,YVL55X7RF1F1L8SUGFU
ORD0000075,2027-05-31,2029-11-29,1548.64,3628.5,2434.9,2W2CW1RDEZX6KBJ2CIEPXXYCJ2X
ORD0000076,2024-03-03,2025-01-11,2275.3,3839.06,3103.25,URPHBL57Y9HQQ2NS5
ORD0000077,2022-03-30,2023-01-27,700.92,2644.29,2447.39,FUWE98STKLX6OHMIP5B
ORD0000078,2024-01-18,2028-03-08,2814.71,3836.13,3818.78,FETZ4700E
ORD0000079,2021-05-28,2028-08-10,4864.66,4874.7,4869.34,WI9LI16DH7JTKKUOW7SFQ
ORD0000080,2022-03-15,2028-05-18,3211.78,3702.56,3518.53,8F6KJKVCBFCQN0B58ST4PZT3
ORD0000081,2020-10-25,2022-08-03,3474.21,4144.96,3799.02,VJUUWZIX69G
ORD0000082,2023-07-31,2024-12-13,1284.52,2278.31,1530.9,DSY0PKUU
ORD0000083,2022-02-16,2027-09-18,3839.29,4995.32,4378.94,5BFZ63PNWDDS54
ORD0000084,2023-03-16,2024-05-29,2729.78,3708.08,3593.09,XZXCZD9MX9SEY629RHIGZXV9XJM6
ORD0000085,2024-07-02,2025-01-03,2550.38,2645.7,2618.4,473J6IUUKZTV6685T4BXVH0TB4QOD4
ORD0000086,2021-11-29,2029-12-30,2668.74,4113.51,3884.03,PCHMB2U0J
ORD0000087,2024-08-18,2029-03-25,3483.45,4244.48,3948.8,DI7N9U47YUL38V8WQ4MP
ORD0000088,2023-02-16,2025-08-25,2834.62,4873.29,4837.12,SN5U4W9RSH8YZWJSCSFW2Q4NM8R9R
ORD0000089,2021-07-16,2029-11-05,635.21,3196.6,1256.24,7OODG0V4GIA9K044MSUSDFO8CL
ORD0000090,2024-09-07,2026-08-28,4423.0,4961.87,4442.58,5LSCATGVS3875I63R
ORD0000091,2022-02-28,2025-11-13,4063.19,4215.42,4133.05,LAVSMLZ16UFZG
ORD0000092,2022-01-26,2027-06-04,4910.26,4939.3,4917.46,YP2RVTAQXPDH3
ORD0000093,2023-06-10,2029-01-27,882.61,4683.4,4256.96,THSXOOI4J3X0948NPF727XEHD96M8
ORD0000094,2021-09-05,2027-07-07,906.23,2715.02,2136.74,5F62D3I603D93TBZQANEC1WE8DE
ORD0000095,2030-06-21,2030-09-02,2413.15,3470.83,3226.48,0XY2YYF8IWHL8Z7IOABT3818YOP3W
ORD0000096,2021-09-27,2029-11-13,1450.68,4167.65,1538.21,0BPNEGC2DPCZ2O8NDI6SOUUPTJ
ORD0000097,2027-05-28,2029-09-20,2654.13,3359.07,2697.1,L195DWY7U00JTYL84POTJ3D
ORD0000098,2026-04-22,2028-08-22,2122.12,3725.92,2337.18,QNVF2XF8MDRY
ORD0000099,2027-07-22,2027-10-10,3064.35,4755.37,3382.54,9N4NVTANMH4PNZP9USY38WTQX653G
ORD0000100,2029-01-01,2030-04-26,4908.46,4978.18,4930.79,XU0COJBQ90S
ORD0000101,2021-09-16,2024-04-15,1061.34,2557.4,2308.1,9VQ553KWKI85L8D7CEDA
ORD0000102,2024-08-16,2027-03-21,773.71,1060.96,817.09,63XD45BA890
ORD0000103,2020-02-18,2028-03-25,181.96,1505.67,1475.86,61LGG
ORD0000104,2025-11-17,2026-12-15,829.6,3414.33,1482.03,RZFXZ3POTFCFZYY9
ORD0000105,2025-05-03,2025-06-10,374.96,3625.65,643.75,VG7CON4RCER8CLUBNJ
ORD0000106,2028-06-08,2030-09-26,4121.38,4471.33,4148.3,PY8VYIF6WD
ORD0000107,2021-02-04,2030-07-02,2241.73,2451.41,2368.62,ZUBR25OW9Y1LYFSPEFRJYJYU
ORD0000108,2024-01-17,2024-02-07,622.1,4750.29,2458.05,RGIFL129960GBFW9FUYAS0YF9P7KY
ORD0000109,2021-11-25,2025-04-11,780.32,1912.91,945.6,1R0T4EXQP5
ORD0000110,2026-08-29,2029-03-23,3121.68,3322.61,3182.89,VYV2V1ITUM4ULZUS5
ORD0000111,2030-11-07,2030-11-22,2921.81,3599.06,3111.64,ZXHM8L9B3N2SE05ITPQJ1YE24Z8608
ORD0000112,2020-05-30,2024-06-10,3974.53,4694.03,4558.98,FGPWKCZV1GAGQO679O2XZ36J
ORD0000113,2023-11-13,2029-04-12,4988.74,4989.92,4989.23,HJWTV3N
ORD0000114,2025-11-04,2028-07-06,2466.34,2713.68,2644.92,UETCHBVGKP7L9KV913O
ORD0000115,2028-12-11,2029-06-17,2084.73,2628.1,2441.89,BM21YANNREG8LXUM3
ORD0000116,2021-04-11,2030-12-13,1385.53,3154.76,3094.46,YZHWW3LTFIUHPTH
ORD0000117,2022-01-19,2023-08-21,1929.2,3497.84,2585.27,Y1L58L9K5
ORD0000118,2023-03-29,2026-10-07,787.45,4334.35,2984.44,A5IMY96505025KFB
ORD0000119,2028-12-03,2029-09-28,3829.18,3867.46,3837.79,K3596HHR8X8C28
ORD0000120,2022-06-14,2023-08-07,4949.9,4986.77,4974.0,TC2QWF2HPNW1
ORD0000121,2021-11-10,2030-08-29,3119.14,3507.76,3199.56,W8R8KU
ORD0000122,2030-12-23,2030-12-27,3549.86,4380.41,4340.87,GI0DRIIPJUPZ5JR0Y2EFZ
ORD0000123,2025-10-12,2029-09-03,3774.03,4921.95,4197.69,UAF3WE8ZN1N5RUSV9I5V
ORD0000124,2030-01-10,2030-02-03,3444.5,3515.96,3489.25,BHK23A1MITKRFXQFXKD
ORD0000125,2024-06-11,2027-01-26,3165.46,3952.9,3237.27,AN4EIO72
ORD0000126,2020-02-08,2023-12-16,139.51,4111.06,4064.02,I4EOYFGGUXTIYIJE7A
ORD0000127,2026-11-04,2029-04-23,3285.1,3887.35,3413.41,J02NFGIHYW1UIPRFP9SBTN76MZSD
ORD0000128,2028-10-15,2029-06-17,4499.77,4747.33,4527.68,E7AXUIY0X8L4EBEAQNCD
ORD0000129,2030-08-21,2030-12-28,3967.52,4263.31,4178.31,01ZF88JRFTF6NJ8UZET1PDPF1H3DT
ORD0000130,2027-06-21,2028-06-14,3734.3,3885.48,3841.32,AK5W77QKXIRHBV1R7EQE536XD5K
ORD0000131,2024-02-15,2025-04-11,870.82,4563.42,3360.08,O6ACAPC4
ORD0000132,2024-01-30,2025-10-05,1976.6,2517.67,2496.21,90OUP0
ORD0000133,2030-04-09,2030-08-25,3629.41,4761.51,4276.45,6DLO7CZE
ORD0000134,2029-11-01,2030-03-25,2378.96,4406.41,3008.88,93AXMST
ORD0000135,2028-04-17,2029-08-05,3151.32,3832.14,3812.98,M8PJA0BO8WAVAYTGN7P05DJRFCO70
ORD0000136,2027-11-10,2030-06-05,4488.33,4986.98,4530.67,6IZED1IP
ORD0000137,2023-04-09,2026-10-20,1378.86,4732.19,2696.56,UU2ROEMIGJGK23U0H8WN2T3QHFKT
ORD0000138,2029-04-07,2030-12-15,3553.05,3611.41,3601.83,JFPWZ6DTQLBZ299
ORD0000139,2022-10-20,2023-12-11,564.15,4130.12,1062.65,DOIMZ
ORD0000140,2024-03-04,2025-02-11,3462.8,4357.95,3694.48,BEM2IFV
ORD0000141,2021-05-16,2026-07-17,309.21,546.74,528.72,Z5BY1LWNLRR2JCPS50
ORD0000142,2029-11-24,2029-12-25,2798.37,2991.5,2872.34,M7P8BYW485W6UYRLBU
ORD0000143,2026-09-11,2028-04-08,1173.2,1397.42,1395.52,WOKGPPR8DOYWLLPUWBWJM
ORD0000144,2029-05-20,2030-10-06,4941.23,4973.09,4946.82,FDOOB7
ORD0000145,2025-05-11,2027-08-14,103.35,4052.23,1448.97,UDBJJH7XEX
ORD0000146,2027-11-25,2030-02-12,4715.42,4882.19,4771.55,IK15UL9WOLYTSIL
ORD0000147,2028-03-04,2030-05-14,108.81,4270.02,3316.4,CLUOG5JVEPWUKFV2AQNPEWQ
ORD0000148,2028-10-28,2028-10-29,629.37,839.8,721.58,K05YW8YG4OK2ECSBUQ
ORD0000149,2030-09-03,2030-10-16,613.15,1359.38,893.33,E9FV4B1K1KDGVNM098QSTPGDZ95J
ORD0000150,2020-08-11,2025-05-28,1868.06,2142.51,2094.18,4MGBNKSF4HTZ45QF8YLXYXL2C
ORD0000151,2022-12-14,2025-11-26,2254.73,2875.83,2421.53,JGFW80
ORD0000152,2030-11-20,2030-12-04,3806.64,4467.29,4362.11,084P4TFZC67JH2LKNMIC1
ORD0000153,2020-11-16,2025-10-04,4942.57,4954.17,4952.11,QUEFY9Z9U
ORD0000154,2029-08-09,2030-03-31,1453.38,4706.2,1493.6,70H0JJGGGS8W0QY54CLRZJZCZVP
ORD0000155,2020-07-20,2030-11-16,3754.17,4088.78,3878.79,TTR5GOIT2UR0FM2
ORD0000156,2022-05-15,2026-12-07,4575.82,4890.11,4814.52,D6KET6ZI7BLMMDPC
ORD0000157,2025-02-12,2029-02-27,347.74,3625.88,1245.88,6ZHBPX52L49WWKQFSBY
ORD0000158,2020-07-22,2026-12-21,898.25,4096.92,1583.78,ONR06BA4ILAO
ORD0000159,2022-10-30,2026-04-03,3080.89,4448.72,4051.19,1YW3QN3T7ZGA6
ORD0000160,2027-06-06,2029-07-11,4835.78,4927.98,4890.53,TG4EVRURQTMJ7P
ORD0000161,2030-02-02,2030-12-06,378.2,2245.86,975.08,B5SQ0ZYCM
ORD0000162,2023-11-06,2026-05-04,3660.09,4579.69,4247.08,W6TK9LSG4IQ9LVFOWOT0
ORD0000163,2028-11-02,2029-11-17,4445.53,4590.0,4488.01,4DE4M6HY
ORD0000164,2025-12-10,2026-03-30,1561.94,4555.97,2013.38,V03JULF5VLU
ORD0000165,2027-02-11,2029-08-24,384.27,1646.8,1345.3,K5FI11Z14Y
ORD0000166,2020-01-20,2022-04-15,284.85,3730.02,3558.0,7MBAPOWTIGY6TKE
ORD0000167,2029-03-28,2030-01-19,324.02,2455.92,1433.22,V1IV5WMKZBOOINB6KHXCY
ORD0000168,2029-10-30,2030-11-28,3237.57,4180.0,3283.36,GBDH02
ORD0000169,2024-04-06,2027-02-05,705.62,2742.86,1017.58,AT0G7RI0G6HSHG5MMQ7MW0SKC95
ORD0000170,2030-03-17,2030-11-18,1117.7,2401.2,1121.21,FH5JF6EGQO3SQ3DGLCSXU1HGCA
ORD0000171,2029-07-21,2030-01-11,778.13,2165.69,2019.34,RFXVLHZZ3RY40KHIDKG042LY
ORD0000172,2028-09-26,2028-10-25,1857.13,4568.09,4242.64,I45H02CEQUA7OV77G1P4WYJ9DAK6
ORD0000173,2029-07-08,2030-11-27,2399.52,4660.42,2568.78,UPVRD6O9YZPF322F52UH
ORD0000174,2030-12-30,2030-12-30,2537.13,2789.93,2641.37,9AFT69N3VXDO3V94X2HGOA
ORD0000175,2023-10-30,2030-12-07,1840.18,4887.62,2729.98,XGCK5I0GQMMHZN3MVG0CH
ORD0000176,2028-08-28,2029-12-09,4469.6,4818.85,4803.55,5A7D9146L
ORD0000177,2027-10-04,2028-06-22,2934.92,3148.77,3075.53,U6Y0PRZVS2II06T9U9NMNSWI
ORD0000178,2027-12-19,2028-12-17,3285.42,4149.39,3885.28,HW9408S1A7GBYJD
ORD0000179,2027-07-08,2029-01-04,377.36,3845.2,935.46,QJDSN8CW2G9O9Y
ORD0000180,2022-08-31,2030-06-21,2603.52,3292.84,3061.57,Y0U9DAQM2OX8MMS2L
ORD0000181,2027-08-28,2028-08-17,464.9,3798.56,862.79,1R9QIK
ORD0000182,2026-07-20,2026-07-31,4245.47,4494.89,4422.48,CJUDT59WE
ORD0000183,2028-10-16,2030-04-07,3567.64,3882.7,3625.57,6K088ZF
ORD0000184,2023-12-02,2026-04-23,1183.87,3715.24,2021.92,N749AHW2PPCUYH
ORD0000185,2024-04-29,2027-07-01,1357.29,1447.29,1403.81,X6625CSMU6FGK88AENN1GN81EJB3V
ORD0000186,2020-06-04,2021-01-12,528.85,1324.68,729.33,OQ0Y2Z1
ORD0000187,2023-07-19,2024-11-14,182.77,2759.19,1835.34,ECEW6GSTFS2YZB4K8OIZ8SJT
ORD0000188,2027-08-06,2029-09-08,4446.19,4976.4,4452.1,JHCAZ89FTNWN06JKLOQMHL
ORD0000189,2027-07-11,2027-10-30,4018.33,4854.11,4797.59,39ESEQGM5VWIPGSEMU52VT
ORD0000190,2027-10-11,2030-12-12,2962.43,4117.45,3895.34,KAUPO1RXIV432WT59G
ORD0000191,2021-12-20,2022-11-20,3263.2,4725.23,4518.67,8MQEEB6BZ
ORD0000192,2028-08-16,2028-09-22,2991.18,4099.23,3593.37,4JXZOSI366FZX6APK6I2KL
ORD0000193,2026-05-08,2030-01-17,4748.69,4967.88,4780.74,4WCO5OEQXOCN7XY43CCUG7RQ8LYY
ORD0000194,2024-02-05,2024-12-19,2979.63,4023.48,3372.46,7ZWW54A6I2KO
ORD0000195,2020-11-11,2024-01-05,2621.25,3124.4,2715.29,HO0VH444NK0BPCIK
ORD0000196,2021-07-05,2021-12-12,3184.75,4801.77,3422.23,QL7ZBSFN24
ORD0000197,2029-09-22,2030-01-12,2460.18,4569.15,3727.33,L6QKV3EOYYIGBM760JGL4C86HF4I8A
ORD0000198,2030-01-21,2030-12-19,4694.9,4826.55,4750.28,71O4YW
ORD0000199,2026-08-09,2030-11-15,4042.64,4844.13,4504.4,IQ4OFS80QMAA7H7AYN
ORD0000200,2027-09-18,2030-01-02,4041.01,4388.42,4094.78,QQ81XRZN0994LX994QTWZIHO2
ORD0000201,2028-10-12,2029-03-26,3526.63,3674.38,3601.74,V9DKYAFJ41FEQOXFCYZ7SDL52AM7SM
ORD0000202,2020-05-17,2026-02-06,3941.4,4487.44,4067.9,CXPAKFRZWZ
ORD0000203,2024-07-18,2030-05-08,2971.79,3002.96,2993.72,9S9WWRO
ORD0000204,2026-10-19,2029-05-07,4818.98,4987.28,4915.74,L06G9E6SVH6Q8
ORD0000205,2029-02-12,2029-10-26,3987.61,4690.4,4666.54,4PV33B4HQEYOOU0W78AQPSF
ORD0000206,2024-06-22,2028-04-22,3401.12,3522.68,3514.34,UWNRLM5MPPQNOMPWJGHF
ORD0000207,2027-07-31,2030-05-04,4783.32,4916.32,4884.96,C4XU5R5L6RZOID7148C6WZ
ORD0000208,2029-08-25,2029-11-22,3463.06,4165.74,3547.64,3UAANYGUXQL9QPR4VXL51
ORD0000209,2022-05-12,2030-10-17,2153.56,3213.32,3058.94,2LIOGRP91YMJJ
ORD0000210,2025-04-21,2027-04-14,4047.77,4449.15,4101.74,78U5TQ9DZGKDNQ4G2VQXX99QW
ORD0000211,2020-03-22,2024-02-28,2117.63,4617.71,4525.5,8LSWU652FYS
ORD0000212,2025-03-14,2026-10-28,3195.39,4762.26,4199.1,0ZEFKVOUUSRZR2X
ORD0000213,2028-05-21,2029-08-25,2975.91,3813.86,3130.0,IPQFN
ORD0000214,2021-11-14,2022-12-10,2045.52,2233.99,2211.13,DBZ7FGQJFYTOPS2II7KBCW
ORD0000215,2029-08-25,2030-11-10,4584.83,4782.52,4777.57,R92I8L3178TW48OF2TX0QJ
ORD0000216,2023-05-28,2029-04-09,151.72,4104.91,3503.81,S48A54TA1SOA9XM0
ORD0000217,2029-11-22,2030-06-12,2846.72,3384.82,3231.43,YYOQF1P7RS8R0MELISH32R5MU
ORD0000218,2020-03-20,2026-03-20,845.53,937.47,934.93,RI2AOFJA5NV0T5
ORD0000219,2024-03-01,2024-07-08,2372.05,3239.93,3104.15,DRZE84LMQ
ORD0000220,2029-03-01,2029-03-13,1969.73,2339.31,2253.62,Y2PCM3G7N4YT
ORD0000221,2030-07-01,2030-12-09,1683.01,4098.57,3481.94,7HQ4TMXDNHP1UAKRHZPAC4
ORD0000222,2027-09-20,2029-10-19,3021.44,4546.51,3400.76,FVDDWJ8GI5OU9W2MBYWI
ORD0000223,2022-10-23,2028-04-01,4503.45,4854.33,4699.6,5ML8WU3R9KE7J2SQ8X3A6Y
ORD0000224,2028-03-24,2028-04-12,1009.12,3482.41,1909.58,PUE8YM759JSU0UHG7ECILCMG
ORD0000225,2025-06-11,2025-08-15,1038.92,3300.74,2930.48,57QDXOEAN5F3DX90XDR7CETEN7
ORD0000226,2021-02-01,2023-09-05,596.0,2937.44,1039.61,PL990GW31GKL9Z6VK82WU
ORD0000227,2026-03-03,2027-12-27,4958.17,4993.51,4972.74,1UP8NY9QX22ZACSB7ITATONUB
ORD0000228,2028-08-26,2030-08-02,4127.51,4844.99,4786.95,9JGC3WJIQXPOQTFZNEU4L
ORD0000229,2025-06-22,2029-05-04,4145.96,4746.22,4637.88,TCYFDVW1
ORD0000230,2024-09-02,2026-01-08,4658.21,4955.49,4725.61,AYDT7CU8JU6OJDZ26FO1SZJIV
ORD0000231,2020-12-04,2029-04-13,2431.69,2558.34,2482.25,Z61II49
ORD0000232,2022-03-22,2029-07-14,2490.52,3924.26,3295.09,7PPER1UFH01XWMUWBTKW2J2COMXJ
ORD0000233,2028-06-30,2028-09-25,3669.59,3819.09,3677.74,JSAVHT24BVN8NN87Q94JBY7C
ORD0000234,2022-11-12,2026-01-18,934.57,1750.49,1502.88,D3AEYRXGBSYOY
ORD0000235,2025-09-13,2026-04-04,4885.4,4988.98,4935.6,8FLM639BCP7TV5ZKBWWWTP6R
ORD0000236,2029-02-07,2029-10-28,403.85,4442.38,3999.77,9ROJV
ORD0000237,2030-01-22,2030-04-02,2024.95,2286.14,2124.78,O0PJ1TV28INI8MIT7I1JKUE98H
ORD0000238,2022-01-24,2023-09-12,1656.23,4087.42,3517.15,0T2RJMGILBROOOBWF4
ORD0000239,2021-07-03,2028-04-13,2561.39,3704.52,3303.93,Y54IKMOC0A
ORD0000240,2030-05-18,2030-08-31,1422.31,2218.54,1956.85,NEL25U3P1ZC
ORD0000241,2026-10-26,2028-12-13,3703.13,4637.14,4071.27,87C7G23CP78ZC9Y7DMS2ZTS3K1SD
ORD0000242,2027-09-27,2028-07-14,2633.15,3730.37,3342.07,6HL8IZ0
ORD0000243,2023-08-17,2025-08-18,2309.34,3530.04,3403.84,3FQUKHFH2XF
ORD0000244,2025-11-15,2029-12-12,3565.67,4700.32,4146.23,Y9YCKVJKJL
ORD0000245,2028-08-16,2029-10-19,3589.03,4023.7,3906.41,SLHIMAQA3558A5PN430
ORD0000246,2024-12-14,2025-01-09,489.08,1592.96,1093.28,9NDLJDWCJCTVFDG0LKS9L3XC
ORD0000247,2021-01-16,2024-08-30,3865.71,4283.77,4024.13,19ES4IH
ORD0000248,2027-10-16,2029-08-20,4311.1,4674.19,4501.59,NDG7F4S1UQ7WI5755LOSMAHB3HN
ORD0000249,2028-12-19,2030-02-16,3115.01,3895.47,3375.52,NAMSQETT69UAHVVZBLMVV4
ORD0000250,2030-04-10,2030-04-28,2425.05,4087.57,3225.55,38V30D7TU98BNVWEJRBVY8KYL
ORD0000251,2026-09-03,2030-11-20,672.54,2006.62,1816.94,CR0F5PX2TN7TLHXCMF26B46JMV4
ORD0000252,2028-03-19,2029-01-30,4382.01,4861.28,4450.69,7INC3Y7H
ORD0000253,2020-01-17,2020-07-15,1623.81,3943.43,3002.33,V3CG7TB
ORD0000254,2026-06-23,2030-01-21,3816.62,4872.36,4155.39,SR8U2HRJKRH
ORD0000255,2020-03-03,2026-06-12,4795.66,4900.7,4817.36,9URJSPKETV82DIB4
ORD0000256,2030-02-16,2030-04-11,3409.93,4019.88,3462.46,L2WTVM8F3IF3G3T34
ORD0000257,2022-08-07,2024-03-17,4742.5,4964.23,4879.29,ZLVU35BE4HW43KSW
ORD0000258,2026-10-11,2029-08-16,2915.92,3130.44,3091.3,GU9ET83Z0PP9K4YEVN11V8PLE5H3U9
ORD0000259,2021-02-03,2023-01-25,4127.91,4396.54,4236.92,GYU5DFNIAJJ28SY2MNUTT1WF
ORD0000260,2026-07-14,2029-05-24,139.78,2104.27,390.36,DX9DA9WHSBP1ZU
ORD0000261,2027-12-25,2030-02-13,1975.67,3291.83,2253.66,4IM9YX0JSI
ORD0000262,2021-07-04,2028-10-10,156.85,232.93,211.73,1IFI031L36192YWOL1A5
ORD0000263,2029-06-30,2030-11-25,3681.48,4036.49,4010.42,XCC4XH4FJ7R37F7FP4E8TDV
ORD0000264,2025-12-31,2028-08-17,3914.78,4407.51,4361.22,V0WSSKCTQD4KDSBS5FI6ERQ
ORD0000265,2021-06-26,2024-07-27,3117.41,4732.41,3140.35,LJ2XLQP5
ORD0000266,2022-01-10,2022-05-25,4016.92,4353.97,4045.37,J50YP2KNW
ORD0000267,2020-08-10,2029-01-29,3247.08,4683.65,3322.53,Z4T48OYY4QJ71AS2YU7
ORD0000268,2027-08-29,2028-03-15,4783.77,4982.21,4910.26,RVRRGQZ3PM7VLU9AAE
ORD0000269,2020-02-18,2026-01-08,2115.12,2414.88,2248.8,SQMCBFDNHHFI
ORD0000270,2024-03-19,2030-07-24,3316.33,4668.65,3566.2,LQS3E3R1
ORD0000271,2027-10-06,2029-07-29,4526.62,4648.44,4621.73,DYYVDQQL2E5MZ
ORD0000272,2021-12-31,2023-03-20,3262.87,3512.8,3454.99,G2QGCEEQ2B5
ORD0000273,2021-09-01,2021-09-04,3299.04,4885.85,4353.64,JVZA6541ZE8OA
ORD0000274,2024-04-23,2029-09-18,4775.36,4802.59,4789.94,VTZDFX8VF3SML9CY
ORD0000275,2027-05-30,2029-08-05,1035.92,4589.56,3276.91,5F2MICMBP5YE8T58
ORD0000276,2030-10-27,2030-12-23,4187.83,4972.85,4200.72,DVCZHN738JOECJ5
ORD0000277,2027-05-02,2030-10-19,193.41,413.56,347.8,ALDTG3KEG
ORD0000278,2021-04-12,2030-03-29,2536.0,4052.91,2631.73,1VZUH8IUNCL
ORD0000279,2023-10-06,2026-10-31,409.79,1058.1,678.94,X9K2PCIGYKB5FAALFS04INJR720
ORD0000280,2022-09-06,2029-07-11,4696.64,4906.47,4821.76,5FTW0A9PMH7GX86O3NRDMHJ45LK
ORD0000281,2027-07-07,2027-10-25,4621.1,4865.44,4690.75,QV3CGD8LKB56HEP2U0
ORD0000282,2022-03-25,2025-11-18,3760.73,4045.84,3792.13,GP0MYOE45D1J
ORD0000283,2022-06-04,2027-07-11,4646.65,4709.57,4670.15,MWRMVICDRIH330KVOSK
ORD0000284,2028-11-07,2030-07-26,3993.37,4904.95,4520.37,OF075N43RA1PPU1OJA0CC4
ORD0000285,2028-03-23,2028-04-26,3866.17,4348.84,4056.5,G25PF9A0NIWSPFB4TK3B33IZLX3AEY
ORD0000286,2030-01-07,2030-10-05,3484.68,3534.25,3505.79,8NFVD6XDHYX3C
ORD0000287,2024-02-06,2030-05-13,1895.52,4083.79,3122.61,NIVP8H4NOUWR61RDEXW2567H488S2
ORD0000288,2026-12-18,2030-09-26,1903.91,4830.85,4271.21,M3FFZLS
ORD0000289,2030-09-30,2030-10-13,4787.47,4822.49,4791.39,5JN7BS08I
ORD0000290,2025-04-25,2030-04-17,1798.83,4160.36,1849.56,EBO7V0VU579
ORD0000291,2024-12-28,2026-06-21,2344.23,4729.86,3075.41,QO4XSDJWS3KK8SLLJKPHCUI2QXLN9C
ORD0000292,2027-06-19,2029-05-23,1653.02,2148.19,1875.07,8THBZ5J3UJ
ORD0000293,2020-01-18,2026-03-04,4853.74,4996.43,4901.01,S4SJ2VH4CI9HTBZO2WFUDM7ORMB
ORD0000294,2020-12-08,2025-12-06,2738.22,4269.59,4204.7,ZM5U6DXZJ1XYXASWWT29F
ORD0000295,2022-06-02,2027-05-26,3666.48,4655.32,4077.45,SK10IFJNT47VEYFA0R0
ORD0000296,2021-12-17,2029-12-04,2823.49,4059.57,3954.35,LYS95CTT593
ORD0000297,2022-07-08,2022-07-18,231.52,965.98,451.98,4HS0L5PBHR5EX41Q4HX6BQKDJ
ORD0000298,2023-08-02,2025-02-06,2359.12,3302.93,2409.04,0WDSS7E6MLGK8UUT
ORD0000299,2023-01-16,2030-10-05,3458.67,4017.44,3757.29,JAI7SX50VKGNJ6OM
ORD0000300,2028-11-30,2030-08-20,4495.58,4843.45,4826.92,9H03EHIB4WTXI27VLTBHOI
ORD0000301,2029-08-10,2030-07-28,3501.8,3841.25,3544.35,F1HEB41CM
ORD0000302,2021-03-17,2028-08-09,260.68,2694.22,404.9,QCETAGHN
ORD0000303,2026-08-03,2027-08-16,4515.76,4840.49,4525.26,RWWK6P6EG
ORD0000304,2029-03-11,2029-03-25,2932.86,4026.04,3715.37,K8AGN64XL2GLWY
ORD0000305,2024-10-03,2027-04-23,1149.94,2719.14,2344.74,H3H7I5XS9CFU5HY
ORD0000306,2023-03-07,2026-09-04,2339.03,4167.24,3876.72,90S1ME4XLA5G
ORD0000307,2024-06-11,2025-05-25,2246.49,2574.76,2376.09,GKEXMVMZHO15RRZW4Z56RJ3GHQ5
ORD0000308,2025-07-29,2030-11-10,1231.03,1738.36,1281.56,E5BLYU
ORD0000309,2021-09-17,2028-09-12,1583.49,1912.61,1608.67,753MS556Q8V88BC1HY2UY23CCL9TK
ORD0000310,2025-07-06,2027-04-06,2210.34,4206.96,3183.6,598449K6
ORD0000311,2020-08-16,2026-03-04,2017.79,3780.41,2683.7,WSUDBCIXWBVYG1WW0WDPPPTFET
ORD0000312,2021-04-13,2021-07-02,1754.21,3501.8,1819.53,160RB4BUYYUG5GNV56VKTX1M5E
ORD0000313,2029-06-04,2030-01-09,4266.64,4477.38,4276.66,ZOFGVRE741NWET6T18UM0ZQ
ORD0000314,2027-01-03,2030-10-09,2625.31,4438.25,2952.73,7L5N3
ORD0000315,2023-01-02,2028-12-23,4692.1,4941.17,4904.5,D7MX3JPJT10UEN0RSK
ORD0000316,2022-11-16,2025-07-10,3465.59,4088.35,3536.31,BPT35911CMK
ORD0000317,2023-01-22,2025-12-15,768.51,4109.99,1696.68,LC5BDFUTE0XFZIPH6H77Q5
ORD0000318,2029-12-02,2030-10-05,542.22,1087.3,981.93,YP1NJGLNR20QD58
ORD0000319,2024-03-14,2025-06-19,3528.13,3993.96,3725.54,PRJX4XTBCDPQ9YTXH8P2YAZQTF
ORD0000320,2030-07-02,2030-08-31,4131.27,4389.65,4353.33,2U0CRF540V
ORD0000321,2028-01-17,2028-08-09,2169.59,4502.98,3799.42,EW09U3BDL2IAZMTUFHKP7
ORD0000322,2028-01-01,2028-09-23,4851.36,4977.25,4937.69,U24IQLUSMF0XLZYOBB9OF3MQKDZ1QJ
ORD0000323,2020-12-30,2022-11-26,4794.36,4989.15,4817.22,7135HONMRS5YI1NNSM0L0JBSQP2
ORD0000324,2030-03-05,2030-12-28,1316.76,3837.08,2471.48,4IUZN
ORD0000325,2027-12-31,2030-05-15,1979.13,4202.8,2548.89,9DDVP4WC
ORD0000326,2020-01-22,2027-01-03,1342.92,2736.04,2704.73,XI9CLQK65V3IFU71JQHUCI5RX1
ORD0000327,2023-03-04,2026-02-14,4523.68,4815.63,4746.02,7U1KU5J92DMJD
ORD0000328,2022-07-30,2027-11-07,997.39,2038.97,1732.71,H5C2W9535HJHWFNSLK
ORD0000329,2028-05-29,2029-03-04,2592.82,3948.66,3491.93,A7L0EP5GVBS
ORD0000330,2027-08-22,2028-04-27,4908.54,4944.59,4929.82,UJBF343R
ORD0000331,2026-08-30,2028-07-04,3324.23,4949.34,4390.58,UINDSUDE9YFZQLPZFBN
ORD0000332,2021-10-29,2026-05-04,2003.66,2857.42,2646.16,JHT51TIWGX6M52Y4R1F1XL11F
ORD0000333,2020-06-14,2025-08-25,2615.37,4228.43,3660.0,J577FS31F4TJITP71SD9EC6G610
ORD0000334,2021-01-22,2029-02-19,2376.82,3868.04,2754.67,F6BH3LLZCF0TU
ORD0000335,2026-08-02,2030-10-31,3648.06,4554.21,4213.33,VLNLFQG18BAZH
ORD0000336,2020-02-24,2025-07-01,941.5,2809.07,1698.04,5TXZTFIIAMHBMBN4JP18MFT3J4
ORD0000337,2024-09-24,2026-08-05,206.9,4532.27,3402.4,54B2PMSZDVAG1059SC5
ORD0000338,2024-06-25,2029-12-14,2481.89,3065.85,2517.34,1U9ER
ORD0000339,2030-01-05,2030-09-04,3276.67,3478.2,3402.16,W21BKSM4W2O6OV3ISY0X4KNSF
ORD0000340,2027-06-25,2028-06-13,2466.16,2971.62,2772.34,05TPN9DB
ORD0000341,2024-01-09,2028-01-10,4416.44,4811.47,4485.46,CEV1HOH9O5QVWC9RJ6GD2
ORD0000342,2028-12-16,2029-04-08,2339.96,4932.59,4366.5,G9C6GKHNXKS265GJXVIHM20A
ORD0000343,2022-10-01,2028-01-23,4190.59,4466.86,4330.11,RX0XPJ7
ORD0000344,2024-09-23,2026-04-11,3957.36,4793.32,4302.95,37XB2JA7EFVUZK1DZC
ORD0000345,2027-05-28,2028-04-01,4620.34,4962.99,4640.15,7S0Z9TUWAR7JZ2N82WZMTFC8V
ORD0000346,2024-05-16,2025-10-14,3652.98,4354.06,4032.12,F69T7VKBB8Q
ORD0000347,2022-09-15,2026-02-10,4177.92,4775.17,4767.38,DXQ6WHDH
ORD0000348,2025-01-12,2025-02-02,1560.01,3118.83,3092.25,8OWTSIY7PGU7MX3GJ10FFD1I4N2EX7
ORD0000349,2024-07-07,2030-05-02,2982.37,4553.75,4352.64,51250KJ6I53I67HN34CK9XH
ORD0000350,2026-09-30,2027-05-13,4276.36,4363.82,4326.37,7JHXTX
ORD0000351,2023-05-27,2023-09-18,1540.51,4277.67,1929.57,0DTSNL5AH9WEC04T2VY4II6
ORD0000352,2027-02-19,2029-08-28,2358.59,4120.99,2621.16,UF0YOZV8C2RFKBT9H9FM8D7M46BH
ORD0000353,2027-05-20,2028-05-22,4687.29,4988.23,4770.04,P2F8UZC5BV1
ORD0000354,2022-01-09,2027-12-11,2133.19,3043.07,2367.19,G8KSJLQF
ORD0000355,2021-09-23,2026-04-18,1603.29,3908.33,1739.09,LBDTYGUJ0UQYHDM
ORD0000356,2022-09-08,2029-04-04,3785.46,4072.69,3931.55,YHRDU390E4B0OBR9GP9IT
ORD0000357,2026-05-16,2026-11-03,2093.06,4553.14,3324.16,JX8KP8192CA3SKAD4RQYWN6SCK8ETF
ORD0000358,2024-06-07,2025-12-31,3522.3,4593.74,4592.48,N6UVQ2RPUVN3VBIA4A
ORD0000359,2030-02-09,2030-05-08,146.94,2152.04,1942.04,5Z8FE8B2HWYWYLAH3XM2AOBRWMF
ORD0000360,2029-02-25,2030-01-01,3105.87,4637.11,3444.5,XCR5NAMZHR65K9MLEIEI
ORD0000361,2022-11-29,2025-06-19,4674.46,4961.26,4883.51,MB8Q93A1DU10R
ORD0000362,2021-05-13,2026-08-06,3432.85,4209.49,3834.57,ODR082
ORD0000363,2023-07-19,2025-09-23,125.28,1756.88,1561.25,BO1EPMKVTEGB41BVQPG4PVDV7PE2G2
ORD0000364,2026-06-29,2026-10-31,711.65,4642.84,2195.26,EID2DT1EGD9DSYZG0OA3Y31GVB3
ORD0000365,2025-10-19,2026-11-17,1708.15,2063.69,1712.52,EMI6QW042LPICDIT16WT8JJ4TVS
ORD0000366,2024-02-19,2029-12-09,4854.33,4939.76,4912.28,P69D1W
ORD0000367,2022-03-11,2029-05-16,4884.9,4989.47,4967.02,M43VVT0VKG3C5OA
ORD0000368,2027-03-01,2028-06-14,1192.82,2969.01,1571.39,VYNZLAXAEWB9HJS2MXCB
ORD0000369,2022-03-26,2024-03-08,1069.34,1929.94,1294.82,V9PLMBLQGB
ORD0000370,2029-04-28,2030-05-21,3419.52,4454.53,4335.52,NT3PXXK71EHJIMM
ORD0000371,2025-12-21,2028-01-26,1953.16,2921.91,2369.28,PCM8SJUPDRI65NF4EK6Y6X573
ORD0000372,2022-01-03,2026-03-14,1676.93,3423.12,2520.86,4RZCNOM2PZNT1YKXQ9FI
ORD0000373,2028-06-05,2029-09-03,511.74,2840.34,1047.73,36V123
ORD0000374,2024-11-06,2030-06-05,2103.87,3022.0,2454.94,2OQEWFS668
ORD0000375,2027-03-21,2028-10-07,482.98,4668.48,894.87,XC8MVMV
ORD0000376,2022-10-21,2030-06-20,1583.31,4471.94,2134.01,I8QATSWZZA46JZOON4O7933V
ORD0000377,2028-11-17,2029-05-28,520.79,2441.44,2329.91,N229BXIITA5WVO01Z8
ORD0000378,2023-05-12,2023-08-15,1697.79,3572.05,1758.16,JVZYNZE8Y
ORD0000379,2022-02-10,2025-10-18,2426.41,3892.11,3088.23,FKG9LC5BLMEYSN
ORD0000380,2022-08-12,2028-06-28,1526.42,1769.5,1540.39,AKU0ZKHI804EYNINT14KT
ORD0000381,2026-08-03,2030-08-09,1094.57,3769.15,1831.26,J2EZP
ORD0000382,2025-11-23,2029-01-31,1711.57,4602.89,3042.17,CFS3WTZL0PL13YLGZCPKR8S
ORD0000383,2027-06-23,2028-09-09,4589.85,4962.57,4743.14,9HXEG6U02KQN6C3BE3YVZMZCAQHIU
ORD0000384,2027-07-08,2030-03-26,3768.51,4336.67,3815.41,P2I4RKKBGLSH8ZKEARJ2WLNC8N
ORD0000385,2024-12-15,2030-10-26,3514.04,4466.56,4196.44,YT2DADYM
ORD0000386,2030-06-01,2030-08-01,1323.53,2058.77,1335.32,AVMEO
ORD0000387,2030-10-02,2030-12-26,4423.2,4520.03,4439.38,6GUU9MN8Z1HONGWULA
ORD0000388,2024-07-05,2024-08-23,3304.56,3964.4,3607.28,RXCEN0T
ORD0000389,2028-08-09,2028-11-21,3034.46,4434.97,4142.63,KQGUYIVLU4EVB2Y6O6AOBHT
ORD0000390,2022-08-26,2025-05-19,3715.78,4511.7,3763.47,5SMJYNCP2VIRUC70
ORD0000391,2027-04-08,2027-05-26,4082.28,4292.45,4236.31,PN8DPOY7UL2AE5E
ORD0000392,2030-09-11,2030-12-01,1043.08,4968.39,4726.1,FL9NP6F13
ORD0000393,2023-06-29,2025-09-15,904.38,1907.5,1081.37,TS2MR4FXZYK4
ORD0000394,2024-12-12,2029-10-22,2171.22,4322.01,3934.02,4BY1FT8J9LQY3T3SY94EVI4MJMAA6X
ORD0000395,2025-07-05,2027-11-03,2082.32,4825.77,4744.82,Y5TE0CHYKM1QW65X
ORD0000396,2027-10-23,2029-12-20,382.75,4660.72,3529.9,4CXBJQ3JQPKA
ORD0000397,2021-04-23,2028-07-14,3877.76,4676.36,4184.7,F7M1K1QT68YT0FGWJRNZTAK5AGE
ORD0000398,2028-09-04,2030-02-23,3511.95,4132.23,3690.8,KLXLIM5L6H2NLMDLMQ
ORD0000399,2030-02-12,2030-09-25,4370.92,4765.25,4617.15,KFSFYHREVBP45GADRACGN7AY7
ORD0000400,2030-10-15,2030-12-16,3830.68,4384.04,4017.18,VXVUPXZYDWVGA3ZIBH
ORD0000401,2029-09-29,2030-09-22,2700.08,4428.33,3129.62,460MAUBXCU2O5ZFW14G
ORD0000402,2028-03-26,2029-12-07,1985.81,2573.81,2069.99,6CI5FT93K2H48PPNKFG1B
ORD0000403,2021-10-18,2025-06-16,4652.12,4966.13,4892.75,Q4HI85FVOEVY
ORD0000404,2030-03-17,2030-09-28,3615.47,4520.84,4326.26,OOQHSFHFVMHXIUYATD
ORD0000405,2026-08-13,2028-10-15,2724.45,4954.15,3437.16,I7OGZA83UJSO53JS
ORD0000406,2021-08-20,2030-08-15,3760.59,4786.51,3795.82,T6HR4N5SYDVJNOD
ORD0000407,2030-05-09,2030-06-23,4340.62,4905.56,4751.55,KB9ZV14WZZE7SS
ORD0000408,2027-10-23,2030-11-18,4623.01,4771.46,4642.44,DT3KI24SJNNMAXGJY1KDGW4LDH6V1
ORD0000409,2030-11-16,2030-12-11,827.98,1850.13,949.41,5TLYF3YR2XAHHFH56
ORD0000410,2022-07-10,2028-12-11,212.83,4939.44,2479.23,GLY41TIGUE8LZBZ9875E78HNHLL
ORD0000411,2020-01-22,2029-01-12,2818.14,3503.89,2844.98,NKF9QCFH6TX8K1APTC7S82I
ORD0000412,2026-06-21,2028-03-22,2503.17,3808.18,3789.94,86NGCPCMJTNI9NWR
ORD0000413,2021-06-10,2026-03-04,3672.61,3771.31,3697.78,KZ3FQ1J8NERMX6K0J
ORD0000414,2023-07-19,2028-05-29,4963.0,4977.02,4976.52,ERH8H90EVFXV
ORD0000415,2028-09-21,2030-12-17,1438.94,2242.9,1446.87,OYGHL7T5G7WS9RGDK
ORD0000416,2023-07-26,2027-12-07,4737.9,4785.25,4776.07,89Z4IQA6JIJYRDXP03L2W36SR1
ORD0000417,2025-11-02,2030-10-12,4714.22,4978.23,4774.62,FT0UFFEPFKDFS95A16I4568HZ
ORD0000418,2020-02-26,2030-05-14,3119.8,4682.99,3131.2,8WP7C2K7OLEXI6WD15
ORD0000419,2024-04-01,2025-07-08,935.37,2309.05,1868.19,HST4SQNAZNT6C35DWA3VTW
ORD0000420,2021-03-14,2029-04-20,125.26,1032.73,446.99,15MF76J0
ORD0000421,2021-05-22,2021-06-19,4574.23,4640.49,4617.74,4ZXTX1L8RG22
ORD0000422,2021-10-24,2030-03-11,785.38,2614.36,1442.42,MHMSCIZ0VCKM4RH0595IUZ6YIHG
ORD0000423,2028-11-20,2029-04-28,203.65,1854.17,226.18,PDV1A14SS5F1PJ6LPRHQP1M4G6
ORD0000424,2026-11-08,2030-03-02,987.82,3511.11,1363.1,IZCRMJ1B
ORD0000425,2026-11-30,2027-03-14,1078.25,2569.9,1861.32,OOV14D61DTHRXRW0PUDLCADUNS4
ORD0000426,2023-02-21,2024-04-08,4551.56,4744.8,4600.31,XVTHGA9IVXX7XPRNYFGI
ORD0000427,2027-01-22,2027-09-25,3738.68,3790.44,3788.8,MM2GE8VT4M8JCIM09Q9WX2H1E
ORD0000428,2025-05-31,2030-08-20,2153.12,4864.61,4297.6,RISCDMZ586
ORD0000429,2030-11-23,2030-12-21,467.43,3870.16,1774.59,YZRNLAKNA6367QTOSR9HKOC8PSCJR
ORD0000430,2030-05-26,2030-12-14,751.56,970.44,966.07,8HAWXUF9QI0
ORD0000431,2030-01-27,2030-07-12,3096.26,4971.94,4270.35,WORLQ
ORD0000432,2030-11-23,2030-12-30,176.63,690.04,559.52,Q9N2OURNZJ2O1XJ4F
ORD0000433,2025-07-24,2026-08-06,989.42,4260.44,1565.48,5LSBTKLZMEJE1P3ZG7IAGYY
ORD0000434,2020-03-25,2020-05-19,639.17,3968.43,2784.82,IPFRJA
ORD0000435,2028-11-19,2029-03-07,4835.17,4924.57,4908.32,FMI42KTV4JPD8R8HBCG8SG60JAO
ORD0000436,2020-04-08,2024-08-03,1210.71,1769.16,1576.7,YH5KHOGSWEVH
ORD0000437,2024-01-16,2024-12-28,4624.27,4960.77,4827.69,17VL1JTSWG
ORD0000438,2023-01-15,2030-06-17,4589.55,4741.05,4629.76,EAJJUJY24EH1RJFUILYWU5140VI
ORD0000439,2028-12-29,2029-09-06,4725.75,4830.84,4783.48,8588OYF07OFPXANBX94IHD
ORD0000440,2030-03-21,2030-05-31,1811.8,2751.35,1947.23,0PNODIHJYB1XDGE4KBJXJF
ORD0000441,2022-09-30,2029-02-16,477.62,4236.03,2042.98,L4I7T40V2ASHJDCL6KAZ139Q6TO1K
ORD0000442,2023-01-18,2028-11-23,4868.3,4918.02,4915.59,NZDOZL9E34UZYKDX1MRGGEXVBPSK
ORD0000443,2026-01-27,2027-04-05,621.68,3236.02,2599.48,M9MCPRFC4CDUFT
ORD0000444,2020-02-04,2028-07-09,4904.65,4931.58,4915.37,UZWIGV06G6J
ORD0000445,2020-04-07,2024-07-20,2977.16,3941.96,3815.39,SKJ3FF
ORD0000446,2030-09-07,2030-12-29,3620.47,3917.96,3823.2,K677V2IVS
ORD0000447,2024-01-15,2028-11-13,3155.01,3228.83,3207.63,YPNEJ5GAJT9F5G3UKSKERXWFEL
ORD0000448,2027-12-20,2029-05-31,3882.51,4984.52,4960.81,2IH5CXSZ0I2X6UXF062QCDP9AJGSY
ORD0000449,2021-10-10,2022-08-04,2893.66,3363.48,3304.36,FW3383GFLGZ1MZVEUV5N4HR3C8
ORD0000450,2021-09-29,2023-05-18,4747.82,4909.27,4799.51,YDX14N
ORD0000451,2020-08-09,2020-11-10,1136.32,4817.04,3652.72,QLFJERZFT207N
ORD0000452,2027-07-05,2028-07-15,4476.06,4911.22,4516.29,VTKMW0448K1WYA9MEJ
ORD0000453,2023-08-19,2027-03-07,3353.91,3377.26,3374.84,5UH0Q7A2I
ORD0000454,2027-02-11,2030-05-10,2301.71,2564.65,2359.19,08KYNWNMAXX
ORD0000455,2020-03-07,2023-08-16,1579.53,3296.9,3069.79,5300WW817VHL31XL9K81YS1SGFG
ORD0000456,2021-01-02,2027-12-01,3283.16,4884.11,3449.14,8G26CS0NO39YHM4HW30ZAXO6SRQT
ORD0000457,2029-05-27,2030-07-25,4523.1,4844.2,4524.43,CABJX7UVK1P9ZMZD1I
ORD0000458,2030-07-14,2030-08-27,3217.74,3936.2,3446.3,1OGI6HZQ9K
ORD0000459,2030-08-21,2030-09-13,1679.78,1989.44,1815.23,JB8FYBI3WLPOTM8PYQDRFJBGH
ORD0000460,2025-02-23,2026-07-10,4643.28,4681.48,4654.07,FE5XNZG5B0
ORD0000461,2020-10-28,2027-11-03,2483.93,2675.94,2615.91,U2KLTALCHVW48AK7Q
ORD0000462,2030-05-23,2030-10-25,695.81,823.02,698.74,JNXHNBUIOFIRR4MFW9S35
ORD0000463,2024-11-21,2029-05-17,2612.02,4814.57,3162.86,RZGTKN5121R
ORD0000464,2029-02-23,2029-06-13,1661.87,3689.1,2532.19,WXE2KC6Q0S7WZBHLU1LWPEN
ORD0000465,2027-05-14,2028-03-06,1921.14,4321.16,2214.67,AVN3UO9EYSN7NG9
ORD0000466,2023-02-12,2030-08-23,3609.7,3713.73,3702.56,1UUMMD55CR0HH2KUYP
ORD0000467,2026-06-18,2026-07-24,204.22,3291.1,2846.91,3SIZC
ORD0000468,2030-01-17,2030-10-14,2713.99,2803.42,2771.65,4G0TRUW
ORD0000469,2024-06-27,2027-12-31,490.86,2717.56,595.68,35HXGBODAIGU1O
ORD0000470,2021-11-28,2030-01-10,531.28,4563.3,2018.61,ADQCHDTEQVYRKI3HIUJ02H
ORD0000471,2025-11-07,2029-02-02,2685.19,3791.5,3227.4,U4OFQSFW9PNEE
ORD0000472,2030-11-24,2030-12-07,2523.57,2556.08,2530.6,M5GVN76UT3J6GIOXY
ORD0000473,2030-12-07,2030-12-26,2316.92,3694.59,3391.53,ER1KTGJ3GHP
ORD0000474,2020-03-08,2022-04-13,4481.08,4619.51,4547.01,2WQH9FW1NJZ616VD2RXGD
ORD0000475,2027-04-10,2029-08-22,1974.36,2561.13,2085.52,R7571GDPHO
ORD0000476,2021-04-16,2021-09-09,360.38,3029.23,997.61,GROZZZGOR5NKNWSSAGL64T
ORD0000477,2029-07-24,2030-03-25,4542.67,4620.52,4595.72,LV3JA41VBL
ORD0000478,2030-12-05,2030-12-07,1392.78,2008.62,1860.98,W4A5P
ORD0000479,2025-04-19,2025-06-29,635.99,3111.55,3087.82,76KJGGTV25W8
ORD0000480,2022-11-20,2025-09-23,3350.7,3951.52,3358.85,TV74HR7BJ0OJW5BP
ORD0000481,2026-06-23,2028-11-21,3730.96,4187.08,4070.48,YGR827LQWVZ
ORD0000482,2026-08-10,2028-02-26,2144.74,3027.94,2181.04,VH13WSHA5J3J7S9KT5SES
ORD0000483,2020-03-04,2022-08-11,2323.91,3081.29,2773.09,5TA1WA
ORD0000484,2020-07-23,2024-06-26,1332.02,4555.16,3863.03,9JFRJM1FSOC4WPY1ZGQTT
ORD0000485,2021-12-10,2029-07-21,2863.15,4734.89,4368.74,MQI09MTTF
ORD0000486,2023-05-02,2030-05-18,2876.66,3855.85,3056.22,1GI72U6W3W13003B9B0FITP6XI8SDZ
ORD0000487,2021-05-30,2021-06-23,2074.42,3428.4,3107.5,3DFDRGVGS4VDH6DN7J95I
ORD0000488,2022-07-04,2029-09-05,4485.76,4924.02,4617.63,A5MHEAJH7GPNG4
ORD0000489,2020-04-10,2025-04-01,4180.36,4500.6,4476.92,Z4LP8Q2H1JBLJP
ORD0000490,2021-11-30,2029-10-04,2606.42,3914.94,3229.48,SG5XRZYG301JBS
ORD0000491,2025-02-15,2029-06-29,688.62,736.13,703.0,2CWI33RAKW66NW7Y6ELJWV3IR
ORD0000492,2028-10-20,2029-08-26,3836.78,4910.99,3910.05,4Y4L67QIUWZECBKOGG54UOPGL
ORD0000493,2028-03-01,2030-07-09,4473.12,4959.1,4503.22,HCE2XBLUG2YI9
ORD0000494,2022-03-29,2027-09-30,1059.02,2783.26,1552.31,K17MFBGNCIA
ORD0000495,2024-01-12,2030-05-27,3894.49,4498.74,3937.97,75MN46WW9I
ORD0000496,2028-12-27,2030-03-09,429.06,3288.05,2927.75,FI7TGH5OD8VBOSQYWEKSE8P
ORD0000497,2029-07-26,2030-12-20,2637.02,3374.84,3093.47,H4QBCV0QMVDIN9VDP5ECWE
ORD0000498,2030-08-26,2030-09-15,2139.58,4678.26,3355.03,RCGC56OW1
ORD0000499,2025-05-10,2027-11-28,1586.75,1659.94,1590.8,M8YB94DYYI119IH2HXWMV1DPOFAO0
ORD0000500,2028-05-19,2030-08-24,3787.59,4749.25,4333.86,APDEDI2LSCUWPSIZ4HEEQ8N5WO2TX9
ORD0000501,2023-04-13,2026-01-07,4357.96,4696.22,4448.46,86GDW05RFNI7OT9NHXJCP23HB5C
ORD0000502,2023-01-12,2027-05-04,1462.04,2524.89,2487.79,RY5BYY
ORD0000503,2024-12-23,2027-04-14,317.64,2093.79,1489.77,DTC8WBVQNBV11DG9YS8317
ORD0000504,2022-12-01,2027-03-11,896.49,2814.19,2800.02,IARRFP8SVZCR
ORD0000505,2024-01-21,2026-11-12,1416.86,4220.4,3688.45,AHTUQL23B2A3CW49N0DFR9UE
ORD0000506,2024-12-09,2028-01-14,981.04,2024.12,1497.29,LJDOHCL62UC9
ORD0000507,2028-01-17,2029-06-30,1216.97,4906.49,1276.44,8CPWGE62H6EPNUX0
ORD0000508,2020-10-19,2030-08-15,3245.25,3741.99,3257.52,XV0X4SBKXCSJBGNU66WNYCJY
ORD0000509,2028-07-20,2028-10-08,4989.32,4999.52,4999.1,6908H7D4772U
ORD0000510,2023-01-07,2029-06-20,1055.62,2211.58,1337.71,XO3UHP20XFW9
ORD0000511,2025-09-02,2027-09-13,474.57,3431.17,2263.96,0OI8P0IQSVUHF006J5M
ORD0000512,2030-02-02,2030-09-22,981.59,1043.92,989.12,94GIC1BKEI67Y
ORD0000513,2030-02-20,2030-04-26,2169.56,3308.3,2803.77,SHVVGCEW2021S4IL6FJAX3YU2L6
ORD0000514,2028-02-07,2028-08-23,2981.6,3450.4,3212.86,7761SU
ORD0000515,2024-04-22,2026-04-22,1661.03,4844.78,1794.54,N17RUGWSKHSR52OKSQGORJGN96KB
ORD0000516,2026-09-17,2029-09-26,4522.45,4779.33,4572.58,BXNS127I3SHH215QFIRH
ORD0000517,2030-11-10,2030-11-15,1833.23,4190.19,2357.52,UK6VR36
ORD0000518,2027-07-15,2029-04-19,3907.52,4882.31,3944.91,7UM9CAPI
ORD0000519,2026-07-29,2027-10-22,1943.42,4001.56,2489.42,5L5SIMF7N
ORD0000520,2020-01-14,2025-07-15,2228.16,3774.12,2550.57,C0QYPW47LT
ORD0000521,2029-06-05,2030-03-31,1236.28,3750.35,2468.73,ZW84SGOHS02UP1HL3UHWZI450
ORD0000522,2027-09-15,2029-05-02,1250.81,2255.31,1466.88,0D9UQU0Z21ZQDR5OVCT20OK8NHVI8B
ORD0000523,2030-08-28,2030-12-08,3638.92,4155.03,4041.71,W9ED7NX8MK8ZOSK
ORD0000524,2030-03-19,2030-10-16,1932.01,2593.51,2417.11,CB7G6
ORD0000525,2024-06-17,2024-12-07,3977.58,4138.04,4025.95,PCRHYZIRFEE6
ORD0000526,2028-02-05,2030-06-04,3547.1,3576.38,3568.84,JGZMTU16BTR3MGQ4YS1FO0
ORD0000527,2026-04-16,2027-11-19,1464.93,4673.59,3175.8,YB5ZX8G2OBZO
ORD0000528,2025-01-05,2026-03-27,1912.13,3897.07,2571.99,FG9KN5PFJZ47OD5Q0TVJCU0ARN9585
ORD0000529,2023-07-06,2026-02-25,4801.43,4865.34,4846.73,9FG1EYIAK7HKM2HC15K75
ORD0000530,2021-07-26,2027-09-13,3770.07,4284.36,3774.83,1SR7UXKJ
ORD0000531,2023-04-03,2025-07-18,2663.93,4539.36,4449.33,7Q43NVIK74AU0LJ4
ORD0000532,2020-10-01,2020-10-23,4967.22,4977.44,4969.14,G83VGD3KEW9OWAMRS1TXZQ98MEJ
ORD0000533,2021-02-25,2024-04-16,3680.22,3915.57,3812.88,7YVR4NKAO
ORD0000534,2022-06-05,2029-04-27,547.56,1199.81,655.06,UEDI6
ORD0000535,2029-01-19,2030-11-30,2254.48,3549.51,2646.3,HP9ZYY4WT7U7FNKRJ1925QH91WLBX
ORD0000536,2029-08-04,2030-07-24,2383.77,4289.67,2791.21,MYXLAM2X7MATVGXQ6ARCR4
ORD0000537,2024-06-19,2027-04-21,315.2,1599.65,388.71,B435L48GCXBJLIF0HD2DUG8
ORD0000538,2023-02-10,2025-04-15,4918.68,4971.95,4957.96,UKX7AZ0DEM6JRFL
ORD0000539,2024-12-21,2027-03-14,318.09,3542.6,1637.73,ATR9WHV3F3FHFLFLUBKANX3FP
ORD0000540,2023-06-14,2030-08-26,4202.81,4954.29,4852.53,ITDYSLRIU0OMRMLSQ2QF5WXW72KC
ORD0000541,2030-08-25,2030-12-01,4190.15,4316.25,4261.86,1WSNV69RF6NQN3QCH7L4I3UXYCU
ORD0000542,2027-11-12,2029-11-15,612.6,4426.69,642.72,4VVGLWTK38LB231Z4P
ORD0000543,2022-10-31,2029-07-27,3644.53,4102.51,3955.3,CO6G01RZBK6KT7
ORD0000544,2022-03-23,2028-08-04,4762.32,4941.02,4785.53,DFTJW3ZK3AJMLTT
ORD0000545,2020-11-25,2030-07-09,1004.51,1816.88,1077.76,J9XA4KWG49ZN
ORD0000546,2030-03-27,2030-10-05,2414.3,4563.91,3932.41,GYIUIZUS1Z8EW5BOLPXXV6AZEOI5M
ORD0000547,2020-06-30,2025-05-18,1135.04,1493.9,1272.87,1JSTY4CQ0L
ORD0000548,2021-10-31,2027-08-20,2051.26,4511.19,3194.94,WGZAKUI
ORD0000549,2026-06-11,2030-04-16,2584.16,3682.62,3118.16,Z1DT1QH26X4V8XHL18YFJAVQM6
ORD0000550,2029-02-11,2030-05-22,3111.15,3932.59,3492.93,H53XDX
ORD0000551,2022-10-30,2030-05-25,2185.94,3019.31,2868.61,RLSW0B2UTCHWC8ZPLF8GIJ
ORD0000552,2027-02-05,2028-08-20,2517.91,3375.19,2910.57,P73CEUXCJGY6FVT1ZBLQF1HM
ORD0000553,2026-05-27,2028-02-06,1378.78,3607.94,2580.65,PDX4N1RLR6CZLSRA0NB0IRR3UGOOBU
ORD0000554,2022-06-24,2025-09-14,412.24,3752.88,2447.75,0V8Y49AVVUW2J35N8KY
ORD0000555,2022-11-13,2030-04-11,2074.4,4567.86,4487.38,59WFN7XTSU23BJKW10BS95PY8
ORD0000556,2021-06-23,2022-11-10,1954.3,2249.67,2018.78,SLKZ90WN
ORD0000557,2024-09-08,2027-10-25,4512.25,4668.04,4568.83,U688ZOZ5
ORD0000558,2028-06-26,2030-10-19,2373.18,4801.81,2754.4,ZSA8V3LGY0
ORD0000559,2030-12-04,2030-12-10,2149.52,3963.61,3272.22,6F0BUPK4F
ORD0000560,2030-09-03,2030-12-07,1914.45,3769.92,3380.05,96MK3XPL4MUISEBN3
ORD0000561,2025-02-23,2030-02-14,1300.73,4961.95,4217.82,6HVKP3EAC074YE0Q8H8
ORD0000562,2028-01-06,2030-09-16,216.23,4176.01,452.97,ZCXZ621HGJQHKX0VJP4NQGVE35PQVS
ORD0000563,2027-09-23,2030-04-02,2278.89,4182.47,3360.56,CIJ7SBOXXSTKT42SJIJSYQOB
ORD0000564,2029-07-17,2030-05-23,1137.14,1710.25,1144.06,67Z4KWJ6U7XY5K74
ORD0000565,2021-12-19,2026-03-23,2471.59,2507.58,2505.67,OTNOJRHMW53A7OM
ORD0000566,2024-01-29,2028-07-18,3354.8,4385.36,4335.92,ER988FD27PPQLPO3LCR9R
ORD0000567,2021-01-09,2029-03-31,3741.24,4786.88,3807.81,7TDNOP43G
ORD0000568,2026-01-08,2026-04-22,4420.04,4604.97,4537.27,4H2F4MG8N5T
ORD0000569,2026-05-20,2028-10-16,147.05,4326.12,613.12,M3AQ0R5LV646STQ8PVR
ORD0000570,2027-08-08,2029-05-01,2850.2,4195.81,3000.2,L5AU645KLE1TG2V8LMGONT6TU74GT
ORD0000571,2030-05-27,2030-10-20,3086.68,4372.22,3502.89,ZKKKU740ROQ
ORD0000572,2025-04-17,2028-09-11,4678.22,4797.53,4714.76,WU2T1Z0AZD0WI3RBMNQSXBU1YU99
ORD0000573,2028-04-15,2028-11-21,1077.32,3499.79,2143.46,GEPKU44CY5PRY
ORD0000574,2020-08-30,2027-11-01,597.06,2105.91,1408.66,SH4IEU0JJTM9F2PU8Q9
ORD0000575,2025-12-15,2029-10-27,4104.82,4124.38,4119.92,UX2NLU3
ORD0000576,2022-07-21,2026-04-15,2357.94,2883.67,2868.65,QBIH01Z5D7D6X
ORD0000577,2020-03-07,2020-07-16,2872.0,4914.43,4655.21,85SVEEF9H8K6F3M
ORD0000578,2028-06-06,2030-05-07,458.11,2415.42,1000.02,JVELV371BZSAYBAOU1J
ORD0000579,2022-11-26,2029-06-15,4292.32,4769.68,4448.23,MWJMJNTLGB8CI8WEUUO
ORD0000580,2027-05-19,2029-01-28,1123.16,1756.2,1750.5,NWBI2HYB2NYD
ORD0000581,2025-01-04,2027-03-28,2248.88,2814.6,2464.14,FL67HKNH
ORD0000582,2030-07-20,2030-12-21,2496.63,3393.81,3389.64,MNF6X4Q6H3BAY0ZGWX
ORD0000583,2030-08-09,2030-08-25,1618.91,3086.81,2863.41,OFY4BRUCJPLAI7
ORD0000584,2021-09-29,2027-01-05,787.08,3998.54,983.56,NSX0K0LL7JLXHKB5NTZXQUBBVB4CJ0
ORD0000585,2020-07-09,2029-01-26,2743.43,4094.0,3452.76,GAWOF0EH43
ORD0000586,2024-08-27,2030-09-03,4295.09,4605.54,4561.12,AT44QIU8XG45MIO6IJOFGZSGPOQLTV
ORD0000587,2027-12-20,2030-11-18,4872.39,4938.35,4937.53,IU1XJCYDMLAJC
ORD0000588,2029-05-14,2029-10-26,3994.38,4393.37,3999.05,4WMZ2N3Q82HR6VVLQV59
ORD0000589,2025-02-12,2028-12-15,3349.92,4609.38,3680.99,X1B8IGO3HH9SIWT219F6LZ6MJOBMW7
ORD0000590,2026-09-27,2029-11-22,3921.69,4848.96,4408.55,8X8O7KXKGKOJ81MRDZSY7043UITAEQ
ORD0000591,2027-12-11,2029-09-09,2823.21,3277.63,3156.51,ED0IJ4KPZK0ZMPWEORIZHJN2
ORD0000592,2021-08-06,2030-02-15,3393.97,3919.9,3728.86,T7G4O2TH83JEVRCYQH31K
ORD0000593,2029-10-29,2030-12-09,3577.83,4270.86,3779.58,GFXP510DGRRQ6V0QWFAG5
ORD0000594,2022-09-21,2025-03-15,2970.34,4170.04,3768.89,59Y7YCGG
ORD0000595,2026-06-15,2030-09-26,565.08,1623.32,1178.99,0ZCW237CZ1BNLBVGS0B3QWWWPR2
ORD0000596,2028-10-15,2030-01-27,334.22,3596.09,2404.88,KN99UZWL5FVW8OUTGFZU5LYMQ5WV2
ORD0000597,2030-01-17,2030-04-08,1871.17,4872.68,2839.94,MT69S98L
ORD0000598,2024-06-18,2025-04-25,3130.51,3501.83,3164.13,ZQJV8WZIYGSFUO2CP9JRB5OO
ORD0000599,2022-10-01,2027-09-08,4388.17,4784.57,4473.78,SPB42
ORD0000600,2024-08-24,2026-10-20,2825.98,3722.38,3586.04,ZYQXQ1XXPU8WEIUP8IG648U
ORD0000601,2021-03-05,2027-12-13,4055.54,4270.71,4130.49,9O3RD3251EKB929DW4JEWERQB51
ORD0000602,2027-11-24,2028-08-23,3845.39,4984.07,4090.44,T8TVO60J8UADWHEE70K
ORD0000603,2028-03-19,2030-12-17,1053.63,3427.47,2854.95,LB5HVFGZY0
ORD0000604,2024-04-10,2025-10-29,3512.43,4772.8,3743.06,WL1Q5FLQZMOWFV
ORD0000605,2025-01-24,2030-12-09,3783.9,4097.37,4059.53,9DXGKA
ORD0000606,2030-10-21,2030-10-22,4927.13,4927.47,4927.26,XELM5
ORD0000607,2022-01-14,2025-11-28,2722.55,2943.38,2873.42,XL2L6J2BC
ORD0000608,2030-06-27,2030-07-27,2734.19,4563.16,3304.22,GWL7KG5MJV39Y2
ORD0000609,2030-08-02,2030-12-21,670.27,953.71,740.06,P5MZCWD4G
ORD0000610,2029-07-04,2030-05-28,2647.23,4792.64,3855.09,87Z8MSUI2MS1Z1YF5B5GU94YT5S
ORD0000611,2028-08-23,2028-10-18,3451.86,4268.58,3485.86,T8LUD8B
ORD0000612,2020-07-12,2024-11-04,4837.16,4867.81,4866.71,167L6X
ORD0000613,2027-08-21,2028-11-02,3526.0,3671.41,3664.13,UEN5NACYNHSA
ORD0000614,2030-02-21,2030-08-09,1277.9,4941.94,4894.62,XZCJJPQ1TNR0
ORD0000615,2027-09-28,2030-01-22,150.11,1979.16,1691.33,5QAZC2IOEHH
ORD0000616,2021-10-12,2027-04-05,4520.86,4552.72,4537.97,QZS8SSQGHZ
ORD0000617,2029-03-24,2029-10-16,4439.44,4972.09,4734.93,MI7C44GHOCYLFEP1X2J2
ORD0000618,2026-09-11,2030-05-30,3868.72,4924.9,4678.59,NUCAJVQLW3M
ORD0000619,2030-02-09,2030-08-28,3256.26,3918.94,3883.7,EOLMV2B2EP7S9KJ9UDHE0
ORD0000620,2025-10-22,2029-04-10,2717.94,4362.12,3908.46,XCJGOAYADYHOC8E
ORD0000621,2020-03-22,2030-06-08,3279.43,4099.16,3747.9,SY2P5QW34J38XOJSL
ORD0000622,2030-10-19,2030-11-20,4840.11,4981.12,4892.01,1TJC3
ORD0000623,2024-08-07,2030-09-02,3582.36,4789.74,4774.63,WNZ00322Y
ORD0000624,2025-03-13,2028-11-07,1881.45,3956.45,2157.66,NPNMMX390XTNZJ4G82T0D
ORD0000625,2022-03-27,2028-06-02,1164.17,4577.77,3415.96,1L2BNYLRJZMJ0U3PI5U7C
ORD0000626,2027-08-01,2027-12-12,575.62,955.01,578.91,VFUWMJ
ORD0000627,2030-09-28,2030-10-06,1143.76,2543.34,2416.32,24VLSTG9KJK0H80K994RPHJ
ORD0000628,2030-03-13,2030-04-02,2280.03,2648.85,2420.53,4KBX2L2B5WVFXELIT
ORD0000629,2027-08-06,2028-06-07,2028.72,2358.45,2337.03,MUSFW5B0KXQM6R7B5UKDPTQ21V
ORD0000630,2020-06-14,2028-12-20,1436.9,3776.76,2979.83,9CIABTYM4YYCRYV
ORD0000631,2024-02-11,2028-11-14,4035.42,4428.19,4169.8,Q9M5SRF2FU6HBIGP
ORD0000632,2020-10-31,2021-07-24,967.83,1588.81,1465.52,FEAAVEJ3VGHDIMFLFFA1ONDFYU7M4
ORD0000633,2029-03-02,2030-07-22,1066.77,3448.17,1509.86,D2L6AFLMQJ8MHE
ORD0000634,2022-02-09,2025-09-17,1016.54,4029.18,1702.56,S06SN1QWP7AQSKEDE
ORD0000635,2025-07-16,2029-08-25,1786.69,1980.79,1933.36,F2AFUXEQU2W4X5T5U8
ORD0000636,2028-05-09,2029-12-31,1032.4,1709.09,1499.9,33UZ332JJY0BIUYJZX
ORD0000637,2020-02-27,2029-04-28,2228.47,4062.59,2545.37,LNGBZ4JRVMB5ZKT9ROM5511
ORD0000638,2030-08-16,2030-12-18,4272.83,4977.53,4314.94,EU4SJP75
ORD0000639,2029-01-04,2030-05-21,1160.38,1210.17,1175.72,VT1HI7SVXI
ORD0000640,2024-02-22,2029-06-14,2870.11,3004.56,2930.22,PNUOU4R9VVMIUOPP54
ORD0000641,2029-12-26,2030-09-13,195.05,4426.9,1820.69,UF753RE2Y
ORD0000642,2028-09-19,2030-11-16,1046.59,2138.56,1202.83,D4POAUW49JRU5U8MMHSDM76SPY1AT
ORD0000643,2022-12-05,2026-03-31,1100.78,1199.37,1165.02,0FX3J2Y9K2UGR3RM3SKIUBHDU94XJ
ORD0000644,2023-07-15,2027-09-28,4175.84,4629.23,4460.97,UZLUCSUC6DI5EEIJG7KPFXWVF
ORD0000645,2024-08-17,2025-05-28,1783.51,3367.49,2646.96,0ZJ9FN2KHQOPD9BDO4CCO
ORD0000646,2028-07-03,2028-12-06,1240.06,4828.63,1734.11,UYZB6S5B09ECMCN
ORD0000647,2022-07-29,2022-08-27,2955.42,3669.76,3013.02,6KZNJ8ASR9X6YKMQ
ORD0000648,2023-10-02,2026-09-02,1059.28,2606.53,2065.71,B26ZNLHCYGNMTNTX3DO
ORD0000649,2026-05-10,2027-10-08,4462.01,4578.65,4464.79,NLVN5
ORD0000650,2030-08-14,2030-11-05,3627.72,4256.07,3873.25,K549SPEGABDARAT2YKGDXNM1XER0B
ORD0000651,2023-05-03,2024-09-05,3875.17,4214.93,3964.43,NHB4LAHFP39RRB4EJNEZYBC5130LAC
ORD0000652,2027-05-13,2028-12-08,408.75,3668.09,2751.79,RBRMP2AC195
ORD0000653,2028-11-17,2030-12-17,1234.45,1412.54,1299.28,X348KXX98JUW0LZX3WSJ580X
ORD0000654,2030-10-12,2030-12-28,2215.39,2920.45,2312.44,328KCV6JV8KINZF0
ORD0000655,2029-11-16,2030-07-30,648.21,3015.57,1878.22,AQ9KOV5HUX9Z7ZOW0GO3JMA
ORD0000656,2030-01-06,2030-09-21,3988.61,4797.66,4389.25,TPZTN8G
ORD0000657,2030-09-02,2030-09-05,4091.02,4105.76,4095.38,LEEQ2H1WZAT
ORD0000658,2023-11-06,2026-03-08,1999.96,2911.33,2564.33,C5C5UWBQ4Y8G1W5BYC5F
ORD0000659,2025-04-29,2026-05-11,1335.57,1639.59,1555.77,G3YVP4CUT92N0GAIB62E6L3RY8D
ORD0000660,2022-11-03,2030-09-01,2969.74,4018.85,3152.2,SKCSV1HJEM45PAYLYCT
ORD0000661,2022-01-18,2029-09-15,1194.77,3415.39,2290.32,2HGKIIB25X1B7X8G04CR191EEFQ
ORD0000662,2029-11-04,2030-05-06,4748.44,4867.84,4808.99,IHBKFLM28X9Q
ORD0000663,2025-05-11,2027-06-09,427.41,3089.21,735.78,OMJTIZ
ORD0000664,2020-02-15,2025-11-04,1922.11,4347.76,2195.61,R7ATIUP4NM444NGLY98EJI6JE4
ORD0000665,2025-10-03,2026-02-28,4950.35,4978.46,4957.3,0XOQ0D1CUZBMXZ2OI460KP7S5E1B0
ORD0000666,2020-09-28,2028-08-22,2852.26,4767.29,3131.02,CXRZR3VT8UT465Y9I4VF5V87E
ORD0000667,2022-10-27,2025-11-11,3182.69,4772.38,4127.66,UUPMWTMV70RQ
ORD0000668,2026-09-14,2030-05-25,2176.86,2708.61,2502.85,ISMX89UN37LHSPNVL5XPZ4R38VJQEQ
ORD0000669,2021-05-24,2030-07-06,4835.92,4926.28,4871.44,MQ539R6
ORD0000670,2026-05-13,2027-11-08,2160.42,2305.22,2222.35,G41YUHILHXDCERG98RIG
ORD0000671,2030-05-19,2030-09-04,3740.81,3998.81,3970.77,DAHVRS1POOR9WPJB9UOKYN8
ORD0000672,2026-11-29,2027-10-23,185.46,624.44,510.51,5HGP0OP3KLORG
ORD0000673,2020-01-13,2023-06-29,1269.98,2893.26,2667.45,2NOGF022JYYB8RN51
ORD0000674,2028-11-08,2029-10-24,4388.22,4585.26,4486.55,Y2NXJEYKZNNUWZRPSOY4BPE2
ORD0000675,2027-12-30,2030-03-05,4020.49,4580.43,4221.8,5121F
ORD0000676,2024-11-26,2027-06-20,1349.14,2331.67,2244.81,4KKO77MCYXDOF
ORD0000677,2027-12-06,2028-06-12,4587.66,4841.43,4727.95,F7Q2JSJ1RLO0T
ORD0000678,2021-11-13,2024-06-19,2650.49,4698.82,3922.39,LS941KPBMEEGRL8H39XLJ8L
ORD0000679,2022-10-03,2026-05-28,3955.85,4849.02,4640.33,B66DZIKD4JIPXR3P3LHPK
ORD0000680,2027-03-06,2027-05-31,3069.45,3198.94,3118.32,S375Z
ORD0000681,2026-03-04,2028-06-08,2753.2,4750.14,3685.01,7WZQ70K65ICNEXTH0YYTXBU5M
ORD0000682,2028-05-31,2029-08-19,178.6,3915.53,2982.6,ITZPJBO2Q5Z33XN3I0D
ORD0000683,2022-10-02,2029-12-05,4743.85,4980.21,4813.68,W3Y1ES
ORD0000684,2023-12-24,2030-03-01,4123.36,4541.61,4514.0,EWVMT6KAGJ9RDB6N7XB2
ORD0000685,2024-07-10,2029-09-07,1736.8,2868.89,2106.48,D7H2516C96EJYV2R
ORD0000686,2021-08-12,2023-10-25,796.84,1188.53,947.21,OCCTAIM0M0J19QNAE
ORD0000687,2021-10-31,2024-10-22,4308.32,4811.34,4704.2,3K5HF3VX4Q99
ORD0000688,2029-12-21,2030-06-08,4516.5,4821.84,4616.2,7RPOB14RV
ORD0000689,2030-07-16,2030-11-20,2593.29,4934.44,4914.1,TQGJ9O
ORD0000690,2029-06-21,2030-03-02,3939.03,4431.69,4014.53,86X0Z0VT
ORD0000691,2020-11-28,2027-11-24,1288.22,3074.23,2946.37,UD1Z1J0
ORD0000692,2025-04-22,2029-01-18,4893.96,4993.38,4905.71,55ZNZ1PSPKVK
ORD0000693,2026-09-15,2028-10-25,1703.0,4516.0,1986.16,AJ815FJ
ORD0000694,2020-07-29,2022-07-26,110.23,270.05,156.81,WFCKTVGCFCAMKZ5G
ORD0000695,2022-12-30,2029-11-23,3007.51,4674.92,3127.04,SIE3QK6G5OSCZVK42W6TSZ0P
ORD0000696,2028-11-27,2029-10-09,4924.53,4974.81,4935.12,JJCFDHJG2IJESVUP410
ORD0000697,2021-05-17,2028-11-13,4656.38,4980.27,4835.21,TN4CXKZMWEDCQYL53ZU2IU1
ORD0000698,2027-05-20,2030-07-23,1642.46,4557.25,2178.67,KQ0F5VJCIP65RML0CAXVXVAG46MNJV
ORD0000699,2027-08-18,2030-06-17,3327.46,3784.81,3506.14,M1C39S83CSVB0E403OUO2
ORD0000700,2022-12-20,2030-04-12,1571.38,4493.13,3957.68,QZQA7OCO2PZA1DER880B6TD5N8
ORD0000701,2027-06-01,2028-01-24,2806.56,4682.46,4542.95,9VL8MA1FVP4BGIQKS
ORD0000702,2027-07-14,2028-06-09,1359.75,4657.65,2032.83,XGST89EEJH
ORD0000703,2029-07-26,2030-03-28,4691.8,4712.14,4707.47,RLH2VH6836H4RFWFWLYM8QBFEKJVK
ORD0000704,2025-11-08,2028-11-07,4094.57,4270.38,4268.82,WBVY1G6ZNKM4EO593YUXMCC2MAWBX
ORD0000705,2027-04-11,2027-04-26,1759.76,4901.44,4467.91,IG79HI4
ORD0000706,2025-07-17,2028-08-19,2812.57,4400.43,3353.56,CUPT81SCGDTIQYJRV0E7XE5T
ORD0000707,2028-04-13,2028-05-06,1569.12,1658.83,1594.7,FI7GXHGQVU
ORD0000708,2029-12-17,2030-10-08,706.26,1617.87,1435.89,DRT98F98T9TG
ORD0000709,2030-01-15,2030-02-04,2077.88,2989.27,2878.05,VRDIEGA
ORD0000710,2021-03-13,2021-09-03,4467.87,4717.56,4558.04,GQK9PFVKLGB4NIK6P0A7RM
ORD0000711,2025-07-10,2025-11-08,2783.06,3735.73,3367.29,M7SWIZ0SRPH0Q5AHZ
ORD0000712,2026-08-16,2028-01-16,1036.71,3776.53,2616.53,HPICOPCEZINRHANHA0GVN2JJH
ORD0000713,2029-09-28,2030-04-26,1906.91,3078.34,2514.73,2MJNYWMP55R1D
ORD0000714,2022-10-29,2028-01-09,114.98,889.77,720.4,37SN0H
ORD0000715,2029-11-18,2030-04-12,1507.33,2482.93,1923.08,47E3W
ORD0000716,2023-05-26,2028-06-08,3256.83,3607.07,3559.38,YRK4O2IBP5YO96JHRX7Q
ORD0000717,2027-09-26,2030-08-18,584.29,4114.48,3219.23,EGPSQ
ORD0000718,2029-01-29,2030-12-14,1297.04,4745.87,4248.72,7L57AJBU90VA4MLGT1QRMZW
ORD0000719,2021-01-28,2028-01-30,1961.62,2557.96,2107.65,VW4P8V
ORD0000720,2025-07-12,2030-11-23,1215.13,3343.87,2683.38,IO0CN308
ORD0000721,2028-04-13,2030-03-11,455.76,4953.53,2923.09,IONNXGCQA0HR2NFVPHFQ8PC4R8K
ORD0000722,2027-05-16,2027-05-29,3810.9,4912.28,4350.08,0VGF6ORA1WW
ORD0000723,2028-06-12,2030-05-25,2316.54,2757.42,2642.31,BRMLKOCLMNMIS3D2OICHNXT1J
ORD0000724,2027-09-18,2028-08-08,410.01,2584.43,426.59,C8L0GFKNEJ0G1OKR
ORD0000725,2028-01-02,2030-12-24,2649.28,4882.39,4730.66,V2K8N21L2RUQNBMZSY83FHI
ORD0000726,2030-02-06,2030-11-06,363.58,4766.15,861.8,ZID7L8OIPD68EP89FV78
ORD0000727,2021-01-18,2024-10-09,1372.33,3363.59,3021.31,15NIOF
ORD0000728,2025-10-22,2028-04-14,824.33,1122.62,1039.37,FU3KRVBCABBBFUKFFM4G28
ORD0000729,2027-04-06,2030-10-18,1920.54,4225.43,3314.7,JWUYH6SSQKF8J84S57EJLS6CUY4C
ORD0000730,2025-09-08,2025-10-31,2229.98,2352.27,2235.95,QPYWVFX7R7JZYHP0JR6OUXDXTK
ORD0000731,2028-10-20,2030-11-06,2926.44,3013.27,2988.46,4D0NP093WB7LIEDRDHZQ7H97A
ORD0000732,2022-12-07,2025-10-31,3165.33,4930.56,4301.75,45P7MYM7EZRPJEJZSK7T0T
ORD0000733,2021-10-11,2026-06-26,201.48,3831.46,675.23,71NGTQF3CYSYKWXSCLZOXV8LSMBF
ORD0000734,2025-04-08,2029-11-17,1948.63,4365.6,4034.68,76BOGXP967LRVI3DVCSDS
ORD0000735,2022-09-05,2025-02-06,1102.74,1917.02,1725.7,M7QUHZOJGFG373H8
ORD0000736,2020-07-16,2022-10-07,3071.64,3536.56,3114.14,M5NIZUOC0CEF65UYG36097AALN
ORD0000737,2029-03-14,2029-04-13,230.19,3025.73,1165.55,H9I7APYV45QSH0ANZX
ORD0000738,2026-11-02,2027-08-03,3981.2,4883.74,4050.02,EH7SG8SOOZ74VBI0MKKN6JEP
ORD0000739,2025-01-22,2028-11-05,1447.6,2933.46,1584.63,SI780C
ORD0000740,2029-04-20,2029-05-11,1897.5,4311.3,2712.14,Z11C7GHI1BCMD7NXYZFB
ORD0000741,2024-05-01,2029-06-10,854.56,1155.85,1137.87,GLNQVWD169L
ORD0000742,2024-11-21,2030-05-02,2903.0,4216.52,3540.41,9JN7QSCHPT9A72MVTP497I0CNOXHD
ORD0000743,2021-02-23,2026-03-18,3368.43,4496.02,3388.79,6XESSL
ORD0000744,2030-06-26,2030-10-19,177.29,4960.91,2965.66,Z0YS93F7SJ
ORD0000745,2026-01-01,2029-04-01,3939.3,4346.71,4327.13,JVGSB6TMLMGL
ORD0000746,2029-05-30,2030-01-13,3923.64,4240.55,3968.42,Z9D0B94JZH30B2LNT9
ORD0000747,2030-07-29,2030-09-25,4973.99,4987.52,4976.97,XP7I9BSAW0HJ1VB9JZW8J1RF9Y
ORD0000748,2026-06-04,2028-09-14,1953.65,3873.93,3726.95,A941GJM7UVH
ORD0000749,2022-10-28,2025-10-25,4232.21,4538.31,4277.8,T6RCBK4OAA61ZYEDHY6MEFM
ORD0000750,2029-02-17,2029-03-15,3098.26,3189.38,3104.29,DRFSEUD30L7M20JDXORRB
ORD0000751,2030-01-16,2030-08-30,2526.82,4007.85,3105.51,2IZ0II
ORD0000752,2023-11-12,2024-11-23,195.37,3778.97,1958.84,4YDKEQBZ78QEMMM3OFIUWKMWZ
ORD0000753,2021-03-21,2022-02-08,2389.24,3601.3,2637.61,GFKAYHO1P6
ORD0000754,2030-12-26,2030-12-27,3381.2,4138.36,3794.69,YHMN2E8STQDKUDJZ
ORD0000755,2023-04-19,2024-05-10,2600.32,3634.97,2894.95,P2NQGZ
ORD0000756,2025-04-10,2026-11-11,2717.49,4783.26,4248.05,6KLEAKF58LGMQ70K8V52
ORD0000757,2022-08-15,2025-03-20,3813.6,4851.38,4373.34,6L8U0BVO
ORD0000758,2026-06-02,2030-07-24,3776.33,3804.37,3798.36,81ZH34DZ5PZ7JAXAY8JFKLO
ORD0000759,2027-01-21,2030-11-01,1811.59,2319.24,2315.26,XAV82GQZJE7LEIUZ3C98RP18S8
ORD0000760,2029-09-25,2029-12-15,179.21,790.84,741.04,CO81Q6SITV69EFS
ORD0000761,2023-11-21,2030-01-03,2314.13,3677.3,3626.09,C2FWLP8Z2Y4M8LB2RYEE3585Y8J16
ORD0000762,2025-07-29,2026-06-09,3620.84,4775.26,3770.32,M5C8U7AZLPXDRBXYYV3CB
ORD0000763,2027-07-19,2029-02-10,711.64,4570.16,1390.38,VXRQL7Z3ZMIWSLPI8RZOM8GVZKQF
ORD0000764,2027-09-04,2029-07-06,3434.59,3726.7,3657.03,4LVYKKZOOV7XGO6G9ZXXB57QY9UB
ORD0000765,2026-11-03,2029-07-28,1670.16,4244.14,2409.68,OAMTH6EH44KDM
ORD0000766,2025-11-06,2027-09-20,4181.82,4657.98,4309.97,FXNZTF
ORD0000767,2023-08-25,2024-11-07,1538.88,2669.86,1909.58,NLXN047G
ORD0000768,2022-09-02,2027-09-08,4014.14,4853.66,4052.58,RJGSFCWL3Y7H749DI4ARXIP6
ORD0000769,2025-11-27,2030-03-16,2833.24,3587.96,2956.1,V910DU602
ORD0000770,2026-01-16,2027-09-19,2266.79,4624.44,2592.66,V6VR8V1XUSL6ITHF1VBIACCJTXO
ORD0000771,2026-07-29,2027-11-16,3271.97,3397.68,3301.69,HUUENAUV4C7N19LGSTS77YY5J
ORD0000772,2025-08-08,2029-06-21,4819.17,4998.28,4858.95,2S0JAIX6KXSNE7NL8GI
ORD0000773,2022-02-18,2023-07-20,4198.06,4358.59,4221.05,ATFDYAF7P0Q5KN93WB8K4Z7F3
ORD0000774,2021-12-25,2025-11-27,3955.92,4457.16,4116.74,X9R4IYJCUJF63Y9PGZD9L2H4LE3N
ORD0000775,2022-03-23,2030-04-07,2270.2,4258.32,4110.79,LBULLJN0KG1UETP99JPKUXP8N
ORD0000776,2023-08-04,2027-01-16,2824.13,3404.6,2895.04,35OKZSPBVQQ5HL22ALL2EKDVP375
ORD0000777,2028-01-23,2030-10-23,651.31,3729.83,3168.0,97PIJBGIX
ORD0000778,2024-06-14,2025-01-22,3673.1,4400.21,3799.08,Q95376
ORD0000779,2025-09-03,2028-02-17,4331.75,4565.18,4380.91,X6WLP8ZDCMBRTPYFUH3EWKNFBJKW
ORD0000780,2027-06-12,2029-02-21,217.75,1168.65,481.32,6MDMA04FN5FHJZDJJHNKH303IDHF
ORD0000781,2021-04-19,2025-10-24,652.28,1106.64,1067.24,HC2IV7
ORD0000782,2028-07-09,2029-03-20,2244.42,2789.89,2584.23,NCSM1YVN8AL3T7GJSLGFSB9Z7IVA
ORD0000783,2026-06-19,2027-03-21,3358.13,3604.62,3428.8,BMXWYEANW
ORD0000784,2021-06-09,2027-12-24,3918.17,4455.36,3927.35,O3HJRM1W
ORD0000785,2026-03-01,2028-03-20,1700.53,2978.64,2675.18,NBQEJBJ4D
ORD0000786,2024-09-26,2026-07-21,703.25,2762.73,1851.47,DKD2F11B0OIIS
ORD0000787,2025-12-15,2026-07-22,3285.46,3872.5,3438.71,AOSCPDHBXZ
ORD0000788,2030-09-23,2030-12-30,2532.3,4111.23,3114.24,TEX2WXS1LPQ4GIQ31AHC9DH6HCNB09
ORD0000789,2022-07-30,2027-01-17,591.85,1809.25,1740.11,K17C8A7GX2GJBGVD3FM6
ORD0000790,2020-06-22,2021-08-12,2102.08,2816.43,2432.07,VFDSX7R5TMZL
ORD0000791,2021-04-12,2021-07-22,3549.92,3575.19,3560.91,87W211Q5BNH9AVMM
ORD0000792,2026-10-22,2029-04-09,2072.64,4771.58,4335.24,1JFWE7PI4BCDRZ01G
ORD0000793,2023-06-26,2030-07-06,4828.9,4929.73,4905.04,HD253HQCBQP89ERAUPEULCQ6CT5Z75
ORD0000794,2027-03-01,2027-07-12,1196.04,1951.75,1642.15,H0Y9SG0YGJN5SD54RPOLU1LN6S
ORD0000795,2026-07-15,2027-03-05,2885.47,4990.85,3824.61,EQK1I
ORD0000796,2020-04-17,2020-11-11,1150.28,3135.08,2777.45,KGF0DKBQG8FPX662JHF2B8
ORD0000797,2025-08-24,2027-04-09,3167.21,4867.68,4031.42,8ZQT8IK
ORD0000798,2028-07-01,2030-12-19,689.19,4497.54,2676.94,O26X2A8LDBQ8C04U4FLMYFTZFFK6
ORD0000799,2029-12-28,2030-10-26,2548.45,3211.39,2658.07,196J3Z4DRCWOHQF1HW1C59PL5S
ORD0000800,2027-07-24,2030-08-29,4479.44,4770.01,4576.29,WG3ZLSC0SYY8PQ1BR
ORD0000801,2025-01-29,2026-10-12,2607.33,2762.28,2609.13,VGYJKWP0R88IA6OR8Z86OC
ORD0000802,2029-11-14,2030-03-26,2235.95,3328.27,2401.26,72E1BEFTENHPWKN0GON40AVLPCQU9
ORD0000803,2025-09-24,2027-08-05,562.54,4022.69,2985.79,XRT5JQHG1U
ORD0000804,2027-04-17,2028-05-16,254.67,3562.23,1159.62,0ZE44E7IQ88C88AZ39JGRF2R07GOUL
ORD0000805,2030-04-22,2030-07-27,2033.15,4843.31,3567.26,8PZ92T6YTFUVQUDHHILD4XPY
ORD0000806,2029-12-20,2030-06-17,3504.36,3673.95,3584.83,DO89ZN0UP0IG6QUXDY
ORD0000807,2025-06-11,2025-07-31,137.62,3026.44,2019.19,IT7QLDSYYR9115
ORD0000808,2024-08-08,2029-06-28,345.01,1565.23,362.53,TU1X52V8B2TUOM6B1IPXQZYIL0VSDG
ORD0000809,2024-06-12,2028-05-03,3199.86,3611.92,3221.99,1KLHLJSL2144TZIUEYBGFLRGFX6
ORD0000810,2029-02-21,2030-08-21,4787.07,4956.75,4895.57,A8AG47
ORD0000811,2024-06-10,2029-12-26,2457.88,4978.74,2780.18,LW2AR2I
ORD0000812,2028-01-21,2029-07-12,2101.89,4573.23,3680.07,EJHKDN7QO4VO1WY8D3
ORD0000813,2026-03-19,2030-10-21,1816.74,3839.89,2562.26,6LTIH9O6UQXRD
ORD0000814,2020-05-08,2025-03-01,3411.52,3815.73,3675.4,3VJMEHIMJ2S85F
ORD0000815,2025-01-20,2029-07-08,2248.1,4350.98,2758.88,K5KBM98YKE4WA8
ORD0000816,2020-09-05,2021-06-07,4025.86,4616.91,4254.61,CQVMCYOU86JR
ORD0000817,2026-12-31,2028-11-07,4479.59,4920.78,4868.32,CG6EZ
ORD0000818,2024-12-09,2028-02-25,2423.44,3748.28,2512.15,WLRQQXQQ1D8N8XE4N2
ORD0000819,2027-11-25,2028-07-01,3942.96,3959.42,3954.26,UPHJ8366Q8Y176JDTU4I4GR2IQYOC
ORD0000820,2029-01-31,2030-10-05,538.75,2949.82,2861.83,QLRIN9O2K7PPGJH95BZKNL76D9N
ORD0000821,2021-11-18,2022-05-20,813.96,4230.67,864.88,LABE7Y31YHCB
ORD0000822,2025-09-11,2029-01-15,4222.25,4744.49,4513.72,4YHA9FSMXYFSDP9SUPF6D4R09IMUT0
ORD0000823,2029-09-18,2030-02-26,4913.97,4985.55,4970.53,AMB3ZL
ORD0000824,2020-01-15,2029-03-08,1913.29,2774.32,2196.93,Y2EVBC11Y1RFEAZXTFFOSA28UGZR
ORD0000825,2028-08-29,2028-10-10,3131.21,4108.2,3145.91,9M109MS9JY8ZKY3A7O81997H475EX
ORD0000826,2020-05-05,2026-12-22,1917.88,3239.35,2397.6,3YBPIBF
ORD0000827,2021-06-27,2029-05-09,2214.9,4342.72,2977.74,79LYATF9AXIE3XV6UH353SFI5
ORD0000828,2023-04-30,2025-05-26,1986.97,4349.36,2215.11,9JRFZI1RLKJ4V6E2DQXRIG9WSX
ORD0000829,2025-06-14,2025-09-14,4183.85,4444.17,4386.77,AJIX5ABDE
ORD0000830,2027-02-02,2029-01-02,2056.56,3263.4,3203.83,KNIR4L6K9URADF577LK
ORD0000831,2027-09-22,2030-04-05,1382.91,2252.35,1501.37,EY8XA4EDW9DFHXAL3G
ORD0000832,2029-02-25,2030-01-13,3318.99,3631.54,3344.27,XO2DIM
ORD0000833,2020-06-28,2021-04-14,260.86,4097.96,2538.75,AA4QF6T9USOJ7309N0WIQR4H0F
ORD0000834,2030-10-04,2030-12-08,3159.59,4863.25,4824.75,T8FNECQVCJW
ORD0000835,2028-09-08,2030-05-26,2851.25,3717.8,3444.49,3SNX2Q7
ORD0000836,2028-07-26,2029-03-30,4418.41,4614.64,4598.63,7DZR81C12M9OQT86M9
ORD0000837,2023-05-28,2026-12-20,4841.6,4968.35,4890.1,TZI8DVVD22RDZX2VWFXZKNLAC8VUGC
ORD0000838,2025-07-13,2027-04-07,3181.83,4510.22,4066.65,GOGFG36YGBJVS2YDLKBZXOUR
ORD0000839,2027-11-01,2028-10-28,4708.43,4999.48,4968.33,IL2UWDAK0DFUHVNLWQ2VC2SC5G
ORD0000840,2028-07-30,2029-02-10,2270.42,4575.62,3339.33,DWXBOEDAZSNTANHARWICN1
ORD0000841,2020-07-05,2028-05-05,2581.76,4933.02,3250.01,8TGOVL8
ORD0000842,2024-01-11,2026-10-04,1795.93,4709.4,3794.64,JCXYECD05ABZ19D
ORD0000843,2020-10-28,2028-11-12,2779.0,3754.53,3035.34,P46RINMSTXOBAZ53YKVUANKWAE5NY
ORD0000844,2023-07-06,2027-11-24,1350.01,2020.31,1420.91,QLDLJOOTVGEACC0CWPA890
ORD0000845,2025-09-21,2025-10-19,1341.06,1895.27,1841.43,YZ2OIAS
ORD0000846,2030-01-19,2030-09-09,3423.86,3950.42,3885.37,982ULFK1TKZCOP0LAJ3XW7L
ORD0000847,2020-11-14,2026-01-24,1353.59,4598.63,3608.58,A2HFWKO9A
ORD0000848,2022-01-11,2029-11-18,1026.32,4830.86,1402.87,KEW7H75AXG1GH61N8XV99FU34KGY97
ORD0000849,2020-07-01,2028-11-29,3573.27,4989.18,4054.21,48NE9YJ64L6R
ORD0000850,2023-09-20,2027-03-16,4811.08,4974.73,4918.66,IK4KADL9NS8IOIJDQFRR5
ORD0000851,2023-02-15,2024-08-07,3308.69,4872.4,4653.88,HE0XMAIAICNDRJOII25WIGPXMCI6
ORD0000852,2021-01-18,2030-12-27,2147.85,2282.0,2181.85,ADWO233WZG8
ORD0000853,2022-07-07,2023-04-23,746.89,3655.11,2642.36,F0E4TYCK7NHBQP8REYZKJFMH
ORD0000854,2024-09-15,2030-04-29,2485.55,2626.05,2542.57,0Z3CYOZJF6ZXXDTS
ORD0000855,2028-09-24,2029-06-11,3839.03,4187.91,3851.65,ZMTMO0WATYK3MIKYI1
ORD0000856,2029-11-21,2030-01-05,4186.71,4427.05,4222.01,0IV9URJG66C
ORD0000857,2025-12-26,2029-04-25,3701.27,4935.55,4463.68,0JPTFYQOM9VPIS3LXDX8POPQMCPE
ORD0000858,2020-11-18,2024-12-25,3561.39,4781.82,4207.0,BXRX3YR5V3ZRVMXP1
ORD0000859,2024-02-27,2027-03-12,2865.16,3704.21,3646.48,6YE1NRIFLVSXB8AVT6FVLZJU
ORD0000860,2028-10-26,2030-06-07,4705.76,4817.95,4739.65,LHPA3RIPXHRLYHSDQ8M
ORD0000861,2022-10-12,2024-07-17,3983.93,4940.01,4764.64,UTND20O3OGBB8H
ORD0000862,2025-07-23,2030-03-02,4706.72,4811.21,4724.17,FX92F9RU
ORD0000863,2021-10-02,2030-11-24,1124.66,4881.65,2174.21,163QR5DH5M
ORD0000864,2027-03-17,2030-11-03,4827.88,4988.6,4936.64,70VJO232I1ZU0MM3AHRDCWJ28EB
ORD0000865,2030-05-27,2030-08-18,4686.65,4890.04,4820.54,CBJ4LI
ORD0000866,2020-09-26,2024-04-27,1615.02,3182.65,2942.3,H1BTOHNZ7F5
ORD0000867,2021-11-04,2024-01-25,4551.32,4605.89,4571.95,WJ7ZLBL5PWIXWNPJ
ORD0000868,2021-11-23,2029-09-01,838.8,4046.49,2258.82,M7LASX4OWOIO11F6WC4ZFD93C6L
ORD0000869,2024-05-12,2025-09-18,3074.96,4546.64,4262.5,YCGA5HJZGW9
ORD0000870,2022-06-29,2028-10-01,4475.45,4830.97,4700.18,F51Q8QZ4MU
ORD0000871,2024-12-17,2026-06-06,3793.38,3968.52,3964.96,JJK6BGSQJW9
ORD0000872,2027-07-08,2030-09-09,4304.52,4411.82,4392.04,LLWZDYLVNXDYP4PEH8DRZ5RGPA
ORD0000873,2025-06-11,2026-09-23,3378.11,4767.7,4697.91,H9UJAEOYLZD6SZO4XYEUR4CXUQELE
ORD0000874,2024-02-17,2027-02-17,523.74,846.12,706.28,VV1RBFYNU295WLD4AIBQK1KAE5
ORD0000875,2021-01-28,2028-06-30,766.18,1146.4,883.09,P1Z383ZC74N
ORD0000876,2020-10-30,2026-05-01,908.37,4563.0,1753.77,LI2YB3V78480WPNTMHFYVTMB6VLOHJ
ORD0000877,2020-07-06,2027-01-31,876.84,1162.38,1117.31,W5YRS3S4ADAI093ZTT815ZT22TF0M
ORD0000878,2024-04-28,2029-02-08,4463.58,4834.05,4476.09,CB0PWUO4MCYR1L3
ORD0000879,2024-12-12,2028-12-17,487.48,1107.29,918.83,UNDX3ALXWHK7
ORD0000880,2021-10-21,2029-05-14,2367.1,2910.45,2529.95,US79VZW
ORD0000881,2030-05-06,2030-10-21,1480.3,3010.05,1936.99,QSOTQETHZPPQR2S
ORD0000882,2022-07-16,2025-07-24,2917.11,4743.96,3399.02,9KJODV60I4N87RGPKGA2I
ORD0000883,2020-09-07,2021-12-22,3487.23,4788.85,4478.65,UT7WMS0XV4IICPACTR1T
ORD0000884,2024-04-11,2025-12-09,4651.61,4903.68,4707.93,BJWGIH
ORD0000885,2022-04-15,2027-06-18,3695.81,4130.52,3866.86,7ZMVV4A91FNEQX9T
ORD0000886,2022-02-13,2025-10-15,1370.94,2810.04,1689.39,O89XDNS
ORD0000887,2029-12-25,2030-07-21,999.48,1629.85,1422.3,CPMT3SLQ0
ORD0000888,2022-05-01,2022-07-16,3314.51,3822.28,3651.31,06Z8BC9UJRYDJF52SE3QMCTNUDJ
ORD0000889,2022-07-24,2026-09-02,2729.15,4880.21,3080.57,R1ZVL2VKMMI7JOAIBIVZGN
ORD0000890,2022-04-17,2024-11-12,4401.29,4414.44,4403.88,32EH13XA21J4WUPDLR
ORD0000891,2027-03-13,2027-07-05,1913.96,2155.42,2132.12,9Q5KPBNRICI8
ORD0000892,2023-04-27,2029-11-02,2346.42,4494.49,4058.78,BF3KKISDXD20Q83G45UQ0GLQDYX8O
ORD0000893,2026-01-07,2028-06-27,4374.75,4471.09,4440.03,JV6ELJUCVYZ8SQ6JP5PM2ELGI
ORD0000894,2020-12-12,2021-06-23,521.17,1055.16,765.68,CPW90DE3D5SCOJWGQWLUH
ORD0000895,2025-07-16,2026-07-10,599.92,1225.19,907.7,QPO93LKBXSJJHYLYU
ORD0000896,2027-09-07,2030-12-30,4073.45,4887.95,4385.0,MA8MMSST2BT
ORD0000897,2025-08-19,2028-06-06,4219.03,4616.21,4449.44,AR3BKAXY6WEUM25
ORD0000898,2022-11-20,2024-12-03,3157.18,3889.26,3621.8,KU0ORL254UK
ORD0000899,2021-10-17,2028-02-26,4569.04,4635.24,4596.74,W8FJIBXKJSHEU0NCJ
ORD0000900,2026-08-19,2030-11-17,1656.96,3879.55,2949.54,1P3J0LSLC1YE
ORD0000901,2023-10-05,2030-10-01,3349.9,4198.67,3898.47,VGMNGO8CCR8OKEFLJGLEXS
ORD0000902,2025-09-25,2030-09-08,3347.46,3533.62,3416.8,18085ZTAG
ORD0000903,2028-07-24,2030-01-18,2955.96,3623.78,3327.45,YTTIAC
ORD0000904,2028-11-28,2030-07-04,2002.51,4784.39,4549.51,274PU7UYZSZTH1INSLHJ
ORD0000905,2028-01-07,2028-10-29,4657.79,4719.06,4669.63,TECSK
ORD0000906,2026-11-10,2028-01-28,1339.38,4252.64,1667.9,56HF42J0R7GK6MH9BDO110BKADAW
ORD0000907,2030-07-01,2030-08-11,1063.87,3186.39,1474.35,MGAUCULRP7P9AW9K0
ORD0000908,2029-06-12,2029-12-04,4070.55,4683.97,4416.86,DD2Z81K31POL9N6YNN40F6VH
ORD0000909,2029-11-26,2030-08-30,3192.42,4842.83,4430.3,ZLZ3GP19TGAEMJ6KMOJG86OWL3E74
ORD0000910,2023-08-25,2023-11-14,3570.41,4150.91,4090.34,YGC1XKA87GRPEI320H36
ORD0000911,2027-10-16,2030-02-20,642.28,3167.82,1989.0,8TW5LBJZYXZ8
ORD0000912,2024-04-23,2028-04-11,3842.22,4507.65,3904.9,2NT6KVUOR1A2TIB
ORD0000913,2024-12-27,2030-04-26,1413.77,1925.59,1729.74,TE2Z5B9A93T5Q9WSZR
ORD0000914,2020-11-04,2023-01-05,4772.68,4955.16,4919.03,H03PS37VNZ88GY
ORD0000915,2023-04-14,2029-04-08,3904.39,3935.02,3913.27,K6ZAU
ORD0000916,2030-10-27,2030-10-31,937.42,1603.79,1030.41,CZZS9DB8LR8QW7GOA98
ORD0000917,2026-06-05,2030-02-27,2822.17,4574.23,3400.14,89P4QG9W0PAJ2X
ORD0000918,2030-04-06,2030-04-06,162.35,1192.06,862.2,YZGWNBWYSG9QM28S12D64BH74K0C
ORD0000919,2020-05-07,2028-10-04,653.69,1540.53,983.91,HDORSTQICZ4RV19ZXKTCYJIHUW1
ORD0000920,2029-10-12,2030-03-22,2440.67,4827.09,4273.72,LHAVPNS2BQ
ORD0000921,2025-08-05,2030-08-23,1605.79,2925.45,2319.97,UXO1UKGO8OUA5FISVWNGKDAPZI
ORD0000922,2027-05-20,2027-11-23,1005.69,4722.47,1258.39,4PJ35K1R88PW9UU9UKLTKWIUGZH
ORD0000923,2030-12-17,2030-12-24,2561.55,3459.49,2637.01,DVD7DXT
ORD0000924,2026-09-20,2029-03-25,554.46,2573.22,1098.0,XNWJT27SH3HW
ORD0000925,2026-07-06,2029-09-17,1571.37,3146.7,1980.89,NCVO568BOMH7N0FEMP7L1C64
ORD0000926,2025-09-03,2026-08-27,2721.24,4571.79,3751.66,L484MAS91LUEULH2
ORD0000927,2027-10-03,2029-08-02,1598.07,4427.56,2199.92,O46DG6GW14MSRY5
ORD0000928,2020-12-24,2025-12-11,3702.58,4665.66,4601.63,ZETONZIQY1QVDBCHD89V4OB
ORD0000929,2025-12-16,2030-08-17,4539.01,4968.25,4843.29,GF807SSKSY
ORD0000930,2023-02-08,2028-11-15,3707.0,4710.99,4005.73,3X2K9X5VW7I7HDLJE238EIT78M2F3
ORD0000931,2020-02-28,2028-07-29,4638.53,4848.4,4701.33,VGRN15K7Z7GFL
ORD0000932,2028-02-22,2028-04-22,1166.43,1971.17,1571.04,18HFP58FRVABKG23DXUJ911NOXFU6
ORD0000933,2026-01-14,2030-04-08,3779.2,4660.51,4626.3,UMIZB
ORD0000934,2028-05-14,2028-09-15,3747.62,4468.58,4315.21,AP8I4TI
ORD0000935,2027-04-01,2029-03-16,4344.08,4423.62,4401.63,D7U8G6
ORD0000936,2028-01-16,2029-08-18,702.78,2111.15,1941.19,N3NZEV75NYZI2F
ORD0000937,2022-06-07,2028-02-23,3482.01,4575.91,3920.6,NWPDAV8U1FXS
ORD0000938,2025-01-18,2026-01-05,3361.73,4427.69,4279.28,P5LWWHGYSPZCI6P45
ORD0000939,2022-01-14,2023-10-24,2338.99,3788.45,2950.41,Y0AVPSL7FYQQE0ECG3UNV8T0QCXHC
ORD0000940,2022-02-12,2028-03-31,3379.47,3381.45,3380.44,AQJ50N1I6GQ
ORD0000941,2027-02-08,2028-08-15,1369.9,3015.38,2240.14,OUNB0C05ZQALL68R63RUWHP
ORD0000942,2029-04-27,2030-03-29,4174.02,4618.1,4570.48,5H3RMB199
ORD0000943,2021-05-05,2029-11-01,3965.3,4362.36,4295.69,CMTN67E65N942
ORD0000944,2027-04-24,2030-03-07,3762.32,4037.64,3826.75,S42AQGOAAHWM60BL8
ORD0000945,2021-06-07,2025-05-05,2039.9,2822.87,2170.55,QEKOFC
ORD0000946,2028-02-14,2030-08-24,3296.63,4083.29,3302.39,REBD5RGNKRXP9ED4TGJJR83B94JYQ
ORD0000947,2029-09-15,2030-04-11,4673.18,4740.08,4685.05,5TJLSAQ
ORD0000948,2029-05-02,2029-12-07,4461.36,4554.22,4470.62,DCMTY71GYND4AJ8Z2KDJCC
ORD0000949,2026-09-01,2027-12-29,1742.58,3015.98,2764.6,IEXM08BAV34UBDG5PIVAB3N3FMC2
ORD0000950,2021-12-04,2023-02-24,885.21,1725.42,1568.3,C64EY5JLHBQUR0H5HK9E4A3
ORD0000951,2022-11-17,2027-06-11,1601.33,1784.16,1780.21,TSILXJFZAJVL
ORD0000952,2022-05-29,2025-06-07,4565.71,4893.74,4612.26,BRT24LYBNL0WUGOI40F3T9BIRWW8
ORD0000953,2023-12-07,2024-05-06,648.54,1220.38,709.33,HU8FK18ZS80Q49160IN3YDA67R
ORD0000954,2023-07-01,2023-10-05,2335.31,3697.42,2649.58,9FHC5SIF1TCDZ7MZIMUOR8R61R
ORD0000955,2025-01-13,2025-06-22,4728.29,4865.28,4744.35,70UR1LJAKEKM5JAWVANNADB
ORD0000956,2020-03-15,2024-06-05,2787.86,3337.95,2948.32,Z3PHAA77FHQHZABFYJPI5M383CY
ORD0000957,2020-02-06,2028-04-26,2754.71,3511.01,3165.63,914QYPC
ORD0000958,2020-07-26,2027-04-05,212.98,4118.88,4011.24,ROP1HGP2FG7FUF9XQV6JT
ORD0000959,2021-09-06,2023-10-20,4866.61,4951.44,4934.89,AEXNUPR00B2UYQSRZ12JDGD9IR
ORD0000960,2029-11-18,2029-11-26,3255.42,4668.73,4253.7,F6JIO62SAJZJC7W6E5QUI3
ORD0000961,2022-07-20,2026-07-27,3969.38,4626.06,4095.89,KOW3BASFKG9I9V
ORD0000962,2021-03-15,2028-11-25,2789.87,3715.19,2854.13,UWBSZHCD3L
ORD0000963,2022-06-16,2027-03-28,371.37,2261.7,473.04,9P7J3FBFL
ORD0000964,2022-04-01,2023-09-03,4919.69,4965.29,4964.84,1EWFIBQ8XA511UOQTYCTLJ20O
ORD0000965,2029-07-22,2030-08-18,3206.66,4686.56,3243.88,FVPAX5NT5JQPW90F508KKUGI
ORD0000966,2029-04-06,2029-10-10,2348.35,3393.74,3380.01,Z0YWZJIRE20826RS43FKD
ORD0000967,2027-03-02,2027-04-01,1117.7,1259.4,1255.85,6T64TJIP
ORD0000968,2023-07-06,2025-11-10,4334.06,4538.9,4396.99,Y9JHJFV1QWKWQLBZRS
ORD0000969,2027-03-17,2027-11-25,4109.97,4199.93,4173.86,M89F7J3PA1OTOVS66LE7
ORD0000970,2025-10-17,2030-04-15,1458.41,2945.08,1492.9,ZQBWGGCLFKXTMRFLP
ORD0000971,2029-09-05,2030-09-02,243.61,2153.06,837.36,71AP5JG6YDDMKDMG29DFFRCANT4H
ORD0000972,2022-09-12,2030-06-07,624.0,2796.17,838.83,90CGYJWD6QGS37VXAHE
ORD0000973,2022-04-23,2026-02-16,4795.2,4840.96,4819.46,HB4K9727A4I3DO3H0G1B96H4JIM
ORD0000974,2027-08-04,2030-11-20,3019.04,4274.46,3501.37,5H8M5VOC209GALS9A9XW
ORD0000975,2025-03-21,2030-10-31,4348.94,4369.43,4352.42,SMINZLKHZCYY9
ORD0000976,2023-12-14,2026-11-11,4249.89,4548.74,4390.99,2WE1HPXJFUDH0TJYE
ORD0000977,2020-01-19,2020-02-27,2453.68,3007.72,2655.34,7QKSNH8OIS8S6EOBATG1EAUOC
ORD0000978,2021-08-26,2022-06-13,594.58,2255.67,1790.06,9YSZPOVOT9FFAUBHR50QJ561HU4P9
ORD0000979,2023-10-12,2025-01-09,1672.66,2127.89,2023.38,5VGIOX56GVXQJYC3KOY
ORD0000980,2020-03-18,2029-01-12,852.19,2066.33,1772.97,R133JCWE2GB3ND63
ORD0000981,2021-05-16,2030-05-28,1872.1,2696.53,2409.91,O4DNG5UTO7BL2SET6U3LYD
ORD0000982,2021-10-25,2025-07-17,2856.85,3413.13,3275.03,7ZJ2L97TC201QIA2YNJ4ENVN9Z
ORD0000983,2025-05-03,2026-11-20,2146.09,3168.17,2274.24,164D0BQ77ZOLDVXPQAWB7
ORD0000984,2030-07-31,2030-09-06,4187.8,4573.0,4410.33,FU21QAUMU02D4635VWQK1EBP7QJL
ORD0000985,2025-05-07,2029-11-10,1129.28,4030.69,1507.15,NLDLLJ4GGE3X51H5G1KDSK8XHSR9
ORD0000986,2024-07-13,2027-02-21,2927.91,2995.01,2939.7,1ANLLBL0
ORD0000987,2030-10-11,2030-12-20,4921.34,4922.43,4922.43,LZR5ED18BE23B
ORD0000988,2030-05-02,2030-05-22,1158.58,2695.39,1456.75,CVACSMNL03LQRYOH2KR21P9A8OCZU
ORD0000989,2022-12-01,2026-11-02,398.24,3231.92,2134.57,UGOOI3K5L8FKHYOWDT1DI1
ORD0000990,2028-01-22,2030-04-10,2156.93,3993.22,3670.15,K9TWN5QXB2A681TA05X
ORD0000991,2028-06-13,2030-11-21,2122.64,2185.08,2125.42,GKCKL
ORD0000992,2028-08-26,2029-09-10,481.0,3990.59,3795.8,CRQ8COLKWMPN
ORD0000993,2021-12-10,2023-10-28,132.15,1323.21,212.23,XVWDHOVSV
ORD0000994,2028-12-05,2029-01-08,3617.78,3930.21,3744.26,99SNMPMKSPZK1IA8BW8OH
ORD0000995,2021-06-01,2030-04-05,4175.1,4397.38,4235.17,D2VZUIDHJP
ORD0000996,2030-11-04,2030-11-16,2532.42,2718.12,2617.8,XRKEAYLRFN2VGILZ2EOG4XO
ORD0000997,2028-02-07,2030-06-23,2063.83,4574.17,2751.84,J6ZQYGJB1H2OBAK
ORD0000998,2027-05-26,2030-05-21,3734.95,4876.51,4095.0,RDMKGEWOV
ORD0000999,2023-12-23,2025-01-11,148.67,1462.92,1094.66,GGTPD7253
ORD0001000,2027-02-25,2029-10-06,784.32,3336.77,1108.1,QIJF68PQU8HLAT845C15YMNPK91
