COMPANY_CODE,CUSTOMER_NUMBER,ACCOUNT_TYPE,CUSTOMER_NAME
3000,CUS622,STANDARD,KV05SZ9C
1000,CUS457,STANDARD,FUQUHZ6A830DM7X52DN
1000,CUS103,STANDARD,9IS25HBPKT9A9
2000,CUS128,PREMIUM,FOH3HJ5S6R044P39JY
2000,CUS005,STANDARD,6IER0V6RAST
1000,CUS915,STANDARD,5J284WV98Y3UMPYO0CU4YYJ
1000,CUS572,PREMIUM,CI6VG2G73AJ0JE4QVZFV
1000,CUS420,PREMIUM,8YU58CEPSOF1GG2KTBCUDSWX1J
3000,CUS774,PREMIUM,70LKLFYP5JO3
3000,CUS236,PREMIUM,Q3QA3S8KE2WT1Q3TMY4GPYWSS
1000,CUS357,STANDARD,ZRAD5
3000,CUS421,PREMIUM,OWOMQIGCT2CXIF
2000,CUS730,STANDARD,U0LMI8X76RKQ4S
1000,CUS131,STANDARD,VH3EJOZ9XFZAQ8H3XQYXGO4B9UOE
1000,CUS123,STANDARD,3T0HICCT5HGP8IY3X80J0G50R
1000,CUS384,PREMIUM,XN22PX
1000,CUS896,PREMIUM,X8WDZRMH
1000,CUS953,PREMIUM,FNBDVPINE9NNOVJARJI
3000,CUS072,PREMIUM,QLHBIAWPUBLQDI07HE42X6
3000,CUS468,PREMIUM,G26OC7T3BD4Z1G52EFUJEIR
1000,CUS109,PREMIUM,9UY7S361GH9N12O0V3Z0GU1U
3000,CUS301,PREMIUM,QXJ4EFFF1GXI9D99VH0W1DSTWG
1000,CUS815,STANDARD,6NJ4OGW9XHRO199BRBLRTVW
3000,CUS935,PREMIUM,LJZEJ
3000,CUS664,PREMIUM,BF7NY03VKXTUFDJKDFR21520RN6H
3000,CUS875,PREMIUM,1HS57TCOZDANTNIQ
3000,CUS235,STANDARD,UHA51LIY8O69WE
2000,CUS720,STANDARD,C1B3EU1Z0SHZBUK3X
1000,CUS903,PREMIUM,1GP1Z7F
2000,CUS841,PREMIUM,TVOVKE6H76MWWJPGJ
3000,CUS416,PREMIUM,MLJEL532UUJ2E
2000,CUS141,STANDARD,2TRDW6ET32CDXSEF6Y39
1000,CUS027,PREMIUM,C2MU46JD2GVF6LCP2277KXXSY0VDVE
1000,CUS654,PREMIUM,G9YSQJVFJWTZIFT
3000,CUS862,PREMIUM,YVI7F16XBXTLNV5MOIJESG
2000,CUS733,STANDARD,87CVIYJKLK2C0XP2S2O8P
2000,CUS395,PREMIUM,4MX23SY670KMIQ
2000,CUS140,STANDARD,4X9G7H
1000,CUS637,PREMIUM,FKR26J1FO2WB0D
1000,CUS882,PREMIUM,6XPYFXOBUGVJICS4I
2000,CUS380,PREMIUM,42AFBQNJ971HSPTHDP03EH58B6PJS
1000,CUS419,PREMIUM,AWP0LF7XE78669BY4C
1000,CUS380,PREMIUM,YXQBWEWPGVICW8VL34LIE3CSM
2000,CUS558,STANDARD,MCUT6Z
1000,CUS397,STANDARD,4QCMSWDVRHX1Z2YVL55X7R
2000,CUS472,STANDARD,F1F1L8SUGFUST21K2W2CW1RDEZX6KB
2000,CUS410,PREMIUM,2CIEPXXYC
3000,CUS475,PREMIUM,J2XX2EI7XZURPHBL57Y9HQQ2
2000,CUS085,STANDARD,S5MHIE2L2FU
1000,CUS178,PREMIUM,WE98STKLX6OHMIP5BX9X39IFET
3000,CUS991,PREMIUM,4700EIUE237WI9LI1
2000,CUS883,PREMIUM,DH7JTKKUOW7SFQM9RIT8F
3000,CUS199,STANDARD,KJKVCBFCQN0B58ST4PZT3
1000,CUS512,STANDARD,DK2043N
2000,CUS552,STANDARD,JUUWZIX69GUP3HR
1000,CUS323,PREMIUM,PJGDSY0PKUUMK5635T5
3000,CUS264,STANDARD,FZ63P
2000,CUS202,PREMIUM,WDDS54S8AG1
3000,CUS577,PREMIUM,QXZXCZD9M
3000,CUS536,STANDARD,9SEY629RHIGZXV9X
2000,CUS483,STANDARD,JM6Z6CCCIV473J6IUUKZTV6685T4B
3000,CUS367,PREMIUM,VH0TB4QOD4K7YJPC
1000,CUS788,PREMIUM,HMB2U0J0N064DI7N9U47YUL
3000,CUS888,PREMIUM,8V8WQ4MPR9TOTSN5U4W
1000,CUS285,PREMIUM,RSH8YZWJSCSFW2Q4NM8R9R
1000,CUS188,PREMIUM,GPPD7OODG
3000,CUS711,PREMIUM,V4GIA9K044MSUSDFO8
1000,CUS934,STANDARD,CL0LCZ5LSCATGVS3875I63RMHVK3
2000,CUS187,STANDARD,QLAVSMLZ16UFZGLI4UPAQYP2R
1000,CUS327,PREMIUM,TAQXPDH3TKZ6THS
1000,CUS954,PREMIUM,OOI4J3X0948NPF72
1000,CUS414,PREMIUM,XEHD96M8JKU72HN5F62D3
2000,CUS558,PREMIUM,603D93TBZ
2000,CUS140,PREMIUM,ANEC1WE8DE4CS
2000,CUS859,STANDARD,LI0XY2YYF8IWHL8Z7I
3000,CUS606,PREMIUM,OABT3818YOP3WJRMHC0BPNEGC2DP
2000,CUS496,STANDARD,CZ2O8NDI6SOUUPTJ7O0TRD9L195D
1000,CUS667,STANDARD,Y7U00JTYL84POTJ3
2000,CUS518,STANDARD,90097I
2000,CUS457,STANDARD,PQNVF2XF8MDRYCEM9
1000,CUS859,STANDARD,4NVTANMH4PN
3000,CUS748,STANDARD,P9USY38WTQX653G4U
2000,CUS095,PREMIUM,XU0COJBQ90S
3000,CUS877,PREMIUM,MVOYP59VQ
3000,CUS802,PREMIUM,553KWKI85L8D7CEDA0IOEJAN63XD4
3000,CUS657,STANDARD,5BA890AB7R8SB61LGG7JPM7QWR
1000,CUS293,STANDARD,ZFXZ3POTFCFZYY94DAKF51VG7CON4R
3000,CUS498,STANDARD,ER8CLU
3000,CUS603,PREMIUM,NJZET
1000,CUS701,PREMIUM,PY8VYIF6WD
3000,CUS190,PREMIUM,1OEVZUBR
3000,CUS989,PREMIUM,25OW9Y1LYFSPEFRJYJYUXGFAT2XRGI
2000,CUS004,PREMIUM,L129960
1000,CUS670,STANDARD,BFW9FUYA
2000,CUS895,STANDARD,0YF9P7KYKIRTR5
2000,CUS556,STANDARD,EK1R0T4EX
2000,CUS107,PREMIUM,P5M3GITAZVYV2
3000,CUS624,STANDARD,1ITUM4ULZUS5PUY
3000,CUS821,PREMIUM,ZXHM8L9B3N2SE
3000,CUS284,STANDARD,05ITPQJ1YE24Z8608CX8FGPWKCZV1G
1000,CUS900,PREMIUM,GQO67
3000,CUS807,STANDARD,O2XZ36JWB4GS0FHJWTV3N7
2000,CUS330,STANDARD,W4G22UETCHBVGKP7L9KV
1000,CUS230,STANDARD,13OZLL1ZBM21YANNREG8LX
1000,CUS939,STANDARD,M3HQ57UYZHWW3LT
1000,CUS132,STANDARD,FIUHPTHLXJ6Y0IY1L58L9K5S
2000,CUS294,STANDARD,LU2DWA5IM
2000,CUS645,STANDARD,96505025KFBOSCRO8
2000,CUS098,PREMIUM,K3596HHR8X8C28
1000,CUS272,STANDARD,1GPTC2QWF2H
1000,CUS865,STANDARD,PNW1KINNDW8R8KUSSR6GI0DRIIPJU
3000,CUS326,STANDARD,Z5JR0Y2EFZ6R
3000,CUS943,PREMIUM,X35UAF3WE8ZN1N5RUSV9I5VDCG3
2000,CUS290,PREMIUM,HK23A
1000,CUS871,PREMIUM,MITKRFXQFXKDZTO1FG
3000,CUS687,PREMIUM,N4EIO
3000,CUS047,PREMIUM,2AAVH1I4EOYFGGUXTIYIJ
2000,CUS622,PREMIUM,7AK2WNJ
3000,CUS636,STANDARD,2NFGIHYW1UIPRFP9SB
2000,CUS881,STANDARD,TN76MZSDP5YHP5E7AXUIY0X8L4
1000,CUS586,STANDARD,EBEAQNCDZ6S601ZF88JRFTF6NJ8UZ
2000,CUS086,PREMIUM,ET1PDPF1H3DTLHAIAK5W77Q
2000,CUS012,STANDARD,XIRHBV1R7E
3000,CUS302,STANDARD,E536XD5KXKQGH
3000,CUS210,PREMIUM,6ACAPC4XYJLC
2000,CUS078,STANDARD,0OUP0UREXH6DLO7CZE3STU
3000,CUS397,STANDARD,93AXMST
2000,CUS756,PREMIUM,P3X5M8PJA0BO8WAVAYTGN7P05DJR
3000,CUS393,STANDARD,CO70X3F
2000,CUS637,PREMIUM,G6IZED1IPSQUZUU2ROEMIGJ
2000,CUS484,PREMIUM,K23U0H8W
1000,CUS899,STANDARD,N2T3QHFKTCNUJFPWZ6DTQLBZ299PG
1000,CUS567,PREMIUM,GIHADOIMZXFQEBEM2IF
3000,CUS090,STANDARD,VHC3DK1Z5BY1LWNLRR2JCPS5094DFR
3000,CUS024,STANDARD,I0M7P8BYW485W6UYR
1000,CUS373,STANDARD,BUOBRD47WO
1000,CUS193,PREMIUM,GPPR8DOYWL
1000,CUS450,STANDARD,PUWBWJM58T
1000,CUS627,STANDARD,5CFDOOB74A
3000,CUS573,STANDARD,MIVLUDBJJH7XEXZ
1000,CUS656,STANDARD,GVTUIK15UL9WOLYTSILAZCL
3000,CUS790,STANDARD,UOG5JVEPWUKFV2AQNPEWQGAD
2000,CUS731,STANDARD,20K05YW8YG4OK2ECS
3000,CUS445,PREMIUM,UQGEV
1000,CUS261,STANDARD,YKE9FV4B1K
2000,CUS578,STANDARD,1KDGVNM098QSTPGDZ95JDXA1
2000,CUS565,STANDARD,S4MGBNK
3000,CUS443,PREMIUM,SF4HTZ45QF8YLXYXL2CQ23QOR
2000,CUS919,STANDARD,DJGFW80O9DY7084P4TFZC67
3000,CUS170,STANDARD,JH2LKNMIC1F1MJQUEFY9Z9UR73A70H
2000,CUS031,PREMIUM,JJGGGS8W0QY54CLRZJ
3000,CUS269,STANDARD,ZCZVPD4RXBVTTR5GOIT2UR0F
1000,CUS048,STANDARD,2N057XD6KET
3000,CUS789,STANDARD,6ZI7BLMMDPC3DXMRX36ZHBPX52L
3000,CUS955,STANDARD,9WWKQFSBYDKNOONR06BA
1000,CUS470,STANDARD,ILAOQTR1YW3QN3T7ZGA6
3000,CUS795,STANDARD,X9STG4EVRURQTMJ7PDZUIB5SQ0
3000,CUS202,STANDARD,YCMVO84W6TK9LSG4I
2000,CUS094,PREMIUM,Q9LVFOWOT0VXQS3H4DE4M6HY7T0D
3000,CUS628,STANDARD,IMV03JULF
2000,CUS395,STANDARD,VLUDA2RNKK5FI11Z14YA
1000,CUS457,PREMIUM,8MXAU7
2000,CUS204,STANDARD,BAPOWTIGY6T
2000,CUS782,PREMIUM,ECTS377V1I
1000,CUS648,PREMIUM,5WMKZBOOINB6KHX
2000,CUS860,STANDARD,CYQ8DDGBDH02YH9Q4JNAT0G7RI0
1000,CUS014,STANDARD,6HSHG5MM
3000,CUS960,PREMIUM,Q7MW0SKC95N4VPAAFH5JF6EGQO3SQ
3000,CUS950,PREMIUM,DGLCSXU1HGCAIKVW2RF
2000,CUS080,PREMIUM,VLHZZ3RY40KHIDKG
3000,CUS053,STANDARD,42LYWBI45H02CEQUA7
1000,CUS732,PREMIUM,OV77G1P4WYJ9DAK645KE5UPVRD6O9
3000,CUS082,STANDARD,YZPF322F52UH5BGZ0C99AFT69
1000,CUS436,PREMIUM,3VXDO3V94X2
3000,CUS564,STANDARD,GOAVWS97
2000,CUS224,STANDARD,GCK5I0GQMMHZN3MV
3000,CUS620,STANDARD,0CH236I5
3000,CUS497,STANDARD,7D914
1000,CUS815,PREMIUM,LLIGYU6Y0PRZVS2II06T9
2000,CUS533,PREMIUM,9NMNSWIL68UHW94
1000,CUS662,PREMIUM,08S1A7GBYJDDMRKSQJDSN8C
3000,CUS212,STANDARD,2G9O9YP6SDYY0U9D
3000,CUS175,STANDARD,QM2OX
1000,CUS003,STANDARD,8MMS2LELL6HYC1R9QIKQAV3JCJUDT
3000,CUS456,STANDARD,9WEU7OL7E6K088ZFWONV
2000,CUS329,PREMIUM,XSN749AHW2PPCUY
3000,CUS004,STANDARD,HYQ8SB7X6625CSMU6FGK88AENN1GN8
1000,CUS080,PREMIUM,1EJB3VCFEDLQ9EOQ0Y2Z1UBYH8A
1000,CUS459,STANDARD,ECEW6GSTFS2YZB4K8OIZ8SJTX
2000,CUS488,PREMIUM,99JHC
2000,CUS261,PREMIUM,Z89FT
1000,CUS981,PREMIUM,WN06JKLOQMH
1000,CUS238,STANDARD,D939ESEQGM
1000,CUS987,PREMIUM,5VWIPGSEMU52VTJXU1KAUPO1RXIV
3000,CUS326,PREMIUM,32WT59GLFRI8MQEEB6BZ
1000,CUS351,PREMIUM,NC9Q884JXZOSI366FZX6APK6I2KLJ
2000,CUS992,PREMIUM,4WCO5OEQXOCN7XY43CCUG7RQ8LYY
1000,CUS284,STANDARD,E7QYO7ZWW54A6I2K
3000,CUS184,PREMIUM,E6RNJLKXHO0V
1000,CUS516,STANDARD,H444NK0BPCIKI6CJDKQL7ZBSFN24
1000,CUS526,PREMIUM,KO0JL6QKV3EOYYIGBM76
3000,CUS705,STANDARD,0JGL4C86HF4I8A170XC71O4YWG
2000,CUS948,PREMIUM,IQ4OFS80QMAA7H7AYN
3000,CUS254,PREMIUM,U0XGJ1QQ81XRZN0994LX994QTWZ
1000,CUS677,STANDARD,IHO2KGN6ZV9DKYAFJ41FEQOXFCYZ
2000,CUS087,PREMIUM,7SDL52AM7SMC67OKCXPAKFRZ
3000,CUS164,STANDARD,ZZM7AEF9S9WWROM3
3000,CUS487,PREMIUM,AQL06G9E6SVH6Q8Q2
2000,CUS735,STANDARD,4PV33B4HQEYOOU0W7
1000,CUS868,PREMIUM,AQPSFZVE9L4UWNRLM5MPPQ
3000,CUS211,PREMIUM,OMPWJGHF5A8
3000,CUS992,PREMIUM,4XU5R5
3000,CUS828,PREMIUM,6RZOID7148
1000,CUS824,PREMIUM,6WZL3H
3000,CUS923,STANDARD,73UAANYGUXQL9QPR4VXL51N0XXZ
2000,CUS278,PREMIUM,2LIOGRP91YMJJ
2000,CUS636,STANDARD,AL05I78U5TQ9DZGKDNQ4
3000,CUS754,STANDARD,G2VQXX99QWB0HWM8LSWU652FY
2000,CUS531,PREMIUM,S3JKV0ZEFKVOUUSRZR2X720K
2000,CUS796,STANDARD,BIPQFNKZGG
3000,CUS122,PREMIUM,49DBZ7F
2000,CUS851,STANDARD,QJFYTOPS
1000,CUS496,PREMIUM,II7KBCWU438R92I8L31
2000,CUS017,STANDARD,8TW48OF2TX0QJTAA7IWS4
1000,CUS921,STANDARD,A54TA1SOA9XM091ZPKYYOQ
1000,CUS263,STANDARD,1P7RS8R
2000,CUS386,PREMIUM,MELISH32R5MUBJD8BL
1000,CUS087,STANDARD,SRI2AOFJ
3000,CUS412,PREMIUM,5NV0T
3000,CUS271,PREMIUM,5X3CVFJDRZE84LMQYAHPY2PCM3G7N4
1000,CUS943,PREMIUM,TUKC97HQ4TMXDNHP1
3000,CUS413,STANDARD,AKRHZPAC4JXFPK5
1000,CUS903,STANDARD,VDDWJ8G
1000,CUS030,STANDARD,5OU9W2MBY
1000,CUS291,PREMIUM,IQC529S85ML8WU3R
3000,CUS902,STANDARD,9KE7J2SQ8X3A6YLBXPUE8YM7
3000,CUS587,PREMIUM,59JSU0UHG7ECILCMG5MGCY57QD
1000,CUS242,STANDARD,OEAN5F3DX90XDR7C
1000,CUS938,PREMIUM,ETEN7GGO8YMM7PL990GW31GKL9Z6
1000,CUS277,STANDARD,K82WU9UX01UP8NY
1000,CUS129,PREMIUM,9QX22ZACSB7ITATONUBR969JGC3WJ
2000,CUS355,STANDARD,QXPOQTFZN
1000,CUS291,STANDARD,EU4L5GTCYFDVW10HOAYDT7CU8JU6
3000,CUS108,PREMIUM,OJDZ26FO1SZJIVF4D9ZQFZ61II4
1000,CUS975,PREMIUM,M5ZM97PPER1UFH01XWMUWB
2000,CUS142,PREMIUM,TKW2J2COMXJFHDPJSAVHT24BVN8NN
3000,CUS743,STANDARD,7Q94JBY7CQKDSMRD3AEYRX
2000,CUS990,STANDARD,BSYOY6GU
1000,CUS878,PREMIUM,8FLM639BCP7TV5ZKBWWW
1000,CUS542,PREMIUM,TP6RDQYB9ROJVZIFY7O0PJ1TV
3000,CUS965,PREMIUM,8INI8MIT7I1JKUE98HL
3000,CUS341,PREMIUM,JBU00T2RJMGILBR
3000,CUS363,STANDARD,OOOBWF4I64XLY54IKMOC0AR0
2000,CUS938,STANDARD,MNEL25U3P1ZC
1000,CUS996,STANDARD,YUZ87C7G23CP78ZC9Y7DMS2Z
2000,CUS939,STANDARD,S3K1SD7J32F6HL
2000,CUS669,STANDARD,8IZ0U2BL3M3FQUKHFH2XF7Y6KY9YC
1000,CUS780,PREMIUM,KVJKJLD0TT2SLHIMAQA3558A5PN43
1000,CUS387,STANDARD,2FAP9R9NDLJDWCJCTV
1000,CUS398,STANDARD,DG0LKS9
3000,CUS702,STANDARD,3XCFTUXYE1
2000,CUS767,PREMIUM,ES4IHRV707NNDG7F4S1UQ7
2000,CUS453,STANDARD,WI5755LOSMAHB3HN00CVW9N
2000,CUS736,PREMIUM,MSQET
2000,CUS685,PREMIUM,69UAHVVZBLMVV4
2000,CUS914,PREMIUM,CI4J38V30D7TU98BNVWE
3000,CUS989,STANDARD,RBVY8KYLH
1000,CUS222,PREMIUM,TUCR0F5PX2TN7TLHXCMF26B46JMV47
3000,CUS761,STANDARD,UJG7INC3Y7HATC
3000,CUS679,PREMIUM,FV3CG7TBTNUMMSR8U2HRJKRHA9
3000,CUS649,PREMIUM,GN8W9URJSPKETV82DIB4D
1000,CUS404,STANDARD,YDF1ZL2W
1000,CUS249,STANDARD,VM8F3IF3G3T34O
2000,CUS651,STANDARD,JQXZLVU35BE4
3000,CUS985,PREMIUM,W43KSWI6
2000,CUS391,PREMIUM,ZGU9ET83
1000,CUS448,PREMIUM,0PP9K4YEVN11V8PLE
2000,CUS020,STANDARD,5H3U9G2LTZEGYU5DFNIAJJ28SY2M
1000,CUS785,PREMIUM,UTT1WFA6ZIS
1000,CUS780,STANDARD,X9DA9W
3000,CUS199,PREMIUM,SBP1ZUYZ
2000,CUS839,PREMIUM,18NL4IM9YX0JSIIAE
1000,CUS575,STANDARD,BJ51IFI031L36192YWOL1A5P6
1000,CUS752,PREMIUM,08XCC4XH4FJ7R
2000,CUS896,PREMIUM,7F7FP4E8TDV8A4364V0
2000,CUS025,STANDARD,SSKCTQD4KDSBS5FI
1000,CUS309,PREMIUM,ERQIRRQAHLJ2XLQP5L7CV
2000,CUS817,STANDARD,JJ50YP2
3000,CUS257,STANDARD,KNWDQHDK3Z4T48OYY4QJ71AS2YU7
1000,CUS402,STANDARD,CG8W1RVRRGQZ3PM7VLU9AAEA0G
1000,CUS208,STANDARD,G2WOSQMCBFDNHHFIYLHLQ
3000,CUS674,STANDARD,3E3R1UQKERDYYV
3000,CUS217,STANDARD,QQL2E5
1000,CUS061,STANDARD,ZL5GJ81NG2Q
1000,CUS383,STANDARD,CEEQ2B5J
1000,CUS969,STANDARD,ACYRJVZA6541ZE8OAY4H8WVTZ
1000,CUS682,STANDARD,FX8VF3
2000,CUS666,PREMIUM,SML9CYMTYGW5F2MICMBP5YE8T582B
2000,CUS991,STANDARD,VDVCZH
2000,CUS973,PREMIUM,738JOECJ5B4
1000,CUS876,PREMIUM,CPIALDTG3KEGH5OEM1VZUH8I
2000,CUS644,PREMIUM,NCLVEHRJ0KX9K2P
1000,CUS241,STANDARD,CIGYKB5FAALFS04INJR720P
1000,CUS675,STANDARD,CL5FTW0A9P
2000,CUS554,STANDARD,H7GX86O3NRD
1000,CUS009,PREMIUM,HJ45LKCDXSN
2000,CUS601,STANDARD,QV3CGD8LKB56HEP2U0
2000,CUS088,STANDARD,UOHUOGP0MYO
2000,CUS865,PREMIUM,45D1JN3
2000,CUS170,STANDARD,YXI3MWRMVI
2000,CUS734,PREMIUM,DRIH33
3000,CUS856,STANDARD,KVOSKK9OF075N43RA1
3000,CUS995,STANDARD,PPU1OJA0CC46C17Z4G25PF9A0NIW
3000,CUS279,STANDARD,PFB4TK3B33IZLX
3000,CUS714,STANDARD,3AEYV7CS1R8NFVD6XDHYX3CXX
3000,CUS945,PREMIUM,9E9NIVP8H4
2000,CUS995,STANDARD,NOUWR61RDEXW2567H488S2XEM3FF
1000,CUS635,STANDARD,LSEGKRHJ5JN7BS08I
1000,CUS778,PREMIUM,W02BSMEBO7V0VU57923T
2000,CUS217,STANDARD,ITKQO4XSDJWS3KK8SLLJKPH
1000,CUS892,PREMIUM,UI2QXL
1000,CUS240,PREMIUM,9CUWJX28K8T
3000,CUS375,STANDARD,BZ5J3UJA
3000,CUS223,PREMIUM,86VS4SJ2VH4CI9HTBZO2WFUDM7OR
1000,CUS250,PREMIUM,BF82F6ZM5U6
2000,CUS286,PREMIUM,XZJ1XY
1000,CUS235,STANDARD,ASWWT29FN202SK10
1000,CUS206,STANDARD,FJNT47VEY
3000,CUS395,PREMIUM,A0R0L93
2000,CUS954,PREMIUM,IMLYS95CTT593OBAJQT4HS0L5PB
3000,CUS062,PREMIUM,R5EX41Q4
3000,CUS178,STANDARD,HX6BQKDJU3IWKDRX0WDSS7E6MLG
1000,CUS645,PREMIUM,K8UUTRXG8WJAI7SX50VKGNJ6
1000,CUS233,PREMIUM,M9789H03EHIB
3000,CUS083,STANDARD,WTXI27VLTBHOIJOTINIF
1000,CUS329,STANDARD,HEB41CMGC6D4HQCETA
1000,CUS762,STANDARD,GHNMLWBFJRWWK6P6EGA7NMSK8AGN6
1000,CUS281,PREMIUM,4XL2GLWY1N6O0HUH3H7I5XS9CFU
3000,CUS440,STANDARD,HYS3T2O90S1ME4XLA5GZ
1000,CUS279,STANDARD,7FHJZZGKEXMVMZHO15R
3000,CUS768,PREMIUM,RZW4Z56RJ3GHQ55OIBGDE5BLYUJTG
1000,CUS964,STANDARD,E753MS556Q8V88BC1HY2UY23CCL9T
2000,CUS655,PREMIUM,K51ITY5H598449K6DZQ5YWSUDBC
1000,CUS492,STANDARD,XWBVYG1WW
3000,CUS336,STANDARD,WDPPPTFETHVKB8UC31
2000,CUS010,STANDARD,60RB4BUYYUG5GNV56VKTX1M
3000,CUS374,STANDARD,E8NSQDTZOFGVRE741NWE
3000,CUS438,STANDARD,T6T18UM0ZQ639LB7L5N3R81D7
1000,CUS163,PREMIUM,X3JPJT10UEN
3000,CUS539,PREMIUM,RSKQPZPHJMBPT35911
1000,CUS336,PREMIUM,CMKRIBQR9LC5BDFUTE0XFZIPH
2000,CUS719,STANDARD,6H77Q5FPHUVYP1NJGLNR20Q
3000,CUS695,PREMIUM,D58XHU814PRJX4XTBCDPQ9Y
3000,CUS393,PREMIUM,XH8P2YAZQTFPTN
3000,CUS318,STANDARD,2U0CRF540V
3000,CUS144,STANDARD,1GKQ6EW09U3BDL2IAZMTUFHKP7I
2000,CUS297,PREMIUM,0U24IQLUSMF0XLZYOBB9OF3M
2000,CUS070,STANDARD,KDZ1QJFXKHA71
1000,CUS837,PREMIUM,35HONMRS5YI1NNSM0L0JBSQP2PX3F
3000,CUS746,STANDARD,4IUZN
3000,CUS936,PREMIUM,Y1QEG9DDVP4WCAQ6YTZXI9CLQK6
2000,CUS288,PREMIUM,V3IFU71JQHUCI5RX1SQQ
1000,CUS978,PREMIUM,U1KU5J92DMJDOLC4QK31H
2000,CUS089,PREMIUM,C2W9535HJHWFNSLK6RNA
2000,CUS623,STANDARD,L0EP5GVBSHZXGUJBF343R
1000,CUS537,STANDARD,AVC2UINDSUDE9YFZQLPZFBNK
3000,CUS646,PREMIUM,ZSJHT51TIWGX6M52Y
2000,CUS230,PREMIUM,R1F1XL11FC6V3OJ577FS
2000,CUS874,PREMIUM,1F4TJITP71SD9EC6G61
2000,CUS297,STANDARD,G3QWQF6BH3LLZCF0TU
1000,CUS298,STANDARD,32QVLNLFQG18BAZHAK43Z5T
1000,CUS039,STANDARD,XZTFIIAMHBMBN4JP18MFT3J4
2000,CUS879,STANDARD,BHKJ254B2PMSZDVAG1
3000,CUS547,STANDARD,59SC5Z565OD7B1U9ER
3000,CUS309,STANDARD,04H5W21BKSM4W2O6OV3ISY0X4
1000,CUS410,PREMIUM,KNSF4ILMK5G05TPN9DBWQWKL6CEV1H
1000,CUS301,STANDARD,OH9O5QVWC9RJ6GD23HGG9C6G
3000,CUS205,STANDARD,HNXKS265GJ
1000,CUS874,STANDARD,XVIHM20AP4VS6KFRX0XPJ70OI
3000,CUS075,STANDARD,10037XB2JA7EFVUZK1DZCJD7S0Z9TU
1000,CUS543,PREMIUM,AR7JZ2N82WZMTFC8
2000,CUS431,PREMIUM,YI78SNF69T7VKBB
1000,CUS282,PREMIUM,8QPT16HDXQ6WHDH2TA3VP8OWTSIY7P
2000,CUS002,PREMIUM,U7MX3GJ1
2000,CUS515,PREMIUM,FFD1I4N2EX7Z97ZQ51
2000,CUS169,STANDARD,50KJ6I53I67HN34CK9X
1000,CUS647,STANDARD,0HHXSC7J
2000,CUS796,PREMIUM,XTXTS5BJ
3000,CUS228,STANDARD,0DTSNL5AH
3000,CUS884,PREMIUM,WEC04T2VY4II6322JUF0YO
2000,CUS241,STANDARD,V8C2RFKBT9H9FM8D7
3000,CUS508,STANDARD,46BH8LBRNP2
3000,CUS681,PREMIUM,8UZC5BV
3000,CUS169,PREMIUM,L0B7UYQFHG8KSJLQFJ
1000,CUS033,STANDARD,0KDULBDTYGUJ0U
3000,CUS738,PREMIUM,YHDMPP566YHRD
3000,CUS274,PREMIUM,390E4B0OBR9GP9I
2000,CUS228,STANDARD,02F6NJX8KP8192
3000,CUS720,STANDARD,A3SKAD
1000,CUS425,STANDARD,RQYWN6SCK8ETFZHI9R1N
1000,CUS551,STANDARD,6UVQ2RPUVN3VBIA4AAL095Z8
1000,CUS473,PREMIUM,E8B2HWY
1000,CUS439,STANDARD,WYLAH3XM2AOBRWMFTOO5XCR5
2000,CUS117,PREMIUM,NAMZHR65K9MLEIEIQO7RMB8Q93A
2000,CUS156,STANDARD,DU10RH735X7CODR082
3000,CUS480,STANDARD,AZMVFBO1EPMKVTE
1000,CUS863,PREMIUM,GB41BVQPG4PVDV7PE2G2HFDCY
3000,CUS942,STANDARD,EID2DT1EGD9DSYZ
2000,CUS406,STANDARD,0OA3Y31G
1000,CUS834,PREMIUM,B37VMGGAEMI6QW0
3000,CUS818,PREMIUM,2LPICDIT16WT8JJ4TVSX
3000,CUS600,PREMIUM,7JDP6
2000,CUS083,STANDARD,D1WMMMEVM43VVT0VKG3C5O
3000,CUS073,STANDARD,OO3NP
2000,CUS030,PREMIUM,VYNZLAXAEWB9HJS2MXCB
1000,CUS209,STANDARD,MSLOQLV9PLM
1000,CUS379,STANDARD,LQGBI
3000,CUS601,STANDARD,HVNT3PXXK71EHJIMM
2000,CUS135,STANDARD,YXU1PCM8SJUPDRI65NF4EK
1000,CUS181,PREMIUM,Y6X573LUX7454RZCNOM2P
1000,CUS015,PREMIUM,NT1YKXQ9FIFS27WOC
2000,CUS368,STANDARD,6V12310X5URYBL2OQEW
1000,CUS536,PREMIUM,S668FRO
3000,CUS612,PREMIUM,HEXC8MVM
2000,CUS074,PREMIUM,VQTRMI8QATSWZZA46JZOON4O79
2000,CUS811,PREMIUM,33VFUM10N229BXIITA5WVO01Z8TUB
3000,CUS262,PREMIUM,CIJVZYNZE8YM4GV2TFKG9LC
3000,CUS893,STANDARD,5BLMEYSNOS7E3DX7AKU0ZKHI804
2000,CUS753,PREMIUM,EYNINT14KTM63RMAJ2EZP7V533CF
3000,CUS300,STANDARD,3WTZL0PL13YLGZ
1000,CUS040,PREMIUM,CPKR8SEN509HXEG6U02KQN6C3BE
1000,CUS309,STANDARD,3YVZMZCAQHIU353EF9P2I4RKK
3000,CUS833,STANDARD,GLSH8
1000,CUS611,PREMIUM,ZKEARJ2WLNC8N2D7GYT2DADYMPXP
3000,CUS237,PREMIUM,FB0BAVMEOGK
1000,CUS148,PREMIUM,KC06GUU9MN8Z1HONGWULAZUAYN3O
2000,CUS514,STANDARD,RXCEN0T
3000,CUS388,PREMIUM,5G8KQGUYIVLU4EVB2Y6O6AOBHTP1P
3000,CUS266,STANDARD,FDIX5SMJYNCP2VIRUC70SBOV
1000,CUS607,PREMIUM,PN8DPOY7UL2AE5E
2000,CUS762,STANDARD,DJNIFL9NP6F
1000,CUS523,STANDARD,3TKMP1LPTS2MR4FXZY
1000,CUS172,STANDARD,42161J4BY1
2000,CUS264,PREMIUM,T8J9LQY
2000,CUS495,PREMIUM,T3SY94EVI4MJMAA6X5Z
1000,CUS164,STANDARD,ZXY5TE0CHYKM1QW65X
2000,CUS467,PREMIUM,DY1PP4CXBJQ3JQPKAHFYZF7M1K1
1000,CUS861,STANDARD,T68YT0FGWJRNZ
3000,CUS796,PREMIUM,TAK5AGE070S1KLXLIM5L6H2NLMD
2000,CUS024,STANDARD,LMQ02GKFSFYHREVBP45GADRACGN7
3000,CUS734,PREMIUM,AY7R54V1VXVUPXZYDWVGA3ZIBH7RPX
1000,CUS422,STANDARD,460MAUBXCU2O5ZFW14G
2000,CUS450,PREMIUM,YSMJ76CI5FT93K2H48PPNKFG1BKU
3000,CUS296,STANDARD,ROQ4HI85FVOEVYY91
3000,CUS545,STANDARD,OOQHSFHFVMHXIUYATD8MY1UXI7OGZA
1000,CUS634,STANDARD,3UJSO53JSJCUT6HR4N5SYD
1000,CUS970,PREMIUM,VJNODL5ZTKB9ZV14WZZE7SSM9ZGIUD
1000,CUS666,PREMIUM,T3KI24SJNNMAXGJY1KDGW4LDH6V
1000,CUS726,STANDARD,1JZPCHPZ5TLYF3YR2XAHHFH
2000,CUS690,PREMIUM,6OB4RGLY41TIGUE8LZBZ
1000,CUS102,PREMIUM,875E78HNHLLA92UHCINKF9
1000,CUS735,PREMIUM,CFH6TX8K1APTC
2000,CUS362,PREMIUM,S82I5U7W86NGCPCMJTNI9
2000,CUS688,STANDARD,WRI1E9QQYKZ
3000,CUS746,PREMIUM,FQ1J8NERMX6K0JU1YBP
2000,CUS018,STANDARD,RH8H90E
1000,CUS653,STANDARD,FXVRJORAGYOYGHL
3000,CUS875,STANDARD,T5G7WS9RGDKUYLW89Z4IQ
1000,CUS443,PREMIUM,6JIJY
2000,CUS568,PREMIUM,RDXP03L2W36SR17OTFT0UFF
1000,CUS159,PREMIUM,PFKDFS9
2000,CUS929,PREMIUM,A16I4568HZAMA18WP7C2
1000,CUS912,STANDARD,7OLEXI6WD1
1000,CUS818,STANDARD,YKXHVP8HST4SQNAZNT6C
2000,CUS887,STANDARD,5DWA3VTWGAWLZWAG15M
2000,CUS434,STANDARD,76J0H5A
2000,CUS252,STANDARD,QO4ZXTX1L
1000,CUS933,STANDARD,RG22KIW1AWMHMSCIZ0VCKM
1000,CUS914,STANDARD,RH0595IUZ6YIHGBIJW6A
1000,CUS097,PREMIUM,PDV1A14SS5F1PJ6LPRHQP1M4G6LMJ
3000,CUS706,STANDARD,HIZCRMJ1BMFD
1000,CUS792,STANDARD,07TOOV14D61DTHRXR
2000,CUS634,STANDARD,0PUDLCADUNS4RG1L
2000,CUS346,PREMIUM,5XVTHGA9IVXX7
2000,CUS143,STANDARD,XPRNYFGIHCMM2GE8VT4M8JCI
1000,CUS285,STANDARD,09Q9WX2H1E4
2000,CUS145,STANDARD,76BKRISCDMZ586EK26
2000,CUS440,STANDARD,9YZRNLAKNA6367QTO
3000,CUS630,PREMIUM,R9HKOC8PSCJRIR
3000,CUS089,PREMIUM,DPN8HAWXUF9QI0SUDAWORLQB8GYQ9N
2000,CUS639,STANDARD,OURNZJ2O1XJ4F5L3LLM
3000,CUS786,STANDARD,5LSBTKLZMEJE1P3ZG7IAGYY
2000,CUS358,STANDARD,HACIP
1000,CUS114,STANDARD,FRJAAG8VFMI42KTV4JPD8R8HBCG8S
1000,CUS473,STANDARD,60JAOBO1
2000,CUS071,PREMIUM,JWSOYH5KHOGSWEVHX
1000,CUS732,STANDARD,CJL17VL
3000,CUS381,STANDARD,1JTSWGR5XQEAJJUJY24EH1RJFU
2000,CUS089,STANDARD,LYWU5140V
1000,CUS157,PREMIUM,PY0958858
1000,CUS445,STANDARD,OYF07OFPXANBX94IHDWXIS
3000,CUS446,PREMIUM,J90PNODIHJYB1XDGE4K
2000,CUS781,PREMIUM,JXJFP
2000,CUS417,PREMIUM,A0JL4I7
3000,CUS987,STANDARD,T40V2ASHJDCL6KAZ139Q6TO1KRF
2000,CUS789,STANDARD,YINZDOZL9E34UZYKDX1MR
3000,CUS486,STANDARD,GEXVBPSK
3000,CUS097,PREMIUM,GENATM9MCPRFC4CDUFTAWS
1000,CUS474,PREMIUM,6MUZWIGV06G6JBY4C
2000,CUS579,PREMIUM,KJ3FFONJK677V2
3000,CUS364,PREMIUM,IVSX1CYPNEJ5GAJT9F5G3UKSKERXWF
1000,CUS779,PREMIUM,L3Q4Q2I
2000,CUS045,STANDARD,5CXSZ0I2
1000,CUS182,PREMIUM,6UXF062QCDP9AJGS
3000,CUS906,STANDARD,KZEOY3FW3383GFLGZ
2000,CUS788,STANDARD,1MZVEUV5N4HR3C8J4JNUCYDX14NDN
1000,CUS007,PREMIUM,1RQLF
3000,CUS132,PREMIUM,ERZFT207N
3000,CUS208,STANDARD,QLDF1VTKMW0448K1WYA9MEJUUA
3000,CUS816,STANDARD,3J5UH0Q7A
3000,CUS949,PREMIUM,I2GCNM08KYNWNMAXXBT
3000,CUS749,PREMIUM,6H5300WW817VHL
1000,CUS808,STANDARD,1XL9K81YS1SGFGFB0G5
2000,CUS493,PREMIUM,8G26CS0NO39YHM4HW30ZAXO6SRQT
2000,CUS768,PREMIUM,0PA0CABJX7UVK1P9ZMZD1IYLZU7K1O
1000,CUS287,PREMIUM,I6HZQ9KU
3000,CUS723,PREMIUM,FFB1AJB8FYB
2000,CUS354,STANDARD,I3WLPOTM8PYQDRFJBGH3HGJSQLFE
3000,CUS555,STANDARD,XNZG5B0E5EN0YU2KLTAL
2000,CUS287,PREMIUM,CHVW48AK7QHMB8B76JNXHNBUIO
1000,CUS511,STANDARD,IRR4MFW
3000,CUS951,STANDARD,9S3516ZMQLMRZGTKN5121RUGY1M
2000,CUS232,STANDARD,WXE2KC6Q0S7WZBHLU1LWPEN
3000,CUS080,STANDARD,XXJUHAUAVN3UO9EYSN7NG9RE01
2000,CUS268,PREMIUM,UMMD55CR0HH2KUY
2000,CUS674,PREMIUM,BSBA3SIZC87C
2000,CUS338,STANDARD,BE4G0TRUWZF9U5D
2000,CUS650,STANDARD,T35HXGBODAIGU1OKF
3000,CUS858,PREMIUM,X8ADQCHDTEQ
2000,CUS213,STANDARD,YRKI3HIUJ02H77P
3000,CUS273,PREMIUM,45RU4OFQSFW9PNEE5DNAN3Y
1000,CUS522,STANDARD,5GVN76UT3J6
1000,CUS786,PREMIUM,IOXY26MZ
2000,CUS724,STANDARD,ER1KTGJ3GHP
3000,CUS726,PREMIUM,3LRB4
2000,CUS554,PREMIUM,72WQH9FW1NJZ616VD2RXGDY1MS
3000,CUS777,STANDARD,ZLR7571GDPH
1000,CUS713,PREMIUM,HDCRPE8GROZZ
3000,CUS524,STANDARD,GOR5NKNWSSAGL64TP
3000,CUS334,STANDARD,UEKLV3JA41
2000,CUS234,PREMIUM,BLQEKAW4A5P4HCB
2000,CUS665,STANDARD,SO76KJGGTV25W8Q5QX3AWTV
3000,CUS247,STANDARD,4HR7BJ0OJW5BP1XNFMYGR
1000,CUS002,PREMIUM,827LQWVZ0RTMC7VH13WSHA5J3
2000,CUS246,PREMIUM,J7S9KT5SESA3CNSHD5TA1WADQI
2000,CUS177,STANDARD,S69JFRJM1FSOC4WP
1000,CUS861,PREMIUM,Y1ZGQTTL1UIMQI09MTTFT38LY1GI72
2000,CUS762,PREMIUM,U6W3W13003B9B0FITP6XI8SDZIZ
3000,CUS378,PREMIUM,A373DFDRGVGS4VDH6DN7J95IOJ
3000,CUS684,PREMIUM,TA5MHEAJH7GPNG
2000,CUS321,PREMIUM,B62ZDHTZ4LP8Q2H1JBLJ
2000,CUS906,PREMIUM,PK68M44SSG5XRZYG301JBS3HYATC
2000,CUS813,STANDARD,2CWI33RAKW66NW7Y6ELJWV3IR
3000,CUS770,STANDARD,TZE4Y4L67QIUWZECBKOGG54UOPGLY0
1000,CUS876,STANDARD,DQHCE2X
3000,CUS096,PREMIUM,BLUG2YI9MMQ52SOMK17MFBGN
2000,CUS940,STANDARD,IAX08E
1000,CUS696,STANDARD,L75MN46WW9IE21Y
3000,CUS701,PREMIUM,FI7TGH5
1000,CUS348,STANDARD,D8VBOSQYWEKS
2000,CUS164,STANDARD,8P76TZD
3000,CUS114,STANDARD,H4QBCV0QMVDIN9VDP5ECWE
3000,CUS722,STANDARD,F94IRCGC56OW14TOBD
3000,CUS595,PREMIUM,M8YB9
3000,CUS539,STANDARD,DYYI119IH2HXWMV1DPOF
2000,CUS374,PREMIUM,AO08CAPDEDI2LSCUWPSIZ4H
1000,CUS383,PREMIUM,EEQ8N5WO2TX9SP7RU86GDW05RF
1000,CUS963,STANDARD,I7OT9NHXJCP
3000,CUS758,PREMIUM,23HB5CRRYTFDRY5BYY2CONYL18D
2000,CUS273,STANDARD,TC8WBVQNBV11DG9YS8317QKY3P
1000,CUS816,PREMIUM,ARRFP8SVZ
1000,CUS604,PREMIUM,RXRQAH
1000,CUS101,STANDARD,UQL23B2A3CW49N
1000,CUS190,STANDARD,DFR9UE2LQRQ5IOLJDO
2000,CUS948,STANDARD,CL62UC9O
3000,CUS506,PREMIUM,QQBW8C
1000,CUS299,STANDARD,PWGE62H6EPNUX0E1SJBUXV0X
2000,CUS867,STANDARD,SBKXCSJBGNU66WNYCJYF
2000,CUS699,PREMIUM,O6908H7
3000,CUS582,PREMIUM,D4772URMSPVPXO3UHP20XFW96EX4O2
3000,CUS360,PREMIUM,0OI8P0IQSVUHF006J5ML3AKH0Q94GI
1000,CUS797,STANDARD,1BKEI6
3000,CUS945,STANDARD,Y1WIZ9PSHVVGCEW2021S4
3000,CUS855,STANDARD,IL6FJAX3YU2L6RGOT5VD7761SUY
2000,CUS574,PREMIUM,LJCN17RUGWSKHSR
3000,CUS027,PREMIUM,2OKSQGORJGN96KBC88MA
2000,CUS638,PREMIUM,BXNS127I3SHH215QFIRH
2000,CUS001,STANDARD,FOEUK6VR36EUC1G7
1000,CUS605,STANDARD,M9CAPIYOMQ4J5L5
3000,CUS690,STANDARD,IMF7NA1E59NLC0
3000,CUS819,PREMIUM,QYPW47LTOS55ZW84SGOHS02UP1H
1000,CUS023,PREMIUM,3UHWZI450P
1000,CUS437,PREMIUM,SR6N0
2000,CUS743,STANDARD,9UQU0Z
1000,CUS897,STANDARD,21ZQDR5OVCT20OK8NHVI8BBYFVW9ED
1000,CUS721,STANDARD,NX8MK8ZOSKXV0N9PACB7G
3000,CUS853,STANDARD,Z5CKSTBOPCRHYZIRFEE60
3000,CUS124,PREMIUM,A8JGZ
2000,CUS904,PREMIUM,TU16BTR3MGQ
1000,CUS206,PREMIUM,4YS1FO09R4S86PYB5ZX8G2OBZ
3000,CUS286,STANDARD,O2X4GTVJFG9KN5PFJZ47OD5Q0TVJC
2000,CUS022,PREMIUM,0ARN9585UPU3469
1000,CUS498,STANDARD,FG1EYIAK7HKM2HC15K75I90ZASH1
2000,CUS871,PREMIUM,R7UXKJS7NX7Q43
1000,CUS547,STANDARD,VIK74AU0LJ4
2000,CUS905,STANDARD,ATMMG83
3000,CUS737,STANDARD,GD3KEW9OWAMRS1T
3000,CUS178,PREMIUM,ZQ98MEJGNRLQGI7Y
3000,CUS292,STANDARD,R4NKAONFJJK4AUE
3000,CUS441,PREMIUM,I6214U
2000,CUS301,PREMIUM,6HP9ZYY4WT7U7F
2000,CUS814,PREMIUM,NKRJ1925QH91WLBX3W1N9MYX
3000,CUS512,STANDARD,AM2X7MATVG
3000,CUS949,STANDARD,Q6ARCR4ZCQRDB435
3000,CUS070,PREMIUM,48GCXBJLIF
2000,CUS749,PREMIUM,HD2DUG8RMBVUKX7AZ0
2000,CUS828,STANDARD,DEM6JRFL2CRM60LATR9WHV3F3F
1000,CUS652,PREMIUM,FLFLUBKA
2000,CUS946,STANDARD,X3FPTMITDYS
2000,CUS845,STANDARD,RIU0OMRMLS
2000,CUS063,PREMIUM,2QF5WXW72KCYJ
2000,CUS014,PREMIUM,N1WSNV69RF6NQN3QCH7L4I
3000,CUS614,PREMIUM,UXYCUGWAK04VVGLWTK3
2000,CUS137,PREMIUM,LB231Z4PQXV4ZTCO6G01RZ
3000,CUS138,STANDARD,BK6KT7MIIVDFTJW3ZK3AJML
2000,CUS986,PREMIUM,TFLPN1FPJ9XA4K
3000,CUS570,STANDARD,G49ZN4Y3PGYIUIZU
1000,CUS980,PREMIUM,1Z8EW5BOLPXXV6
2000,CUS126,PREMIUM,ZEOI5
2000,CUS803,PREMIUM,CNT1FVYL1JS
1000,CUS318,STANDARD,Y4CQ0LKZ7G3FWG
3000,CUS925,PREMIUM,ZAKUI6Y3A5Z1DT1QH26X4V8XH
2000,CUS172,STANDARD,L18YFJAVQM631D3SCH53XDXQ1VSB8R
1000,CUS961,STANDARD,SW0B2UTCHW
2000,CUS114,PREMIUM,C8ZPLF8GIJ51RW3P73CEUXCJGY6F
2000,CUS377,PREMIUM,T1ZBLQF1HMQT68P
2000,CUS311,PREMIUM,DX4N1RLR6CZLSRA0NB0IRR3UGOO
3000,CUS215,STANDARD,UOES3
1000,CUS331,STANDARD,0V8Y49AVVUW2J35N8KYQZCF
1000,CUS618,PREMIUM,59WFN7XTSU23BJKW10BS95PY8
1000,CUS948,STANDARD,YHGZNNHSL
2000,CUS570,PREMIUM,Z90WN0RUXG
3000,CUS845,STANDARD,U688ZOZ53S2KLZSA8V3LGY000M
1000,CUS626,PREMIUM,BOI6F0BUPK4FXBY96MK3XPL4M
3000,CUS896,STANDARD,ISEBN33P2PL36HV
1000,CUS877,STANDARD,P3EAC074YE
1000,CUS264,STANDARD,0Q8H8B24DSZCXZ621HGJQHKX0VJP4N
2000,CUS701,STANDARD,GVE35PQVS2V2Q
2000,CUS671,PREMIUM,RCIJ7SBOXXSTKT42SJIJSYQ
2000,CUS357,STANDARD,OBNTJAQX67Z4KWJ6U7XY5K74L
3000,CUS225,PREMIUM,YAEVOTNOJRHMW53A7OMX
2000,CUS910,STANDARD,CZGV6ER988FD27PPQLPO3LCR9R
2000,CUS705,STANDARD,MEI7TDN
1000,CUS256,STANDARD,P43G8DUEM4H2
1000,CUS848,STANDARD,4MG8N5T
2000,CUS722,PREMIUM,A1H2M3AQ0R5LV646STQ8PVR
2000,CUS597,STANDARD,96T2HL5AU645KLE1TG2V8LMGON
3000,CUS395,STANDARD,6TU74GTNJUKMZK
3000,CUS851,PREMIUM,KU740ROQ4T
1000,CUS081,STANDARD,JTVWU2T1Z0AZD0WI
3000,CUS361,STANDARD,RBMNQSXBU1YU99MN62R
2000,CUS560,STANDARD,EPKU44CY
2000,CUS955,PREMIUM,5PRYDGDVR8X2SH4IEU0JJTM9F2P
1000,CUS025,STANDARD,8Q97SBIEUX2NLU3
2000,CUS442,PREMIUM,3XVMQQBIH01Z
2000,CUS225,STANDARD,5D7D6XB1C6U85SVEEF9H8K6F3ME1R3
2000,CUS599,STANDARD,JVELV371BZSAYBAOU1J
2000,CUS718,STANDARD,OU83MWJMJNTLG
3000,CUS207,PREMIUM,8CI8W
3000,CUS239,PREMIUM,UUONMTK
3000,CUS473,PREMIUM,RONWBI2HYB2NYD22ZM
1000,CUS904,STANDARD,YHFL67HKNH5
3000,CUS002,PREMIUM,WU0MNF6X4Q6H3BAY0ZGWXTE1TOFY
1000,CUS899,PREMIUM,BRUCJPLAI7JI4CDNSX0K
2000,CUS119,PREMIUM,LL7JLXHKB5NTZXQUBB
2000,CUS787,STANDARD,B4CJ0C8Y7KKGAWO
1000,CUS119,PREMIUM,0EH4308
2000,CUS594,PREMIUM,IAT44QIU8XG45MIO6IJ
2000,CUS378,PREMIUM,FGZSGPOQLTV3
3000,CUS742,PREMIUM,77RIU1XJCYDMLAJCPKZUA44WMZ
3000,CUS784,PREMIUM,N3Q82HR6VVLQV593GV7
2000,CUS658,STANDARD,EX1B8IGO3HH9S
3000,CUS969,STANDARD,WT219F6LZ
2000,CUS916,STANDARD,MJOBMW7J77D8X8O7KXKGK
1000,CUS523,PREMIUM,OJ81MRDZSY7043UITAEQ9TNED
3000,CUS551,PREMIUM,0IJ4KPZK0ZMPWEORIZHJN2JRUAH7T
1000,CUS111,STANDARD,G4O2TH83JEVRCYQH31K5S
2000,CUS615,PREMIUM,7GFXP510DGRR
3000,CUS427,STANDARD,6V0QWFAG5P5O1
3000,CUS314,PREMIUM,RG59Y7YCGGGHPX0ZCW237CZ1BN
3000,CUS718,PREMIUM,LBVGS0B3QWWWPR2DU3QKN99
1000,CUS112,STANDARD,UZWL5FVW8OUTGFZU5LYMQ5WV2
1000,CUS344,PREMIUM,KKUBHMT69S98LZEM
3000,CUS635,PREMIUM,FZQJV8W
2000,CUS757,PREMIUM,IYGSFUO2CP9JRB5OO
1000,CUS556,PREMIUM,O2NJASPB4209
2000,CUS893,STANDARD,M0L7ZYQXQ1XXPU8WEIUP8I
1000,CUS745,STANDARD,648UGOW9
2000,CUS067,PREMIUM,3RD3251EKB92
2000,CUS342,PREMIUM,DW4JEWERQB51IZN2T8TVO6
1000,CUS867,PREMIUM,J8UADWHEE70KMPLLB5
2000,CUS864,STANDARD,HVFGZY0Y4IVLGTWL1Q5FLQZMOWFV
2000,CUS340,PREMIUM,G7QBD9DXGKA7AAUYTBX
2000,CUS384,STANDARD,LM5L8NW
2000,CUS141,PREMIUM,JXL2L6J2
2000,CUS728,PREMIUM,C8HTS
2000,CUS035,STANDARD,WL7KG5MJ
1000,CUS336,STANDARD,V39Y2H9EVPXJP5MZCWD4G7FU
2000,CUS928,STANDARD,87Z8MSUI2MS1Z1YF5B5GU
1000,CUS080,STANDARD,4YT5SD7CMFT8LUD8BDTYMW
1000,CUS214,STANDARD,D167L6XCNG3LOUEN5NACYN
2000,CUS435,STANDARD,HSAPVLYOXZCJJPQ1TNR0A00YRM5
1000,CUS919,STANDARD,AZC2IOEHHK5EL
3000,CUS665,PREMIUM,UKQZS8SSQGHZMF95MI7C44
1000,CUS282,STANDARD,HOCYLFEP
3000,CUS672,PREMIUM,X2J2C6MNUCAJVQLW3M
1000,CUS165,PREMIUM,DZYJS6EOLMV2B2EP7S9KJ9UDH
1000,CUS128,STANDARD,E078BKUXCJGOAYADYHOC8EB4YS
1000,CUS817,PREMIUM,Y2P5QW34J38XOJSLYQKXB1TJC3
1000,CUS084,STANDARD,8OZIWNZ00322Y3XVUZ
3000,CUS547,PREMIUM,7NPNMMX39
1000,CUS625,STANDARD,0XTNZJ4G82T0DMNV9KY71L2BNYLRJ
1000,CUS978,STANDARD,ZMJ0U3PI5U7CGEFBADVFUWMJN
1000,CUS518,STANDARD,EXU24VLSTG9KJK
2000,CUS941,PREMIUM,H80K994RPHJ2GCIY4Y
3000,CUS745,STANDARD,KBX2L2B5WVFXELITZJHM
1000,CUS469,PREMIUM,USFW5B0KXQM6R7B5UKDPTQ21V
3000,CUS313,STANDARD,R3FV9C
1000,CUS893,PREMIUM,ABTYM4YYC
3000,CUS868,STANDARD,RYVX610VIWQ9M5SRF2FU6HBIGPE
2000,CUS051,PREMIUM,XEJPFEAAVE
2000,CUS512,PREMIUM,3VGHDIMFL
1000,CUS688,STANDARD,FA1ONDF
3000,CUS484,PREMIUM,U7M4M5L4SD2L6AFLM
3000,CUS490,STANDARD,J8MHEMLUOKZS0
1000,CUS671,PREMIUM,SN1QWP7AQSKEDE5WD1F2A
2000,CUS276,STANDARD,FUXEQU2W4X5T5U8MOKCW033UZ332
3000,CUS373,STANDARD,JY0BIUYJZ
1000,CUS106,STANDARD,A1LJLNGBZ4JRVMB5
2000,CUS279,PREMIUM,KT9ROM5511K5DWGEU
2000,CUS539,STANDARD,4SJP75N05ATKVT1HI7SVXIX4EB2
2000,CUS626,PREMIUM,0PNUOU4R9VVMIUOP
3000,CUS931,PREMIUM,54BU6GYJUF75
1000,CUS813,STANDARD,RE2YMRJXD4POAUW49JR
1000,CUS312,STANDARD,5U8MMHSDM76SPY1
3000,CUS428,STANDARD,ATQNJSBB0FX3J2Y9K2UGR3RM3SK
3000,CUS831,PREMIUM,IUBHDU94XJUY9B1UZLUCSUC
3000,CUS572,STANDARD,DI5EEIJG7KPFXWVF0VE5Z
1000,CUS995,PREMIUM,D70ZJ9FN2KHQOPD9BDO4CC
1000,CUS418,STANDARD,OJI6UUYZB6S5
2000,CUS237,STANDARD,09ECM
3000,CUS805,PREMIUM,CNO5AWFX6KZNJ8ASR9X6YKM
3000,CUS462,STANDARD,QVMUQZHS2B26ZNLHCYGNMTNTX3DOQ
3000,CUS321,STANDARD,6BTANLVN5YU
1000,CUS169,STANDARD,ZK549SPEGABDARAT2YK
2000,CUS424,STANDARD,DXNM1XER
3000,CUS185,STANDARD,BTCHTJQ3NHB4LAHFP3
3000,CUS712,PREMIUM,9RRB4EJNEZYBC5130LACERS
2000,CUS519,PREMIUM,4MRBRMP2AC195ODSXFX348KXX98J
1000,CUS283,STANDARD,W0LZX3WSJ580X1F
3000,CUS655,STANDARD,QIVW328KCV6JV8KINZF0H68C
2000,CUS399,PREMIUM,GAQ9KOV5HUX9Z7ZOW0GO3
1000,CUS052,PREMIUM,MA6G5JETP
3000,CUS010,PREMIUM,ZTN8GMBBBSHNLEEQ2H1WZATVYXNT1
1000,CUS433,STANDARD,4C5C5UWBQ4Y8G1W5BYC5F4Q8
2000,CUS777,PREMIUM,FPG3YVP
2000,CUS485,PREMIUM,4CUT92N0GAIB62E6L3RY8DQH
3000,CUS606,STANDARD,75L2SKCSV1HJEM45PAYLYCTLOV5
2000,CUS885,STANDARD,2HGKIIB25X1B
3000,CUS900,STANDARD,7X8G04CR191EEFQW4Z6PIHBKFLM
1000,CUS627,PREMIUM,8X9Q4EL0H9COMJTIZAX
2000,CUS785,PREMIUM,6AH7R7
1000,CUS722,STANDARD,TIUP4
3000,CUS140,STANDARD,NM444NGLY98EJI6JE46EKP0XOQ0D1C
3000,CUS667,STANDARD,ZBMXZ2OI460KP7S
2000,CUS108,STANDARD,E1B0E9FJCXRZR3VT8UT4
3000,CUS525,PREMIUM,5Y9I4VF5V87EQRRS6OUUP
3000,CUS207,STANDARD,MWTMV70RQ1MISMX89UN37LH
2000,CUS982,STANDARD,SPNVL5XPZ4R38VJQEQHY9ZAEMQ53
2000,CUS906,STANDARD,R60MRD15G41YUHILHXDCER
2000,CUS786,STANDARD,98RIG1NC
3000,CUS997,STANDARD,DAHVRS1POOR9WPJB9UOKYN8BKF
3000,CUS429,PREMIUM,R5HGP0OP3KLORGAPT1Y2NOG
2000,CUS101,STANDARD,022JYYB
2000,CUS322,STANDARD,RN517VUB56Y2NXJEYKZNNU
2000,CUS007,PREMIUM,ZRPSOY4BPE2BYWXY
1000,CUS355,PREMIUM,5121F
2000,CUS144,STANDARD,QWORXQ4KKO77MCYXDO
2000,CUS848,STANDARD,KF9DQF7
1000,CUS999,PREMIUM,2JSJ1RLO0TK7E
3000,CUS337,STANDARD,FDLS941KPBME
3000,CUS502,PREMIUM,GRL8H39
3000,CUS739,PREMIUM,XLJ8LPAUKR6B66DZIKD4JIPXR3P3L
2000,CUS379,PREMIUM,HPKCEYIAS375Z98Z737WZQ70K65
1000,CUS118,PREMIUM,CNEXTH0YY
2000,CUS333,STANDARD,XBU5MBN1J2ITZP
1000,CUS745,PREMIUM,BO2Q5Z33X
2000,CUS999,STANDARD,3I0DPJGSXDW
1000,CUS869,PREMIUM,Y1ESW694C4EWVMT6KAG
2000,CUS455,STANDARD,9RDB6N7XB
2000,CUS060,STANDARD,ZV3WUSXD7H2516C96EJ
2000,CUS396,STANDARD,V2RJJMFYRZOCCTAIM
2000,CUS147,STANDARD,M0J19QNAEKCQ4EO3K5
3000,CUS444,PREMIUM,F3VX4Q99
2000,CUS133,PREMIUM,VU7J7RPOB14RV6T5ZDTQGJ9OOP3J
3000,CUS279,PREMIUM,86X0Z0VT
1000,CUS042,PREMIUM,PK4EUD1
3000,CUS119,STANDARD,1J04BVXHTP55ZNZ1P
1000,CUS783,PREMIUM,PKVKUYFGFFAJ81
1000,CUS989,PREMIUM,FJDA4LCISXWFCKTVGCFC
3000,CUS952,STANDARD,AMKZ5GRS7ESIE3QK6G5OSCZV
3000,CUS277,STANDARD,K42W6TSZ0PTUNP3JJCFDHJG2IJ
1000,CUS985,STANDARD,ESVUP410H9TN4CXKZMWEDCQYL53Z
2000,CUS952,STANDARD,U2IU1ULAKQ0F5VJCIP65RML0CAXVXV
3000,CUS648,PREMIUM,G46MN
3000,CUS918,PREMIUM,V6R7Z7M1C
3000,CUS013,STANDARD,9S83CSVB0E403OUO2QT
2000,CUS837,PREMIUM,COQZQA7OCO2PZA1DER880B6TD
1000,CUS071,PREMIUM,N89SHPY9VL8MA1FVP4BG
1000,CUS382,STANDARD,QKSQ0K1NK
2000,CUS207,STANDARD,GST89EEJHAPERLH2
1000,CUS908,PREMIUM,H6836H4RFWFWLYM
3000,CUS836,PREMIUM,QBFEKJVK78M4WBVY1G6ZNK
1000,CUS997,PREMIUM,4EO593YUXMC
2000,CUS256,STANDARD,2MAWBX
3000,CUS722,PREMIUM,V0AU3FIG79HI4599VHCUPT81S
3000,CUS385,STANDARD,GDTIQY
2000,CUS513,PREMIUM,RV0E7XE5T
3000,CUS270,STANDARD,T0BBSULFI7GXHGQVUHLNFODRT98F
3000,CUS177,PREMIUM,98T9TGZCT0FVRDIEGAG4C4XZ8GQK9P
2000,CUS410,STANDARD,VKLGB4N
2000,CUS744,PREMIUM,IK6P0A7RM59PD1NYM7SWIZ0SRPH0
2000,CUS356,PREMIUM,5AHZMQILHPICO
2000,CUS443,STANDARD,CEZINRHANHA0
3000,CUS881,PREMIUM,VN2JJHXU
2000,CUS860,PREMIUM,Y7R2MJNYWMP55R1DQA
2000,CUS111,PREMIUM,3KDD37SN0HSJSRL1A4
2000,CUS257,PREMIUM,7E3WTO2MR4YRK4O2IBP5YO96JHRX7Q
1000,CUS945,STANDARD,GR7TZBEGPSQP97L57AJBU90VA4M
1000,CUS495,STANDARD,GT1QRMZWGY
3000,CUS957,STANDARD,MPUCVW4P8V5O19BEGIO0
1000,CUS789,PREMIUM,N308EG
1000,CUS490,PREMIUM,92IONNXGCQA0HR2NFVPHFQ8PC4
3000,CUS197,PREMIUM,R8KA5N0VGF6ORA1WW29KBGBRMLK
3000,CUS829,PREMIUM,CLMNMIS3D2OI
1000,CUS759,STANDARD,HNXT1J
1000,CUS887,STANDARD,EK4YAKXC8L0GFKNEJ0G1OKR797V
2000,CUS985,STANDARD,K8N21L2RUQNBMZSY83F
2000,CUS134,PREMIUM,HIDO8H94ZID7L8OIPD68EP8
3000,CUS970,PREMIUM,FV78FQQV9ILC15NIOF7J2E
3000,CUS417,PREMIUM,8FU3KRVBCABBBFUKFF
3000,CUS151,PREMIUM,M4G28XDBJWUYH6SSQKF8J84S57E
3000,CUS447,STANDARD,LS6CUY4C6
2000,CUS161,STANDARD,3BCDAQPYWVFX7R7JZY
1000,CUS412,PREMIUM,HP0JR6OUXDXTKYC9C4D0NP0
1000,CUS796,STANDARD,93WB7LIEDRDHZQ7H97AQQL94
2000,CUS215,STANDARD,P7MYM7EZRPJEJZSK7T0T
1000,CUS932,PREMIUM,BP0IX71NGT
2000,CUS480,STANDARD,QF3CYSYKWXSCLZOXV8LSMBF4YT0RS
2000,CUS240,STANDARD,76BOGXP967LRVI3DVCSDS
1000,CUS058,PREMIUM,NNNWM7QUHZOJ
3000,CUS903,STANDARD,GFG373H8DMPFM5NIZUOC0CEF65UYG3
1000,CUS519,STANDARD,097AALNBBGV0H9I7APYV4
2000,CUS125,PREMIUM,5QSH0ANZXWIDETEH7SG8SOOZ7
1000,CUS187,STANDARD,VBI0MKKN6JEP2RVV0EFQ
1000,CUS224,STANDARD,SI780C
3000,CUS269,PREMIUM,BVP5Z11C7GHI1BCM
2000,CUS198,PREMIUM,7NXYZF
3000,CUS859,PREMIUM,BYJ3EUNGLNQVWD169L1G5519JN7QS
3000,CUS615,PREMIUM,CHPT9A72MVTP497I0CNOXHDGX2BD
3000,CUS013,PREMIUM,XESSLB2QKZ0YS93F7SJ8X
1000,CUS421,STANDARD,YPJVGSB6TMLMGLOSJ1Z9D0B
1000,CUS051,STANDARD,4JZH30B2LNT9O7OUXP7I9B
3000,CUS354,STANDARD,AW0HJ1VB9JZW8J
2000,CUS166,PREMIUM,RF9YYW0ENA941GJM7U
2000,CUS924,PREMIUM,VHQMRZ8JPT6RCBK4OAA61ZY
2000,CUS962,PREMIUM,DHY6MEF
2000,CUS806,STANDARD,MVBDEY7DRFSEUD30L7M20JDXOR
2000,CUS397,PREMIUM,B522SZKD2IZ0I
1000,CUS756,STANDARD,IWB9F54YDKEQBZ78QEMMM3OF
1000,CUS211,STANDARD,UWKMWZG38
2000,CUS036,STANDARD,3ANKGFK
2000,CUS958,PREMIUM,YHO1P
1000,CUS468,STANDARD,UI358WYHMN2E8STQDKUDJ
1000,CUS268,PREMIUM,S6CG1RSDP2NQGZ48G
2000,CUS643,STANDARD,356KLEAKF
3000,CUS017,STANDARD,8LGMQ70K8V52O1O8PH6L
1000,CUS304,STANDARD,U0BVO2B581ZH34DZ5PZ7JA
3000,CUS366,STANDARD,AY8JFKLOWUKFZXAV
3000,CUS581,STANDARD,2GQZJE7LEIUZ3C98RP18S8
3000,CUS814,PREMIUM,KICVC
1000,CUS220,PREMIUM,O81Q6SITV69EFSW2863C2FWL
1000,CUS622,STANDARD,8Z2Y4M8LB2RY
1000,CUS612,STANDARD,EE3585Y8J165JIU7M5C8U7AZLPXDR
3000,CUS308,STANDARD,XYYV3
1000,CUS349,PREMIUM,CBHKR8LVXRQL7Z3ZMIWSLPI
2000,CUS018,PREMIUM,8RZOM8GVZKQFUL8V4LVYKKZOOV
1000,CUS486,STANDARD,XGO6G9ZXXB57QY9UBU5SQ
3000,CUS288,PREMIUM,AMTH6EH44KDM
2000,CUS706,PREMIUM,VPRCFXNZTFUS3GUUMGNLX
1000,CUS925,STANDARD,N047GP12UCBRJGSFCWL3Y7H7
3000,CUS143,STANDARD,9DI4ARXIP679WZKIV910
2000,CUS847,STANDARD,U60282
2000,CUS815,STANDARD,TKI5V6VR8V1XU
2000,CUS219,PREMIUM,SL6ITHF1VBIACCJTXOOEPIHUUENAUV
3000,CUS413,PREMIUM,C7N19LGSTS77YY5J5O12
2000,CUS758,STANDARD,2S0JAIX6KXSNE7NL8GIMEIMJA
2000,CUS252,PREMIUM,TFDYAF7P0Q5KN93WB8K4Z7F3L
3000,CUS332,STANDARD,LW43UQX9R4IYJCUJF63Y9PGZD9L2H4
3000,CUS546,PREMIUM,E3NM2NLBUL
1000,CUS247,PREMIUM,JN0KG1UETP
3000,CUS500,STANDARD,9JPKUXP8NU9TR0H535OKZS
1000,CUS407,STANDARD,BVQQ5HL22ALL
1000,CUS852,STANDARD,EKDVP375HN5UI97PIJB
3000,CUS565,STANDARD,GIXZD9MLCCQ9537662WNX6WLP8ZDCM
2000,CUS085,PREMIUM,RTPYF
3000,CUS708,STANDARD,UH3EWKNFBJKWBFTM4R6MDMA
1000,CUS333,PREMIUM,04FN5FHJZDJJHNKH303IDHF
1000,CUS644,STANDARD,HYZGILCH
1000,CUS983,STANDARD,C2IV72PMNCSM1YVN8AL3T7GJ
1000,CUS712,PREMIUM,SLGFSB9Z7IVAUIJSYIBMXWYEANWI5
3000,CUS263,PREMIUM,GO3HJ
1000,CUS308,STANDARD,M1W9U8XYTINBQ
1000,CUS642,STANDARD,JBJ4D1H
1000,CUS011,PREMIUM,K4O95RDKD2F11B0O
2000,CUS675,STANDARD,IS7GVUQKA
3000,CUS826,PREMIUM,SCPDHBXZ52X1
3000,CUS435,STANDARD,TEX2WXS1LPQ4GIQ31AHC9DH6HCNB09
2000,CUS926,PREMIUM,G2ZRF5K17C8A
2000,CUS194,PREMIUM,GX2GJBGVD3FM6C02GPD3O
1000,CUS134,PREMIUM,FDSX7R5TMZLHMBB
1000,CUS949,STANDARD,1LW87W211Q5BNH9AVMMZK2Q
2000,CUS182,STANDARD,Z1JFWE7PI4BCDRZ01G
3000,CUS898,PREMIUM,VBEHD253HQCBQP
2000,CUS160,STANDARD,9ERAUPEULCQ6CT5Z75OEM3
3000,CUS882,STANDARD,2H0Y9SG0YGJN5SD54RPOLU1
2000,CUS861,PREMIUM,N6SH2AEQK1
1000,CUS292,PREMIUM,IBN3D638KGF0DKBQG8FPX662JH
1000,CUS957,STANDARD,2B86S6B
3000,CUS563,STANDARD,8ZQT8IK
3000,CUS418,PREMIUM,H2W76O26X2A8LDBQ8C04U4FLMYFTZ
3000,CUS711,STANDARD,FK65RK1
1000,CUS811,STANDARD,6J3Z4DRCWOHQF1HW1C59PL
1000,CUS471,STANDARD,S99OVYWG3ZLSC0SYY8PQ
3000,CUS233,PREMIUM,1BR26TJE2AJ9VGYJKWP0R88I
1000,CUS921,PREMIUM,6OR8Z
3000,CUS655,PREMIUM,6OC1IQZ4J72E1BEFTENHPW
1000,CUS611,STANDARD,KN0GON40AVLPCQU96GZVBKXRT5
2000,CUS090,STANDARD,QHG1UCMSR
1000,CUS583,PREMIUM,0ZE44
1000,CUS245,STANDARD,E7IQ88C88AZ39JGRF2R07GOULZYQ
1000,CUS680,PREMIUM,18PZ92T6YTFUVQUDHHILD4
2000,CUS184,STANDARD,PYCWHE4F1DO89ZN0
2000,CUS800,PREMIUM,P0IG6QUXDY5ADBT
1000,CUS510,STANDARD,IT7QLDSYYR91150DU1QKATU1X52V8B
2000,CUS921,PREMIUM,2TUOM6B1IPXQZYIL0VSDGZV
3000,CUS823,PREMIUM,WODA1KLHLJSL2144TZIUEYBG
2000,CUS247,PREMIUM,LRGFX6Q
3000,CUS869,STANDARD,7YDA8AG47Z459IMFLW2AR2
2000,CUS650,PREMIUM,0QK1EJHKD
2000,CUS117,STANDARD,7QO4VO1WY8D
3000,CUS052,PREMIUM,9WKXQ6LTIH9O6UQXRDC
3000,CUS214,PREMIUM,1QTXS3VJMEHIMJ2S85F22ZNPSK
3000,CUS025,PREMIUM,KBM98YKE4WA8DEYPCQVM
2000,CUS795,STANDARD,YOU86J
1000,CUS330,STANDARD,OVOTACG6EZ246
3000,CUS452,PREMIUM,6E1WLRQQXQQ1D8
2000,CUS771,PREMIUM,8XE4N29GAUP
2000,CUS027,PREMIUM,HJ8366Q8Y176JDTU4I4GR2IQY
1000,CUS106,PREMIUM,CF8YQLRIN9O2
1000,CUS375,STANDARD,7PPGJH95BZ
3000,CUS764,PREMIUM,NL76D9NKJH
3000,CUS359,STANDARD,HALOLA
3000,CUS407,PREMIUM,E7Y31
1000,CUS085,PREMIUM,HCB694YHA9FSMXYFS
3000,CUS756,PREMIUM,P9SUPF
2000,CUS105,PREMIUM,6D4R09IMUT0UGCAMB3ZLAXR
1000,CUS718,PREMIUM,Y2EVBC11Y1RFEAZ
2000,CUS929,STANDARD,TFFOSA28UGZR4C7A
3000,CUS128,PREMIUM,9M109MS9JY8ZKY3A
3000,CUS671,PREMIUM,O81997H475EXBX1LX3E3Y
1000,CUS744,STANDARD,PIBFI
3000,CUS400,PREMIUM,W379LYATF9AXIE3XV6
3000,CUS603,STANDARD,H353SFI5SYLEG89
1000,CUS374,PREMIUM,RFZI1RLKJ
2000,CUS927,STANDARD,4V6E2DQXRIG9WSX5CU16IAJI
2000,CUS427,STANDARD,5ABDEZOV0RD3KNIR
2000,CUS367,STANDARD,L6K9URADF577LKQ2PFI0
2000,CUS317,STANDARD,Y8XA4ED
3000,CUS747,PREMIUM,W9DFHXAL3GFUL1FCXO2DIMCC3E1UAA
