ORDER_ID,CUSTOMER_ID,AMOUNT,DISCOUNT
ORD0000001,CUS0000005,1787.38,22.88
ORD0000002,CUS0000060,2164.45,20.95
ORD0000003,CUS0000013,9531.89,14.95
ORD0000004,CUS0000003,10140.79,17.3
ORD0000005,CUS0000080,4335.3,16.41
ORD0000006,CUS0000097,4778.26,11.82
ORD0000007,CUS0000008,4328.94,24.61
ORD0000008,CUS0000049,1190.61,4.82
ORD0000009,CUS0000064,1079.17,11.61
ORD0000010,CUS0000065,1723.71,5.46
ORD0000011,CUS0000009,5489.2,1.84
ORD0000012,CUS0000008,4275.94,8.88
ORD0000013,CUS0000010,2850.14,3.09
ORD0000014,CUS0000075,3442.94,19.49
ORD0000015,CUS0000008,923.44,18.68
ORD0000016,CUS0000083,4545.11,9.94
ORD0000017,CUS0000068,11641.1,13.16
ORD0000018,CUS0000017,4317.62,23.43
ORD0000019,CUS0000007,13763.86,8.04
ORD0000020,CUS0000094,1337.04,18.13
ORD0000021,CUS0000071,3481.95,8.91
ORD0000022,CUS0000100,3778.59,10.85
ORD0000023,CUS0000056,686.04,29.0
ORD0000024,CUS0000078,3981.45,10.74
ORD0000025,CUS0000083,888.03,19.94
ORD0000026,CUS0000020,10740.91,9.23
ORD0000027,CUS0000089,10351.89,13.29
ORD0000028,CUS0000005,1159.55,3.17
ORD0000029,CUS0000016,1067.15,0.51
ORD0000030,CUS0000099,14038.18,26.55
ORD0000031,CUS0000044,6185.41,15.97
ORD0000032,CUS0000034,14373.44,21.09
ORD0000033,CUS0000044,13572.11,11.57
ORD0000034,CUS0000092,5334.09,21.53
ORD0000035,CUS0000087,2320.97,20.55
ORD0000036,CUS0000074,2315.58,17.83
ORD0000037,CUS0000053,4606.04,9.82
ORD0000038,CUS0000045,5518.42,16.13
ORD0000039,CUS0000025,12062.11,28.95
ORD0000040,CUS0000086,7334.25,9.0
ORD0000041,CUS0000045,6877.85,6.5
ORD0000042,CUS0000050,13227.35,11.67
ORD0000043,CUS0000008,2562.43,1.84
ORD0000044,CUS0000004,606.85,25.83
ORD0000045,CUS0000066,13879.76,15.11
ORD0000046,CUS0000065,4780.04,17.37
ORD0000047,CUS0000034,7196.19,13.47
ORD0000048,CUS0000051,6546.1,0.18
ORD0000049,CUS0000090,7195.34,16.99
ORD0000050,CUS0000054,1404.57,12.75
ORD0000051,CUS0000002,1340.78,3.49
ORD0000052,CUS0000041,7611.39,4.02
ORD0000053,CUS0000074,1181.32,7.28
ORD0000054,CUS0000031,697.32,8.05
ORD0000055,CUS0000090,14359.62,25.12
ORD0000056,CUS0000010,2667.84,10.19
ORD0000057,CUS0000041,7232.89,21.89
ORD0000058,CUS0000061,14703.89,4.51
ORD0000059,CUS0000073,3508.04,8.97
ORD0000060,CUS0000062,4897.11,9.24
ORD0000061,CUS0000097,3859.9,14.6
ORD0000062,CUS0000071,3245.26,21.71
ORD0000063,CUS0000067,13152.33,2.11
ORD0000064,CUS0000079,4688.23,19.18
ORD0000065,CUS0000020,11063.69,0.74
ORD0000066,CUS0000014,4095.25,19.13
ORD0000067,CUS0000012,14043.97,26.81
ORD0000068,CUS0000030,1345.93,5.92
ORD0000069,CUS0000094,4145.17,1.81
ORD0000070,CUS0000022,2687.12,13.86
ORD0000071,CUS0000039,5641.83,13.75
ORD0000072,CUS0000089,7667.3,4.18
ORD0000073,CUS0000042,2111.77,10.94
ORD0000074,CUS0000050,11982.52,13.42
ORD0000075,CUS0000040,4262.61,6.32
ORD0000076,CUS0000060,1319.71,9.04
ORD0000077,CUS0000056,1579.6,17.8
ORD0000078,CUS0000068,11374.46,28.45
ORD0000079,CUS0000039,13859.2,23.66
ORD0000080,CUS0000028,1130.51,20.63
ORD0000081,CUS0000083,3149.04,21.49
ORD0000082,CUS0000025,7609.44,14.99
ORD0000083,CUS0000068,6862.32,7.64
ORD0000084,CUS0000014,4287.21,15.46
ORD0000085,CUS0000018,965.36,13.07
ORD0000086,CUS0000065,3908.22,7.64
ORD0000087,CUS0000020,10707.95,15.54
ORD0000088,CUS0000007,8760.47,13.18
ORD0000089,CUS0000059,10618.68,16.28
ORD0000090,CUS0000014,540.25,21.53
ORD0000091,CUS0000062,4182.39,8.62
ORD0000092,CUS0000086,12229.44,13.44
ORD0000093,CUS0000012,11808.14,16.32
ORD0000094,CUS0000062,1163.06,5.59
ORD0000095,CUS0000001,870.36,9.93
ORD0000096,CUS0000006,898.59,16.69
ORD0000097,CUS0000042,1333.31,18.86
ORD0000098,CUS0000027,1963.18,3.69
ORD0000099,CUS0000060,765.65,19.04
ORD0000100,CUS0000011,7190.32,3.13
ORD0000101,CUS0000026,3263.05,7.34
ORD0000102,CUS0000100,2286.51,26.82
ORD0000103,CUS0000013,8041.62,2.17
ORD0000104,CUS0000065,3507.25,24.24
ORD0000105,CUS0000085,3546.76,7.77
ORD0000106,CUS0000051,11079.93,23.74
ORD0000107,CUS0000081,3702.58,14.74
ORD0000108,CUS0000074,2346.72,18.84
ORD0000109,CUS0000053,3486.47,13.79
ORD0000110,CUS0000076,3821.9,13.27
ORD0000111,CUS0000082,13328.07,14.55
ORD0000112,CUS0000003,10224.68,24.57
ORD0000113,CUS0000057,646.5,17.36
ORD0000114,CUS0000099,13673.26,2.27
ORD0000115,CUS0000010,2576.77,3.69
ORD0000116,CUS0000081,4201.31,29.05
ORD0000117,CUS0000084,2762.14,15.73
ORD0000118,CUS0000030,2733.34,29.27
ORD0000119,CUS0000031,1909.08,3.07
ORD0000120,CUS0000012,6293.42,27.42
ORD0000121,CUS0000077,824.27,3.42
ORD0000122,CUS0000056,671.14,1.92
ORD0000123,CUS0000095,3456.01,16.74
ORD0000124,CUS0000056,4146.25,29.75
ORD0000125,CUS0000046,3652.09,17.35
ORD0000126,CUS0000048,1773.28,12.77
ORD0000127,CUS0000003,9383.68,21.94
ORD0000128,CUS0000004,3256.67,1.77
ORD0000129,CUS0000055,1719.09,25.34
ORD0000130,CUS0000069,1843.08,10.69
ORD0000131,CUS0000040,645.78,28.18
ORD0000132,CUS0000051,8026.73,8.13
ORD0000133,CUS0000041,5811.61,1.32
ORD0000134,CUS0000095,1473.82,3.72
ORD0000135,CUS0000043,2120.4,13.46
ORD0000136,CUS0000015,2730.95,15.1
ORD0000137,CUS0000024,4531.44,13.34
ORD0000138,CUS0000056,2655.1,6.66
ORD0000139,CUS0000077,3746.06,7.75
ORD0000140,CUS0000081,2331.48,29.07
ORD0000141,CUS0000042,1799.37,23.9
ORD0000142,CUS0000080,2788.43,21.19
ORD0000143,CUS0000097,2983.53,14.45
ORD0000144,CUS0000033,12770.48,19.83
ORD0000145,CUS0000050,12809.59,25.76
ORD0000146,CUS0000005,592.66,22.98
ORD0000147,CUS0000022,1808.98,22.38
ORD0000148,CUS0000080,3428.2,4.65
ORD0000149,CUS0000077,2807.12,27.6
ORD0000150,CUS0000075,534.39,27.19
ORD0000151,CUS0000032,3002.83,9.1
ORD0000152,CUS0000093,3691.13,16.94
ORD0000153,CUS0000065,4431.48,1.82
ORD0000154,CUS0000092,13711.83,26.73
ORD0000155,CUS0000016,2536.03,22.37
ORD0000156,CUS0000033,6477.95,6.89
ORD0000157,CUS0000088,12990.87,7.99
ORD0000158,CUS0000023,3080.08,29.85
ORD0000159,CUS0000006,4702.09,2.77
ORD0000160,CUS0000039,10442.5,20.99
ORD0000161,CUS0000018,2870.44,19.21
ORD0000162,CUS0000097,4959.12,11.14
ORD0000163,CUS0000058,3534.31,24.62
ORD0000164,CUS0000086,14271.15,17.74
ORD0000165,CUS0000097,993.82,3.83
ORD0000166,CUS0000054,1783.01,8.15
ORD0000167,CUS0000051,6503.21,29.81
ORD0000168,CUS0000077,3642.49,29.66
ORD0000169,CUS0000076,4626.76,29.97
ORD0000170,CUS0000073,4869.73,10.44
ORD0000171,CUS0000090,10804.15,4.5
ORD0000172,CUS0000032,4538.73,26.89
ORD0000173,CUS0000044,5923.8,16.41
ORD0000174,CUS0000057,3671.75,0.39
ORD0000175,CUS0000043,4644.38,15.73
ORD0000176,CUS0000031,1394.35,16.52
ORD0000177,CUS0000067,8762.73,9.85
ORD0000178,CUS0000081,1574.4,6.9
ORD0000179,CUS0000011,7873.32,28.07
ORD0000180,CUS0000062,3633.57,3.72
ORD0000181,CUS0000006,636.68,29.69
ORD0000182,CUS0000028,1773.21,11.71
ORD0000183,CUS0000005,3832.9,9.5
ORD0000184,CUS0000008,644.74,11.97
ORD0000185,CUS0000016,1570.81,3.95
ORD0000186,CUS0000008,4672.61,21.94
ORD0000187,CUS0000073,2420.54,10.45
ORD0000188,CUS0000068,7485.96,24.0
ORD0000189,CUS0000004,2538.56,23.54
ORD0000190,CUS0000042,3732.77,23.6
ORD0000191,CUS0000063,11234.89,25.19
ORD0000192,CUS0000087,3400.34,24.76
ORD0000193,CUS0000085,2187.14,28.35
ORD0000194,CUS0000056,4851.0,7.24
ORD0000195,CUS0000046,3256.63,14.08
ORD0000196,CUS0000012,12566.41,19.41
ORD0000197,CUS0000007,7077.02,11.51
ORD0000198,CUS0000026,2434.03,24.04
ORD0000199,CUS0000021,12403.01,21.92
ORD0000200,CUS0000066,12647.15,26.87
ORD0000201,CUS0000096,6642.27,13.63
ORD0000202,CUS0000084,574.91,9.79
ORD0000203,CUS0000042,1267.83,12.49
ORD0000204,CUS0000060,2957.97,3.52
ORD0000205,CUS0000083,4257.55,12.4
ORD0000206,CUS0000091,11643.95,16.78
ORD0000207,CUS0000082,12303.57,8.1
ORD0000208,CUS0000043,1521.06,26.21
ORD0000209,CUS0000050,12306.61,26.04
ORD0000210,CUS0000074,2122.75,29.74
ORD0000211,CUS0000078,2230.78,10.13
ORD0000212,CUS0000037,4729.6,10.78
ORD0000213,CUS0000017,2175.64,22.91
ORD0000214,CUS0000057,2779.45,25.02
ORD0000215,CUS0000073,1218.26,0.83
ORD0000216,CUS0000056,507.87,17.05
ORD0000217,CUS0000015,3579.11,15.47
ORD0000218,CUS0000049,4490.38,11.91
ORD0000219,CUS0000065,4814.0,4.52
ORD0000220,CUS0000080,2478.29,6.51
ORD0000221,CUS0000023,1595.66,7.77
ORD0000222,CUS0000012,14507.53,5.28
ORD0000223,CUS0000040,1689.93,28.05
ORD0000224,CUS0000040,2820.49,13.62
ORD0000225,CUS0000005,2078.06,24.75
ORD0000226,CUS0000001,4163.21,20.98
ORD0000227,CUS0000089,10852.58,7.93
ORD0000228,CUS0000003,11636.05,8.37
ORD0000229,CUS0000053,4722.42,29.11
ORD0000230,CUS0000004,1050.13,6.49
ORD0000231,CUS0000078,3249.17,13.67
ORD0000232,CUS0000067,7639.32,10.08
ORD0000233,CUS0000036,859.1,21.07
ORD0000234,CUS0000032,4130.54,29.95
ORD0000235,CUS0000028,1741.42,24.52
ORD0000236,CUS0000093,3671.85,12.46
ORD0000237,CUS0000040,4765.23,7.9
ORD0000238,CUS0000016,3408.18,3.13
ORD0000239,CUS0000060,2364.3,5.87
ORD0000240,CUS0000026,2319.58,25.02
ORD0000241,CUS0000076,1171.11,23.16
ORD0000242,CUS0000086,12853.1,22.05
ORD0000243,CUS0000048,2252.34,5.25
ORD0000244,CUS0000030,847.1,26.99
ORD0000245,CUS0000049,3932.24,1.43
ORD0000246,CUS0000002,2557.46,22.61
ORD0000247,CUS0000048,4517.71,4.24
ORD0000248,CUS0000092,7303.63,3.67
ORD0000249,CUS0000008,699.89,11.39
ORD0000250,CUS0000047,7269.19,25.03
ORD0000251,CUS0000084,1097.24,18.98
ORD0000252,CUS0000084,4872.44,23.33
ORD0000253,CUS0000006,550.06,14.1
ORD0000254,CUS0000002,1993.32,17.52
ORD0000255,CUS0000028,4361.84,9.46
ORD0000256,CUS0000075,1219.69,25.36
ORD0000257,CUS0000065,1768.49,15.09
ORD0000258,CUS0000066,8800.58,14.33
ORD0000259,CUS0000078,4918.75,27.53
ORD0000260,CUS0000039,13146.52,29.65
ORD0000261,CUS0000046,2131.05,23.72
ORD0000262,CUS0000015,3229.77,21.6
ORD0000263,CUS0000002,3556.21,14.75
ORD0000264,CUS0000034,10003.9,22.37
ORD0000265,CUS0000097,4319.9,12.94
ORD0000266,CUS0000053,1825.04,15.31
ORD0000267,CUS0000084,3795.54,0.6
ORD0000268,CUS0000093,2383.92,24.44
ORD0000269,CUS0000076,752.79,0.02
ORD0000270,CUS0000039,9974.18,26.8
ORD0000271,CUS0000081,2994.71,6.44
ORD0000272,CUS0000066,13767.08,10.46
ORD0000273,CUS0000011,11813.72,24.3
ORD0000274,CUS0000091,5311.5,4.69
ORD0000275,CUS0000045,8940.19,23.47
ORD0000276,CUS0000068,11851.56,22.89
ORD0000277,CUS0000088,13278.44,25.15
ORD0000278,CUS0000007,5130.71,4.27
ORD0000279,CUS0000047,10665.08,2.49
ORD0000280,CUS0000012,14300.93,25.16
ORD0000281,CUS0000078,1425.3,15.55
ORD0000282,CUS0000024,3316.68,20.87
ORD0000283,CUS0000002,4400.46,16.04
ORD0000284,CUS0000073,1382.7,24.82
ORD0000285,CUS0000007,8401.89,29.86
ORD0000286,CUS0000066,5694.44,12.67
ORD0000287,CUS0000019,531.48,17.34
ORD0000288,CUS0000016,2476.34,3.69
ORD0000289,CUS0000011,10282.23,13.76
ORD0000290,CUS0000012,11206.17,23.97
ORD0000291,CUS0000015,621.7,16.41
ORD0000292,CUS0000021,5535.75,19.38
ORD0000293,CUS0000039,10181.35,9.75
ORD0000294,CUS0000011,9155.3,7.43
ORD0000295,CUS0000071,1703.52,25.02
ORD0000296,CUS0000082,6627.21,24.23
ORD0000297,CUS0000070,1567.19,11.31
ORD0000298,CUS0000045,7760.92,29.26
ORD0000299,CUS0000030,2294.48,27.45
ORD0000300,CUS0000052,3649.06,27.91
ORD0000301,CUS0000039,5968.83,3.84
ORD0000302,CUS0000062,2089.14,3.29
ORD0000303,CUS0000039,14762.23,26.19
ORD0000304,CUS0000059,14886.62,25.26
ORD0000305,CUS0000072,2939.23,11.02
ORD0000306,CUS0000043,2949.29,10.22
ORD0000307,CUS0000055,1205.83,8.63
ORD0000308,CUS0000097,3447.43,26.33
ORD0000309,CUS0000006,1972.17,20.6
ORD0000310,CUS0000075,632.51,5.94
ORD0000311,CUS0000017,599.55,27.41
ORD0000312,CUS0000055,2009.54,24.61
ORD0000313,CUS0000002,2226.3,26.56
ORD0000314,CUS0000001,4273.53,18.22
ORD0000315,CUS0000008,3956.91,16.74
ORD0000316,CUS0000021,9442.12,14.52
ORD0000317,CUS0000025,5228.03,17.73
ORD0000318,CUS0000010,1643.82,22.84
ORD0000319,CUS0000011,11755.46,1.12
ORD0000320,CUS0000036,2837.32,8.61
ORD0000321,CUS0000011,7934.53,12.93
ORD0000322,CUS0000039,8216.93,12.69
ORD0000323,CUS0000019,3586.64,13.32
ORD0000324,CUS0000033,8396.35,2.69
ORD0000325,CUS0000081,3239.61,8.03
ORD0000326,CUS0000043,3803.11,8.09
ORD0000327,CUS0000040,651.58,7.2
ORD0000328,CUS0000072,3591.13,4.35
ORD0000329,CUS0000021,13844.98,25.24
ORD0000330,CUS0000066,8194.69,28.71
ORD0000331,CUS0000053,725.08,3.16
ORD0000332,CUS0000085,4770.24,14.73
ORD0000333,CUS0000024,1678.45,22.15
ORD0000334,CUS0000058,2362.52,7.61
ORD0000335,CUS0000048,3471.54,11.11
ORD0000336,CUS0000054,3656.51,10.4
ORD0000337,CUS0000032,3485.76,13.18
ORD0000338,CUS0000077,2212.24,18.63
ORD0000339,CUS0000067,10191.23,12.25
ORD0000340,CUS0000034,9834.24,2.31
ORD0000341,CUS0000065,3574.71,14.39
ORD0000342,CUS0000001,614.57,9.23
ORD0000343,CUS0000015,1537.94,16.2
ORD0000344,CUS0000013,13775.96,24.77
ORD0000345,CUS0000064,1648.88,3.71
ORD0000346,CUS0000032,3827.45,26.72
ORD0000347,CUS0000047,14487.67,9.44
ORD0000348,CUS0000059,12465.48,24.81
ORD0000349,CUS0000011,9845.07,17.35
ORD0000350,CUS0000081,3653.03,12.24
ORD0000351,CUS0000046,4792.49,8.6
ORD0000352,CUS0000099,5675.68,2.12
ORD0000353,CUS0000019,2894.83,27.86
ORD0000354,CUS0000060,4523.94,26.35
ORD0000355,CUS0000050,5470.4,18.13
ORD0000356,CUS0000012,9942.96,20.82
ORD0000357,CUS0000019,3938.19,4.22
ORD0000358,CUS0000037,4322.89,22.76
ORD0000359,CUS0000035,1991.66,11.54
ORD0000360,CUS0000100,3732.96,15.88
ORD0000361,CUS0000019,3563.82,5.97
ORD0000362,CUS0000084,4315.71,19.99
ORD0000363,CUS0000096,9083.63,23.44
ORD0000364,CUS0000005,3426.0,0.61
ORD0000365,CUS0000059,14801.64,24.05
ORD0000366,CUS0000026,4788.78,2.36
ORD0000367,CUS0000031,4579.83,20.99
ORD0000368,CUS0000062,3300.69,25.53
ORD0000369,CUS0000100,2078.45,4.64
ORD0000370,CUS0000061,14306.41,13.83
ORD0000371,CUS0000080,3621.88,9.56
ORD0000372,CUS0000061,10856.43,26.73
ORD0000373,CUS0000093,4143.36,1.18
ORD0000374,CUS0000059,14261.66,27.35
ORD0000375,CUS0000090,10440.82,13.78
ORD0000376,CUS0000054,2365.58,24.25
ORD0000377,CUS0000045,8471.55,26.63
ORD0000378,CUS0000001,3759.51,3.11
ORD0000379,CUS0000059,5428.56,22.09
ORD0000380,CUS0000097,764.26,7.59
ORD0000381,CUS0000002,2351.9,21.7
ORD0000382,CUS0000093,3935.3,5.43
ORD0000383,CUS0000099,7453.34,22.08
ORD0000384,CUS0000033,9496.39,22.48
ORD0000385,CUS0000096,6654.92,9.23
ORD0000386,CUS0000050,10923.25,23.28
ORD0000387,CUS0000007,7448.14,3.67
ORD0000388,CUS0000096,10281.35,6.14
ORD0000389,CUS0000008,1431.53,29.76
ORD0000390,CUS0000011,11343.64,24.94
ORD0000391,CUS0000044,8292.7,8.16
ORD0000392,CUS0000022,1473.5,28.09
ORD0000393,CUS0000018,2726.98,16.72
ORD0000394,CUS0000050,8349.4,16.29
ORD0000395,CUS0000074,2583.48,2.54
ORD0000396,CUS0000067,11614.66,9.44
ORD0000397,CUS0000095,2794.81,10.81
ORD0000398,CUS0000019,2132.01,2.52
ORD0000399,CUS0000073,1670.36,24.17
ORD0000400,CUS0000068,14223.65,15.95
ORD0000401,CUS0000015,2198.77,17.7
ORD0000402,CUS0000043,3179.1,19.24
ORD0000403,CUS0000006,1373.77,19.1
ORD0000404,CUS0000074,2927.0,29.23
ORD0000405,CUS0000045,12260.69,5.52
ORD0000406,CUS0000080,2563.31,23.15
ORD0000407,CUS0000097,4220.91,26.45
ORD0000408,CUS0000049,1934.4,8.83
ORD0000409,CUS0000082,8756.02,17.5
ORD0000410,CUS0000025,12432.42,17.38
ORD0000411,CUS0000015,2763.24,17.33
ORD0000412,CUS0000059,6870.38,3.88
ORD0000413,CUS0000089,11591.49,24.97
ORD0000414,CUS0000008,2372.34,2.86
ORD0000415,CUS0000036,4437.15,29.15
ORD0000416,CUS0000003,8813.2,24.3
ORD0000417,CUS0000076,3445.18,9.45
ORD0000418,CUS0000064,2095.5,23.73
ORD0000419,CUS0000070,1330.12,1.41
ORD0000420,CUS0000064,1402.8,2.98
ORD0000421,CUS0000018,2420.86,15.75
ORD0000422,CUS0000085,4902.88,8.01
ORD0000423,CUS0000016,4508.51,15.96
ORD0000424,CUS0000017,1016.3,18.58
ORD0000425,CUS0000007,10616.28,11.47
ORD0000426,CUS0000022,1246.21,22.6
ORD0000427,CUS0000030,3400.8,5.08
ORD0000428,CUS0000003,14165.21,6.88
ORD0000429,CUS0000023,1324.32,6.72
ORD0000430,CUS0000095,4460.49,11.69
ORD0000431,CUS0000064,3819.2,11.07
ORD0000432,CUS0000016,2988.41,5.83
ORD0000433,CUS0000039,6454.16,15.78
ORD0000434,CUS0000093,2524.11,20.9
ORD0000435,CUS0000032,3376.91,17.71
ORD0000436,CUS0000022,2195.66,12.54
ORD0000437,CUS0000035,2008.99,22.62
ORD0000438,CUS0000092,14778.38,16.34
ORD0000439,CUS0000065,3205.11,20.06
ORD0000440,CUS0000021,11320.97,12.45
ORD0000441,CUS0000087,3285.49,11.57
ORD0000442,CUS0000063,12455.65,12.26
ORD0000443,CUS0000031,3683.2,23.01
ORD0000444,CUS0000092,9715.86,2.03
ORD0000445,CUS0000053,4973.33,16.53
ORD0000446,CUS0000084,974.41,8.6
ORD0000447,CUS0000075,3254.13,29.02
ORD0000448,CUS0000071,4730.58,28.87
ORD0000449,CUS0000033,12732.16,26.41
ORD0000450,CUS0000060,4928.8,3.55
ORD0000451,CUS0000033,8969.65,10.24
ORD0000452,CUS0000078,1370.24,9.03
ORD0000453,CUS0000078,4302.57,2.84
ORD0000454,CUS0000083,3345.93,0.88
ORD0000455,CUS0000021,8859.07,4.37
ORD0000456,CUS0000043,4171.78,23.06
ORD0000457,CUS0000054,2154.73,21.9
ORD0000458,CUS0000013,7894.26,20.91
ORD0000459,CUS0000049,4673.09,7.9
ORD0000460,CUS0000049,4003.2,4.01
ORD0000461,CUS0000036,2197.51,2.73
ORD0000462,CUS0000021,8987.89,14.03
ORD0000463,CUS0000037,1427.38,16.34
ORD0000464,CUS0000071,3577.58,5.6
ORD0000465,CUS0000019,2655.7,25.59
ORD0000466,CUS0000058,4240.52,3.45
ORD0000467,CUS0000075,2275.91,14.47
ORD0000468,CUS0000015,3119.87,11.91
ORD0000469,CUS0000053,4315.32,14.16
ORD0000470,CUS0000059,8979.17,19.01
ORD0000471,CUS0000071,2459.38,4.81
ORD0000472,CUS0000011,7762.35,26.04
ORD0000473,CUS0000021,9692.38,18.7
ORD0000474,CUS0000065,2616.46,25.77
ORD0000475,CUS0000046,4610.44,20.96
ORD0000476,CUS0000073,2093.7,3.46
ORD0000477,CUS0000037,2090.04,29.07
ORD0000478,CUS0000097,3061.76,16.57
ORD0000479,CUS0000028,1006.66,0.78
ORD0000480,CUS0000045,13119.15,8.34
ORD0000481,CUS0000055,2619.12,14.48
ORD0000482,CUS0000016,4358.54,14.36
ORD0000483,CUS0000064,2578.79,15.89
ORD0000484,CUS0000100,942.81,25.84
ORD0000485,CUS0000051,6921.95,8.81
ORD0000486,CUS0000008,816.28,29.34
ORD0000487,CUS0000097,911.27,2.64
ORD0000488,CUS0000056,4974.47,25.22
ORD0000489,CUS0000033,8179.36,27.6
ORD0000490,CUS0000075,1429.18,25.42
ORD0000491,CUS0000067,11319.1,3.69
ORD0000492,CUS0000004,4528.8,27.44
ORD0000493,CUS0000080,1984.4,23.64
ORD0000494,CUS0000036,2716.04,9.45
ORD0000495,CUS0000056,3861.78,4.94
ORD0000496,CUS0000040,3162.37,14.2
ORD0000497,CUS0000022,1460.28,28.5
ORD0000498,CUS0000073,4027.09,17.15
ORD0000499,CUS0000036,3770.93,24.58
ORD0000500,CUS0000057,510.13,26.49
ORD0000501,CUS0000047,14272.13,16.04
ORD0000502,CUS0000005,1191.96,22.99
ORD0000503,CUS0000007,10359.01,25.18
ORD0000504,CUS0000086,5141.97,12.37
ORD0000505,CUS0000093,4658.3,17.78
ORD0000506,CUS0000066,14388.86,8.24
ORD0000507,CUS0000010,4783.64,8.67
ORD0000508,CUS0000043,4873.35,3.84
ORD0000509,CUS0000040,3633.91,26.38
ORD0000510,CUS0000058,2452.71,21.25
ORD0000511,CUS0000048,3613.54,1.08
ORD0000512,CUS0000001,4764.46,19.38
ORD0000513,CUS0000024,4044.81,25.68
ORD0000514,CUS0000076,2299.55,18.11
ORD0000515,CUS0000065,704.97,16.89
ORD0000516,CUS0000065,1599.75,11.35
ORD0000517,CUS0000011,10768.15,26.88
ORD0000518,CUS0000003,11279.74,16.31
ORD0000519,CUS0000027,3360.8,4.3
ORD0000520,CUS0000044,14033.81,23.21
ORD0000521,CUS0000089,14123.49,10.58
ORD0000522,CUS0000080,1193.12,27.65
ORD0000523,CUS0000043,4277.84,4.27
ORD0000524,CUS0000021,9115.32,9.9
ORD0000525,CUS0000081,602.76,0.0
ORD0000526,CUS0000090,6183.52,7.02
ORD0000527,CUS0000004,1084.58,22.7
ORD0000528,CUS0000028,3942.1,22.26
ORD0000529,CUS0000041,5445.34,25.14
ORD0000530,CUS0000086,14942.77,10.52
ORD0000531,CUS0000091,6531.92,25.96
ORD0000532,CUS0000085,2759.13,5.73
ORD0000533,CUS0000030,2392.17,1.38
ORD0000534,CUS0000013,6640.63,17.8
ORD0000535,CUS0000059,10484.56,27.64
ORD0000536,CUS0000079,1672.23,25.47
ORD0000537,CUS0000071,2288.39,12.47
ORD0000538,CUS0000053,2581.89,24.93
ORD0000539,CUS0000029,957.14,16.84
ORD0000540,CUS0000082,9071.18,20.85
ORD0000541,CUS0000091,14134.28,5.48
ORD0000542,CUS0000041,10428.7,0.84
ORD0000543,CUS0000045,7186.12,4.13
ORD0000544,CUS0000032,1111.89,7.34
ORD0000545,CUS0000063,6813.93,7.44
ORD0000546,CUS0000031,2444.84,24.8
ORD0000547,CUS0000059,12005.6,5.85
ORD0000548,CUS0000059,12542.88,23.25
ORD0000549,CUS0000065,3840.62,24.41
ORD0000550,CUS0000062,680.2,14.01
ORD0000551,CUS0000021,7710.46,5.76
ORD0000552,CUS0000018,3590.35,5.13
ORD0000553,CUS0000086,13202.52,13.01
ORD0000554,CUS0000054,1303.4,29.42
ORD0000555,CUS0000084,1451.78,15.3
ORD0000556,CUS0000053,524.43,25.3
ORD0000557,CUS0000057,817.6,17.52
ORD0000558,CUS0000002,3752.53,15.22
ORD0000559,CUS0000022,3928.23,17.25
ORD0000560,CUS0000054,3852.17,28.1
ORD0000561,CUS0000021,5874.23,18.7
ORD0000562,CUS0000030,2715.45,11.38
ORD0000563,CUS0000021,14941.68,27.73
ORD0000564,CUS0000043,2123.09,6.25
ORD0000565,CUS0000023,4731.63,14.35
ORD0000566,CUS0000041,13269.33,21.31
ORD0000567,CUS0000096,6571.63,11.75
ORD0000568,CUS0000016,3073.29,20.42
ORD0000569,CUS0000097,4047.71,15.86
ORD0000570,CUS0000094,1436.72,8.0
ORD0000571,CUS0000083,1067.45,9.14
ORD0000572,CUS0000072,1836.86,2.28
ORD0000573,CUS0000030,4490.95,10.6
ORD0000574,CUS0000005,3767.5,20.28
ORD0000575,CUS0000041,7715.63,19.65
ORD0000576,CUS0000006,3240.0,12.09
ORD0000577,CUS0000042,1376.78,19.82
ORD0000578,CUS0000034,10417.83,2.2
ORD0000579,CUS0000031,920.84,3.02
ORD0000580,CUS0000094,3366.89,15.45
ORD0000581,CUS0000095,4523.02,17.41
ORD0000582,CUS0000072,896.96,10.13
ORD0000583,CUS0000035,1933.35,26.99
ORD0000584,CUS0000065,4298.13,27.94
ORD0000585,CUS0000073,3339.62,19.52
ORD0000586,CUS0000077,2628.91,18.44
ORD0000587,CUS0000009,12123.67,24.69
ORD0000588,CUS0000078,1539.77,5.11
ORD0000589,CUS0000013,8099.88,10.53
ORD0000590,CUS0000069,4866.87,27.85
ORD0000591,CUS0000075,2289.87,26.13
ORD0000592,CUS0000067,14946.8,24.48
ORD0000593,CUS0000092,9555.41,21.37
ORD0000594,CUS0000094,4816.58,22.24
ORD0000595,CUS0000057,517.82,27.69
ORD0000596,CUS0000057,2913.05,1.38
ORD0000597,CUS0000076,2472.65,5.31
ORD0000598,CUS0000016,1120.09,29.63
ORD0000599,CUS0000044,5609.98,22.74
ORD0000600,CUS0000100,4263.85,8.7
ORD0000601,CUS0000074,4562.95,0.04
ORD0000602,CUS0000058,630.71,20.64
ORD0000603,CUS0000021,9967.53,16.03
ORD0000604,CUS0000013,6438.57,14.11
ORD0000605,CUS0000097,2856.59,12.43
ORD0000606,CUS0000009,8212.86,27.94
ORD0000607,CUS0000021,10662.72,14.46
ORD0000608,CUS0000044,8262.89,17.01
ORD0000609,CUS0000055,4751.54,23.34
ORD0000610,CUS0000011,10854.95,16.63
ORD0000611,CUS0000092,10064.96,3.87
ORD0000612,CUS0000092,8136.54,25.3
ORD0000613,CUS0000039,12136.36,1.82
ORD0000614,CUS0000088,8042.91,22.13
ORD0000615,CUS0000087,2522.55,11.37
ORD0000616,CUS0000003,5481.01,0.39
ORD0000617,CUS0000014,1369.43,25.2
ORD0000618,CUS0000016,3205.03,17.49
ORD0000619,CUS0000079,2817.41,2.44
ORD0000620,CUS0000098,9850.65,20.7
ORD0000621,CUS0000086,14434.87,1.08
ORD0000622,CUS0000018,1428.75,25.53
ORD0000623,CUS0000061,10479.11,10.86
ORD0000624,CUS0000033,14339.27,17.15
ORD0000625,CUS0000077,1857.64,9.64
ORD0000626,CUS0000077,2113.82,2.66
ORD0000627,CUS0000091,6482.19,5.31
ORD0000628,CUS0000023,2156.87,1.64
ORD0000629,CUS0000062,3965.62,14.36
ORD0000630,CUS0000083,1430.77,25.5
ORD0000631,CUS0000025,14152.36,29.32
ORD0000632,CUS0000007,7678.61,5.67
ORD0000633,CUS0000096,13620.07,7.06
ORD0000634,CUS0000056,1043.86,28.1
ORD0000635,CUS0000055,3948.38,27.23
ORD0000636,CUS0000051,8660.72,14.07
ORD0000637,CUS0000099,8066.94,13.12
ORD0000638,CUS0000052,3403.86,4.49
ORD0000639,CUS0000061,11282.75,8.15
ORD0000640,CUS0000098,9613.55,16.06
ORD0000641,CUS0000015,3376.38,24.2
ORD0000642,CUS0000054,1974.36,17.62
ORD0000643,CUS0000055,3480.17,29.67
ORD0000644,CUS0000037,4662.16,18.32
ORD0000645,CUS0000055,3979.28,0.94
ORD0000646,CUS0000092,11853.5,21.31
ORD0000647,CUS0000032,1634.9,22.57
ORD0000648,CUS0000039,13452.08,9.19
ORD0000649,CUS0000063,10150.19,8.84
ORD0000650,CUS0000057,1965.37,25.3
ORD0000651,CUS0000011,12724.94,17.61
ORD0000652,CUS0000007,13346.2,29.86
ORD0000653,CUS0000097,1997.04,28.73
ORD0000654,CUS0000008,3794.65,23.65
ORD0000655,CUS0000016,999.21,10.04
ORD0000656,CUS0000086,13068.36,15.7
ORD0000657,CUS0000089,5659.81,10.33
ORD0000658,CUS0000067,12946.53,3.27
ORD0000659,CUS0000060,2155.38,15.63
ORD0000660,CUS0000050,12401.85,27.7
ORD0000661,CUS0000008,2509.39,22.67
ORD0000662,CUS0000030,4328.52,15.05
ORD0000663,CUS0000041,8804.15,8.74
ORD0000664,CUS0000063,6328.63,3.97
ORD0000665,CUS0000088,13422.46,2.44
ORD0000666,CUS0000023,3713.99,19.17
ORD0000667,CUS0000045,14098.52,15.34
ORD0000668,CUS0000071,1057.35,4.57
ORD0000669,CUS0000002,3443.48,26.77
ORD0000670,CUS0000076,3184.06,16.14
ORD0000671,CUS0000066,9649.95,9.76
ORD0000672,CUS0000055,1693.93,15.76
ORD0000673,CUS0000052,4155.1,12.21
ORD0000674,CUS0000011,13265.33,5.8
ORD0000675,CUS0000036,3452.78,29.6
ORD0000676,CUS0000049,4092.48,2.43
ORD0000677,CUS0000056,1010.2,28.94
ORD0000678,CUS0000015,1644.74,21.03
ORD0000679,CUS0000061,5950.69,15.34
ORD0000680,CUS0000069,2943.91,23.52
ORD0000681,CUS0000070,2678.73,1.47
ORD0000682,CUS0000047,9969.1,1.37
ORD0000683,CUS0000026,3330.76,3.15
ORD0000684,CUS0000006,1241.55,24.34
ORD0000685,CUS0000027,4021.9,9.63
ORD0000686,CUS0000050,9140.05,11.35
ORD0000687,CUS0000012,10159.18,9.74
ORD0000688,CUS0000052,3197.01,28.02
ORD0000689,CUS0000022,2568.91,26.72
ORD0000690,CUS0000049,2595.13,23.19
ORD0000691,CUS0000044,13472.28,3.93
ORD0000692,CUS0000018,4370.66,0.09
ORD0000693,CUS0000001,882.29,9.3
ORD0000694,CUS0000022,4924.21,13.38
ORD0000695,CUS0000026,3607.59,21.49
ORD0000696,CUS0000017,4687.76,19.6
ORD0000697,CUS0000083,3231.46,3.88
ORD0000698,CUS0000096,12694.02,20.53
ORD0000699,CUS0000070,1090.37,14.19
ORD0000700,CUS0000070,1597.58,24.45
ORD0000701,CUS0000046,3047.2,7.59
ORD0000702,CUS0000053,2101.69,23.58
ORD0000703,CUS0000008,4842.9,4.97
ORD0000704,CUS0000028,3630.99,21.64
ORD0000705,CUS0000027,2668.82,13.64
ORD0000706,CUS0000041,13127.45,12.64
ORD0000707,CUS0000031,2775.53,10.28
ORD0000708,CUS0000061,5429.17,5.67
ORD0000709,CUS0000055,4534.72,13.49
ORD0000710,CUS0000059,6537.55,5.32
ORD0000711,CUS0000001,3710.2,2.86
ORD0000712,CUS0000007,14562.45,29.78
ORD0000713,CUS0000088,10004.99,29.88
ORD0000714,CUS0000045,6661.65,5.19
ORD0000715,CUS0000057,4599.41,1.9
ORD0000716,CUS0000044,14552.27,4.81
ORD0000717,CUS0000040,2798.76,19.29
ORD0000718,CUS0000022,2951.09,11.97
ORD0000719,CUS0000074,4917.12,26.17
ORD0000720,CUS0000045,11403.55,5.74
ORD0000721,CUS0000075,756.37,29.5
ORD0000722,CUS0000033,13686.66,18.82
ORD0000723,CUS0000045,11271.63,6.6
ORD0000724,CUS0000074,4828.26,17.44
ORD0000725,CUS0000046,1660.6,18.03
ORD0000726,CUS0000093,4039.48,7.21
ORD0000727,CUS0000061,10879.6,27.1
ORD0000728,CUS0000007,8637.48,13.49
ORD0000729,CUS0000075,1846.43,7.3
ORD0000730,CUS0000053,1764.87,15.2
ORD0000731,CUS0000015,4787.74,12.76
ORD0000732,CUS0000098,12283.53,16.33
ORD0000733,CUS0000054,958.94,16.85
ORD0000734,CUS0000045,8178.37,5.1
ORD0000735,CUS0000013,6256.23,19.1
ORD0000736,CUS0000092,13074.41,6.37
ORD0000737,CUS0000032,4657.44,18.41
ORD0000738,CUS0000004,3838.01,21.7
ORD0000739,CUS0000082,5761.75,28.19
ORD0000740,CUS0000040,1513.46,21.95
ORD0000741,CUS0000008,3480.55,22.44
ORD0000742,CUS0000041,9469.77,5.03
ORD0000743,CUS0000042,3705.54,18.82
ORD0000744,CUS0000037,2360.11,19.15
ORD0000745,CUS0000072,3321.7,21.34
ORD0000746,CUS0000027,2862.83,5.56
ORD0000747,CUS0000043,4749.78,10.82
ORD0000748,CUS0000008,3684.3,6.7
ORD0000749,CUS0000080,4200.05,29.91
ORD0000750,CUS0000062,1197.24,4.05
ORD0000751,CUS0000002,917.19,24.57
ORD0000752,CUS0000077,3947.18,12.25
ORD0000753,CUS0000099,7262.15,12.42
ORD0000754,CUS0000025,10287.93,28.35
ORD0000755,CUS0000033,14152.59,1.66
ORD0000756,CUS0000063,12579.68,5.3
ORD0000757,CUS0000031,1260.59,12.39
ORD0000758,CUS0000071,3322.98,12.1
ORD0000759,CUS0000085,4072.85,16.29
ORD0000760,CUS0000076,2127.34,11.06
ORD0000761,CUS0000080,2099.63,29.33
ORD0000762,CUS0000066,10895.97,16.92
ORD0000763,CUS0000032,2579.21,11.21
ORD0000764,CUS0000089,5150.65,29.42
ORD0000765,CUS0000006,2181.97,23.87
ORD0000766,CUS0000048,1872.2,9.67
ORD0000767,CUS0000052,4416.52,14.03
ORD0000768,CUS0000041,13743.79,11.55
ORD0000769,CUS0000097,3611.71,17.0
ORD0000770,CUS0000050,7661.38,3.7
ORD0000771,CUS0000093,4470.55,4.32
ORD0000772,CUS0000029,4687.26,15.68
ORD0000773,CUS0000087,2251.15,15.3
ORD0000774,CUS0000052,4567.94,28.83
ORD0000775,CUS0000006,3364.91,1.72
ORD0000776,CUS0000071,2833.52,17.49
ORD0000777,CUS0000082,8007.29,19.94
ORD0000778,CUS0000052,3390.21,6.43
ORD0000779,CUS0000096,7743.15,5.49
ORD0000780,CUS0000047,6977.9,2.86
ORD0000781,CUS0000065,3096.54,20.5
ORD0000782,CUS0000075,2576.68,23.45
ORD0000783,CUS0000056,2116.75,10.98
ORD0000784,CUS0000003,14044.41,11.36
ORD0000785,CUS0000022,2808.88,8.49
ORD0000786,CUS0000089,12195.73,24.01
ORD0000787,CUS0000100,1321.81,28.47
ORD0000788,CUS0000010,1127.08,11.22
ORD0000789,CUS0000053,4134.79,28.22
ORD0000790,CUS0000047,9084.52,29.21
ORD0000791,CUS0000041,10367.84,6.63
ORD0000792,CUS0000063,6980.73,22.15
ORD0000793,CUS0000044,10093.18,1.0
ORD0000794,CUS0000034,6539.5,1.3
ORD0000795,CUS0000098,8394.85,8.53
ORD0000796,CUS0000088,10541.99,13.43
ORD0000797,CUS0000056,875.17,21.97
ORD0000798,CUS0000024,2606.84,2.1
ORD0000799,CUS0000020,6120.37,16.86
ORD0000800,CUS0000017,4415.08,7.68
ORD0000801,CUS0000066,8122.03,16.52
ORD0000802,CUS0000029,3801.81,21.85
ORD0000803,CUS0000046,3949.83,17.98
ORD0000804,CUS0000039,14672.27,0.75
ORD0000805,CUS0000071,3287.19,20.97
ORD0000806,CUS0000092,8710.34,24.17
ORD0000807,CUS0000005,1185.28,6.78
ORD0000808,CUS0000043,2019.07,4.94
ORD0000809,CUS0000080,4598.44,26.74
ORD0000810,CUS0000064,2065.9,6.61
ORD0000811,CUS0000099,9182.46,17.73
ORD0000812,CUS0000080,4782.87,11.53
ORD0000813,CUS0000057,1635.63,5.89
ORD0000814,CUS0000094,932.52,21.37
ORD0000815,CUS0000075,3240.91,17.66
ORD0000816,CUS0000048,2326.5,16.61
ORD0000817,CUS0000086,7894.94,15.68
ORD0000818,CUS0000013,7816.46,1.46
ORD0000819,CUS0000024,4103.92,19.26
ORD0000820,CUS0000002,882.74,21.16
ORD0000821,CUS0000070,1880.09,1.86
ORD0000822,CUS0000003,10696.27,1.43
ORD0000823,CUS0000031,909.38,28.57
ORD0000824,CUS0000083,829.71,22.86
ORD0000825,CUS0000036,734.98,24.92
ORD0000826,CUS0000021,9936.84,0.38
ORD0000827,CUS0000082,10120.36,22.95
ORD0000828,CUS0000084,1410.09,22.82
ORD0000829,CUS0000094,2852.49,10.12
ORD0000830,CUS0000048,2963.49,13.22
ORD0000831,CUS0000080,582.44,2.56
ORD0000832,CUS0000021,12342.91,23.0
ORD0000833,CUS0000048,824.64,13.38
ORD0000834,CUS0000011,7500.16,24.46
ORD0000835,CUS0000077,847.52,1.4
ORD0000836,CUS0000080,3941.46,12.17
ORD0000837,CUS0000075,2658.04,0.5
ORD0000838,CUS0000093,2178.8,27.94
ORD0000839,CUS0000081,3897.21,16.52
ORD0000840,CUS0000063,11543.27,25.74
ORD0000841,CUS0000085,3073.76,12.49
ORD0000842,CUS0000090,8229.82,28.48
ORD0000843,CUS0000026,1984.17,6.52
ORD0000844,CUS0000022,2543.1,28.92
ORD0000845,CUS0000078,1545.18,18.36
ORD0000846,CUS0000081,4523.02,23.55
ORD0000847,CUS0000088,7170.25,9.08
ORD0000848,CUS0000013,11836.28,17.84
ORD0000849,CUS0000065,2551.08,21.08
ORD0000850,CUS0000034,14372.87,17.67
ORD0000851,CUS0000044,14461.97,14.49
ORD0000852,CUS0000028,4726.07,14.78
ORD0000853,CUS0000037,4784.56,0.4
ORD0000854,CUS0000054,1840.12,6.07
ORD0000855,CUS0000017,814.76,25.74
ORD0000856,CUS0000026,2714.65,21.04
ORD0000857,CUS0000043,3475.6,4.65
ORD0000858,CUS0000017,1031.3,13.27
ORD0000859,CUS0000051,5663.96,16.18
ORD0000860,CUS0000010,1469.09,17.64
ORD0000861,CUS0000099,10966.99,12.3
ORD0000862,CUS0000086,7052.14,4.98
ORD0000863,CUS0000011,12826.77,14.9
ORD0000864,CUS0000062,3441.08,14.73
ORD0000865,CUS0000073,3224.76,21.4
ORD0000866,CUS0000039,12735.09,19.42
ORD0000867,CUS0000022,620.9,9.22
ORD0000868,CUS0000013,10756.84,12.87
ORD0000869,CUS0000043,1407.09,20.56
ORD0000870,CUS0000003,7467.27,26.31
ORD0000871,CUS0000007,7979.08,11.12
ORD0000872,CUS0000050,6059.94,2.19
ORD0000873,CUS0000023,3569.79,8.21
ORD0000874,CUS0000014,2031.26,22.75
ORD0000875,CUS0000065,546.82,20.4
ORD0000876,CUS0000080,2117.33,10.79
ORD0000877,CUS0000025,5535.51,28.18
ORD0000878,CUS0000094,4935.92,2.6
ORD0000879,CUS0000022,3654.63,14.22
ORD0000880,CUS0000090,8681.46,16.68
ORD0000881,CUS0000050,11278.57,5.53
ORD0000882,CUS0000036,4770.0,21.03
ORD0000883,CUS0000040,3277.31,27.53
ORD0000884,CUS0000055,2777.99,22.88
ORD0000885,CUS0000039,14639.15,19.81
ORD0000886,CUS0000071,540.55,13.87
ORD0000887,CUS0000067,9053.57,12.9
ORD0000888,CUS0000093,3453.9,18.95
ORD0000889,CUS0000031,4647.91,23.8
ORD0000890,CUS0000097,4163.65,18.29
ORD0000891,CUS0000094,985.74,28.37
ORD0000892,CUS0000035,4559.27,25.57
ORD0000893,CUS0000051,14773.19,8.35
ORD0000894,CUS0000049,763.3,20.35
ORD0000895,CUS0000085,1489.66,20.62
ORD0000896,CUS0000033,10569.0,19.8
ORD0000897,CUS0000033,5785.27,24.68
ORD0000898,CUS0000041,13043.46,26.74
ORD0000899,CUS0000033,7349.4,29.53
ORD0000900,CUS0000089,5440.36,29.42
ORD0000901,CUS0000052,723.95,12.56
ORD0000902,CUS0000096,11935.08,8.43
ORD0000903,CUS0000080,4533.58,1.94
ORD0000904,CUS0000074,3684.81,23.42
ORD0000905,CUS0000066,9518.72,24.47
ORD0000906,CUS0000010,2036.47,13.46
ORD0000907,CUS0000032,2817.08,28.29
ORD0000908,CUS0000011,8714.06,12.94
ORD0000909,CUS0000038,2626.67,21.31
ORD0000910,CUS0000085,2844.76,7.67
ORD0000911,CUS0000069,2664.41,17.48
ORD0000912,CUS0000025,14852.81,5.83
ORD0000913,CUS0000089,12494.86,29.88
ORD0000914,CUS0000075,2058.08,1.1
ORD0000915,CUS0000015,1674.36,3.23
ORD0000916,CUS0000074,1871.09,1.11
ORD0000917,CUS0000034,14863.09,6.46
ORD0000918,CUS0000006,3824.03,25.92
ORD0000919,CUS0000017,3282.9,22.57
ORD0000920,CUS0000087,4671.19,22.11
ORD0000921,CUS0000035,1848.83,11.97
ORD0000922,CUS0000090,6348.01,2.94
ORD0000923,CUS0000098,9386.07,29.64
ORD0000924,CUS0000059,12168.61,7.49
ORD0000925,CUS0000021,10262.02,15.87
ORD0000926,CUS0000005,1331.45,25.44
ORD0000927,CUS0000100,744.84,5.5
ORD0000928,CUS0000015,2939.61,26.84
ORD0000929,CUS0000007,14963.8,24.78
ORD0000930,CUS0000045,11912.98,0.25
ORD0000931,CUS0000099,8001.66,10.24
ORD0000932,CUS0000030,2905.03,9.27
ORD0000933,CUS0000028,536.38,13.85
ORD0000934,CUS0000080,3077.02,3.95
ORD0000935,CUS0000062,2240.52,7.99
ORD0000936,CUS0000080,645.39,25.29
ORD0000937,CUS0000076,4710.17,0.22
ORD0000938,CUS0000029,2285.65,9.41
ORD0000939,CUS0000055,4819.87,19.34
ORD0000940,CUS0000008,2884.67,7.28
ORD0000941,CUS0000071,1102.25,4.19
ORD0000942,CUS0000065,4731.14,16.4
ORD0000943,CUS0000079,2252.32,2.92
ORD0000944,CUS0000016,3743.29,8.14
ORD0000945,CUS0000083,3587.04,4.78
ORD0000946,CUS0000086,14213.96,28.91
ORD0000947,CUS0000088,8864.32,0.81
ORD0000948,CUS0000076,1731.08,4.24
ORD0000949,CUS0000016,3702.57,0.27
ORD0000950,CUS0000035,1052.0,8.12
ORD0000951,CUS0000038,3285.37,26.67
ORD0000952,CUS0000043,1624.48,20.73
ORD0000953,CUS0000003,6384.25,28.02
ORD0000954,CUS0000092,14734.67,23.2
ORD0000955,CUS0000041,6065.98,16.76
ORD0000956,CUS0000051,11663.6,28.8
ORD0000957,CUS0000061,13697.74,21.37
ORD0000958,CUS0000046,770.02,29.99
ORD0000959,CUS0000052,2089.03,24.48
ORD0000960,CUS0000048,4572.54,2.39
ORD0000961,CUS0000045,12061.75,8.61
ORD0000962,CUS0000047,12363.89,7.19
ORD0000963,CUS0000064,809.76,15.7
ORD0000964,CUS0000023,917.09,13.12
ORD0000965,CUS0000060,1557.98,11.92
ORD0000966,CUS0000004,1112.51,14.29
ORD0000967,CUS0000071,2990.75,26.93
ORD0000968,CUS0000041,14704.1,21.26
ORD0000969,CUS0000055,737.94,21.65
ORD0000970,CUS0000049,3264.3,25.07
ORD0000971,CUS0000078,1254.36,14.74
ORD0000972,CUS0000072,4601.9,13.61
ORD0000973,CUS0000062,536.89,12.44
ORD0000974,CUS0000018,3782.32,26.81
ORD0000975,CUS0000054,2890.18,18.12
ORD0000976,CUS0000050,6866.76,4.59
ORD0000977,CUS0000096,6890.8,29.51
ORD0000978,CUS0000097,3741.92,21.03
ORD0000979,CUS0000018,3359.22,23.05
ORD0000980,CUS0000059,7850.31,6.09
ORD0000981,CUS0000002,2828.27,14.25
ORD0000982,CUS0000060,4614.43,17.25
ORD0000983,CUS0000042,2996.14,20.25
ORD0000984,CUS0000030,3441.77,13.22
ORD0000985,CUS0000020,6670.25,27.56
ORD0000986,CUS0000062,3623.8,15.42
ORD0000987,CUS0000054,2467.06,22.99
ORD0000988,CUS0000098,7598.94,26.62
ORD0000989,CUS0000035,3873.0,7.63
ORD0000990,CUS0000071,3986.85,28.17
ORD0000991,CUS0000099,9345.67,14.64
ORD0000992,CUS0000058,3147.02,23.2
ORD0000993,CUS0000030,3471.36,10.68
ORD0000994,CUS0000085,2367.64,6.89
ORD0000995,CUS0000071,4551.37,19.4
ORD0000996,CUS0000054,3580.43,27.26
ORD0000997,CUS0000040,3515.58,7.25
ORD0000998,CUS0000005,4498.25,7.22
ORD0000999,CUS0000041,9979.75,23.17
ORD0001000,CUS0000052,1486.09,22.99
