CUSTOMER_ID,CUSTOMER_TYPE,CUSTOMER_LIMIT,ORDER_AMOUNT
CUS0000001,STANDARD,1150.06,100.0
CUS0000002,PREMIUM,12413.6,8580.91
CUS0000003,STANDARD,1178.78,303.64
CUS0000004,STANDARD,2193.03,1261.9
CUS0000005,STANDARD,4535.59,2529.93
CUS0000006,PREMIUM,12585.12,3911.46
CUS0000007,PREMIUM,9692.76,1195.27
CUS0000008,PREMIUM,11829.81,8096.43
CUS0000009,STANDARD,6838.69,2547.99
CUS0000010,PREMIUM,11948.16,8479.24
CUS0000011,PREMIUM,7366.6,1701.23
CUS0000012,STANDARD,2396.75,187.1
CUS0000013,STANDARD,3188.99,854.76
CUS0000014,STANDARD,6619.93,3774.09
CUS0000015,STANDARD,5374.76,1031.71
CUS0000016,PREMIUM,12120.0,6121.78
CUS0000017,PREMIUM,13208.0,2970.59
CUS0000018,STANDARD,2606.45,1088.5
CUS0000019,PREMIUM,9517.42,5214.03
CUS0000020,PREMIUM,10670.81,2792.25
CUS0000021,STANDARD,2576.45,1709.78
CUS0000022,STANDARD,2315.92,1858.27
CUS0000023,STANDARD,1282.7,354.17
CUS0000024,PREMIUM,10377.28,1380.82
CUS0000025,PREMIUM,11232.91,9119.7
CUS0000026,STANDARD,5324.33,3110.16
CUS0000027,STANDARD,4845.77,797.73
CUS0000028,STANDARD,6722.9,4557.47
CUS0000029,STANDARD,2071.91,1901.33
CUS0000030,STANDARD,4833.7,2196.71
CUS0000031,PREMIUM,11315.03,7328.98
CUS0000032,STANDARD,2944.94,763.74
CUS0000033,PREMIUM,13653.32,3862.27
CUS0000034,PREMIUM,14575.6,2317.47
CUS0000035,STANDARD,5563.61,3167.32
CUS0000036,STANDARD,4298.82,1599.92
CUS0000037,STANDARD,2270.79,1314.25
CUS0000038,STANDARD,2870.3,2436.37
CUS0000039,STANDARD,4105.46,482.99
CUS0000040,STANDARD,4529.85,902.87
CUS0000041,STANDARD,4786.62,1651.18
CUS0000042,PREMIUM,7566.86,2186.33
CUS0000043,STANDARD,1793.87,1425.16
CUS0000044,STANDARD,5707.72,3487.46
CUS0000045,STANDARD,3586.31,1389.01
CUS0000046,PREMIUM,12386.92,9370.65
CUS0000047,STANDARD,3035.82,1883.36
CUS0000048,STANDARD,3691.68,1237.93
CUS0000049,STANDARD,6539.59,3043.83
CUS0000050,STANDARD,1303.53,1378.2
CUS0000051,PREMIUM,14410.94,9668.76
CUS0000052,STANDARD,2282.48,427.64
CUS0000053,STANDARD,6911.85,2258.39
CUS0000054,STANDARD,3538.04,3220.15
CUS0000055,STANDARD,5310.45,903.18
CUS0000056,PREMIUM,11633.44,5826.64
CUS0000057,STANDARD,4505.07,2388.99
CUS0000058,STANDARD,6764.67,741.64
CUS0000059,STANDARD,5051.28,956.67
CUS0000060,PREMIUM,8969.72,4749.22
CUS0000061,STANDARD,4502.03,2532.42
CUS0000062,STANDARD,5297.15,1310.55
CUS0000063,STANDARD,2799.98,1151.57
CUS0000064,STANDARD,3749.71,3491.81
CUS0000065,STANDARD,2278.93,1084.21
CUS0000066,PREMIUM,14034.16,4691.36
CUS0000067,PREMIUM,12628.32,7157.19
CUS0000068,STANDARD,1046.94,502.89
CUS0000069,STANDARD,6633.58,902.37
CUS0000070,STANDARD,4319.34,1360.22
CUS0000071,PREMIUM,8628.78,4457.75
CUS0000072,STANDARD,6432.02,4045.01
CUS0000073,STANDARD,2660.08,543.73
CUS0000074,STANDARD,2571.73,1643.23
CUS0000075,STANDARD,1058.02,544.64
CUS0000076,PREMIUM,11364.72,7858.44
CUS0000077,STANDARD,1764.67,956.23
CUS0000078,PREMIUM,13885.62,9836.13
CUS0000079,STANDARD,1616.76,1428.69
CUS0000080,STANDARD,4723.97,1413.35
CUS0000081,PREMIUM,14809.65,10000.0
CUS0000082,STANDARD,5419.39,2232.92
CUS0000083,PREMIUM,13912.51,9053.75
CUS0000084,PREMIUM,7864.77,5946.64
CUS0000085,STANDARD,5899.52,2296.04
CUS0000086,PREMIUM,8820.76,721.32
CUS0000087,STANDARD,6186.12,4584.64
CUS0000088,STANDARD,3398.07,2709.83
CUS0000089,PREMIUM,7922.73,5852.6
CUS0000090,PREMIUM,9123.73,1539.26
CUS0000091,PREMIUM,9509.42,4997.65
CUS0000092,STANDARD,4459.53,1449.9
CUS0000093,STANDARD,6553.45,3344.88
CUS0000094,PREMIUM,12365.03,3959.0
CUS0000095,STANDARD,2981.2,1301.23
CUS0000096,PREMIUM,9402.58,2884.3
CUS0000097,STANDARD,2773.93,445.0
CUS0000098,PREMIUM,12418.54,9205.44
CUS0000099,STANDARD,4287.62,216.89
CUS0000100,STANDARD,4479.91,2466.09
CUS0000101,STANDARD,2282.21,1385.34
CUS0000102,PREMIUM,8357.53,1347.28
CUS0000103,STANDARD,3011.13,2277.32
CUS0000104,STANDARD,2347.84,100.0
CUS0000105,STANDARD,3850.82,2248.44
CUS0000106,STANDARD,4778.59,1324.6
CUS0000107,STANDARD,2463.91,883.46
CUS0000108,PREMIUM,13160.37,2223.09
CUS0000109,STANDARD,6747.8,2671.55
CUS0000110,STANDARD,6090.02,2856.32
CUS0000111,STANDARD,6927.35,4030.21
CUS0000112,PREMIUM,11901.22,7187.07
CUS0000113,PREMIUM,11382.98,8530.98
CUS0000114,STANDARD,2555.15,835.39
CUS0000115,PREMIUM,11170.4,5792.36
CUS0000116,STANDARD,2714.37,607.42
CUS0000117,STANDARD,1830.24,673.26
CUS0000118,PREMIUM,7513.83,2937.84
CUS0000119,STANDARD,2241.01,1288.02
CUS0000120,STANDARD,5173.14,3885.3
CUS0000121,STANDARD,1035.38,611.96
CUS0000122,PREMIUM,14627.44,6000.71
CUS0000123,STANDARD,4619.52,894.52
CUS0000124,STANDARD,1174.15,572.82
CUS0000125,STANDARD,1990.27,477.82
CUS0000126,STANDARD,1161.8,501.01
CUS0000127,STANDARD,4856.5,908.67
CUS0000128,STANDARD,3274.62,639.48
CUS0000129,PREMIUM,10033.01,6616.67
CUS0000130,STANDARD,1491.44,208.8
CUS0000131,PREMIUM,9799.68,5721.04
CUS0000132,STANDARD,5525.4,3924.79
CUS0000133,STANDARD,1914.29,530.02
CUS0000134,STANDARD,2307.79,1627.63
CUS0000135,STANDARD,4643.48,2509.97
CUS0000136,PREMIUM,14717.77,2111.14
CUS0000137,STANDARD,5064.08,3799.65
CUS0000138,PREMIUM,7607.97,4565.96
CUS0000139,STANDARD,5634.89,4017.82
CUS0000140,STANDARD,6903.07,4319.32
CUS0000141,STANDARD,3223.43,1305.22
CUS0000142,PREMIUM,13578.65,2821.81
CUS0000143,STANDARD,5972.24,3489.66
CUS0000144,PREMIUM,14723.79,4564.22
CUS0000145,STANDARD,3900.99,1810.55
CUS0000146,STANDARD,6110.28,3750.89
CUS0000147,PREMIUM,8950.91,3917.12
CUS0000148,STANDARD,1172.2,497.3
CUS0000149,STANDARD,5786.99,2337.7
CUS0000150,PREMIUM,9210.15,1434.52
CUS0000151,STANDARD,5320.45,2609.83
CUS0000152,STANDARD,4875.42,2455.55
CUS0000153,STANDARD,2329.58,1167.27
CUS0000154,STANDARD,3839.56,1736.41
CUS0000155,PREMIUM,9646.33,5481.53
CUS0000156,STANDARD,1723.94,100.0
CUS0000157,STANDARD,5573.14,996.0
CUS0000158,STANDARD,5347.51,4215.08
CUS0000159,STANDARD,1603.16,105.64
CUS0000160,STANDARD,1084.89,288.43
CUS0000161,PREMIUM,11426.87,6347.48
CUS0000162,PREMIUM,10927.03,7842.13
CUS0000163,STANDARD,3642.81,385.78
CUS0000164,PREMIUM,10821.83,7210.65
CUS0000165,STANDARD,4776.67,306.12
CUS0000166,STANDARD,2823.01,1864.84
CUS0000167,PREMIUM,11850.54,7470.24
CUS0000168,STANDARD,3703.09,1878.08
CUS0000169,PREMIUM,9443.04,5159.0
CUS0000170,PREMIUM,14580.72,3289.89
CUS0000171,STANDARD,1942.34,100.0
CUS0000172,STANDARD,3703.02,1700.79
CUS0000173,STANDARD,5241.73,3057.61
CUS0000174,STANDARD,6543.47,4388.0
CUS0000175,STANDARD,6602.01,2669.5
CUS0000176,STANDARD,6450.47,3948.97
CUS0000177,STANDARD,2845.67,1845.67
CUS0000178,STANDARD,1746.12,1216.11
CUS0000179,PREMIUM,11003.78,4484.35
CUS0000180,STANDARD,3592.17,920.07
CUS0000181,STANDARD,6771.47,4714.81
CUS0000182,PREMIUM,14996.58,8326.52
CUS0000183,STANDARD,5537.61,2529.09
CUS0000184,PREMIUM,8451.91,4442.98
CUS0000185,STANDARD,1547.45,364.97
CUS0000186,STANDARD,6146.4,2227.29
CUS0000187,STANDARD,6671.16,4516.41
CUS0000188,STANDARD,2887.1,1412.22
CUS0000189,STANDARD,4087.58,3393.73
CUS0000190,STANDARD,3479.49,666.61
CUS0000191,PREMIUM,12003.27,7289.55
CUS0000192,STANDARD,6566.04,2868.54
CUS0000193,STANDARD,6838.88,3337.99
CUS0000194,STANDARD,4305.03,1687.93
CUS0000195,PREMIUM,14303.44,5668.01
CUS0000196,PREMIUM,10987.0,6618.9
CUS0000197,STANDARD,6008.34,4467.32
CUS0000198,STANDARD,3301.52,2468.89
CUS0000199,PREMIUM,13912.22,4371.48
CUS0000200,STANDARD,6605.49,3328.8
CUS0000201,STANDARD,2791.34,1924.88
CUS0000202,STANDARD,1891.57,747.41
CUS0000203,STANDARD,4260.58,1605.86
CUS0000204,STANDARD,5184.99,2327.4
CUS0000205,PREMIUM,7349.18,4771.23
CUS0000206,PREMIUM,10088.63,6016.61
CUS0000207,PREMIUM,10962.63,1382.64
CUS0000208,STANDARD,6218.2,4367.25
CUS0000209,STANDARD,3741.57,2176.29
CUS0000210,STANDARD,1926.17,1294.84
CUS0000211,STANDARD,5156.23,3212.88
CUS0000212,PREMIUM,13874.74,4894.91
CUS0000213,PREMIUM,13075.21,8828.03
CUS0000214,STANDARD,4786.97,4062.04
CUS0000215,PREMIUM,10471.77,1902.54
CUS0000216,PREMIUM,10549.43,6583.29
CUS0000217,STANDARD,5776.86,1638.85
CUS0000218,STANDARD,4187.0,2369.9
CUS0000219,STANDARD,1473.81,1165.51
CUS0000220,STANDARD,6476.97,1257.73
CUS0000221,STANDARD,2531.96,574.48
CUS0000222,PREMIUM,12420.89,2557.36
CUS0000223,STANDARD,4525.43,2400.88
CUS0000224,STANDARD,6071.82,1338.6
CUS0000225,STANDARD,2423.23,1287.27
CUS0000226,PREMIUM,9361.85,7503.17
CUS0000227,STANDARD,4395.57,2794.36
CUS0000228,STANDARD,4638.44,2480.83
CUS0000229,STANDARD,5793.16,2893.41
CUS0000230,STANDARD,4725.35,2935.34
CUS0000231,STANDARD,6030.02,3658.25
CUS0000232,STANDARD,2853.6,1245.49
CUS0000233,PREMIUM,7721.07,2614.59
CUS0000234,STANDARD,1792.96,1327.78
CUS0000235,STANDARD,6480.92,4172.62
CUS0000236,PREMIUM,10854.78,7460.02
CUS0000237,STANDARD,1691.02,949.65
CUS0000238,PREMIUM,13881.12,8905.11
CUS0000239,PREMIUM,13436.7,5074.72
CUS0000240,STANDARD,4219.43,1938.03
CUS0000241,STANDARD,4507.36,3485.88
CUS0000242,STANDARD,2402.93,666.62
CUS0000243,STANDARD,6491.54,1218.28
CUS0000244,PREMIUM,14275.1,4355.46
CUS0000245,STANDARD,6677.57,2083.07
CUS0000246,STANDARD,6323.56,1186.52
CUS0000247,STANDARD,5458.84,4079.76
CUS0000248,PREMIUM,8236.18,2814.58
CUS0000249,STANDARD,3448.7,2174.64
CUS0000250,STANDARD,3660.3,3157.0
CUS0000251,STANDARD,5114.08,2938.36
CUS0000252,STANDARD,3388.84,411.31
CUS0000253,PREMIUM,10637.74,6140.73
CUS0000254,STANDARD,1128.14,477.71
CUS0000255,STANDARD,4387.47,914.62
CUS0000256,STANDARD,2295.71,1455.73
CUS0000257,STANDARD,6403.19,1011.43
CUS0000258,STANDARD,1779.95,164.8
CUS0000259,STANDARD,1154.68,417.46
CUS0000260,STANDARD,2942.63,205.58
CUS0000261,PREMIUM,11208.68,6947.66
CUS0000262,PREMIUM,11105.9,1962.23
CUS0000263,PREMIUM,7346.92,5129.69
CUS0000264,STANDARD,3748.26,2465.05
CUS0000265,STANDARD,3409.7,1968.81
CUS0000266,PREMIUM,7587.93,1296.21
CUS0000267,STANDARD,2650.1,1487.77
CUS0000268,STANDARD,6967.77,3238.25
CUS0000269,STANDARD,1595.07,1295.87
CUS0000270,STANDARD,5613.78,3109.05
CUS0000271,STANDARD,2370.96,753.11
CUS0000272,STANDARD,1570.52,791.33
CUS0000273,STANDARD,1915.83,996.51
CUS0000274,PREMIUM,7745.84,1536.96
CUS0000275,PREMIUM,11450.97,5907.6
CUS0000276,STANDARD,1733.39,767.73
CUS0000277,PREMIUM,13944.74,8901.38
CUS0000278,STANDARD,3109.88,1281.81
CUS0000279,STANDARD,2345.47,757.6
CUS0000280,STANDARD,5575.63,3105.46
CUS0000281,PREMIUM,14796.37,10000.0
CUS0000282,STANDARD,1157.52,1198.02
CUS0000283,STANDARD,2082.5,1041.59
CUS0000284,STANDARD,1036.63,801.19
CUS0000285,STANDARD,1851.25,536.29
CUS0000286,PREMIUM,8721.06,3275.97
CUS0000287,STANDARD,5329.58,3498.7
CUS0000288,STANDARD,1315.65,394.37
CUS0000289,STANDARD,2632.62,1468.77
CUS0000290,STANDARD,2639.0,1272.32
CUS0000291,STANDARD,2699.48,1538.67
CUS0000292,STANDARD,1272.5,578.66
CUS0000293,STANDARD,2808.52,333.37
CUS0000294,STANDARD,2968.73,559.95
CUS0000295,STANDARD,3281.24,1944.63
CUS0000296,PREMIUM,13449.6,2385.29
CUS0000297,STANDARD,1112.45,1190.68
CUS0000298,STANDARD,4440.4,2567.06
CUS0000299,STANDARD,1125.14,669.62
CUS0000300,STANDARD,5992.16,4045.33
CUS0000301,PREMIUM,8946.53,4606.46
CUS0000302,STANDARD,2861.65,799.33
CUS0000303,STANDARD,4062.9,740.54
CUS0000304,PREMIUM,9795.0,6285.72
CUS0000305,PREMIUM,8890.15,1497.62
CUS0000306,STANDARD,5561.29,2785.11
CUS0000307,PREMIUM,10952.94,7139.55
CUS0000308,STANDARD,6544.93,3375.98
CUS0000309,STANDARD,6185.48,2985.25
CUS0000310,STANDARD,3653.25,914.39
CUS0000311,STANDARD,4044.02,1235.02
CUS0000312,STANDARD,5990.18,1285.01
CUS0000313,PREMIUM,11920.07,5385.72
CUS0000314,STANDARD,5750.91,4131.3
CUS0000315,PREMIUM,12214.7,3946.25
CUS0000316,STANDARD,1371.24,635.6
CUS0000317,STANDARD,5285.89,2068.04
CUS0000318,STANDARD,3626.55,1500.91
CUS0000319,STANDARD,3237.11,873.51
CUS0000320,STANDARD,4587.32,3140.34
CUS0000321,STANDARD,1567.04,684.98
CUS0000322,PREMIUM,12252.51,9372.01
CUS0000323,STANDARD,4496.44,744.61
CUS0000324,PREMIUM,12587.84,4807.56
CUS0000325,PREMIUM,9476.66,3738.09
CUS0000326,PREMIUM,12360.93,8647.56
CUS0000327,STANDARD,4158.36,2219.73
CUS0000328,STANDARD,3175.59,432.46
CUS0000329,PREMIUM,10890.17,2453.55
CUS0000330,STANDARD,6066.57,1307.04
CUS0000331,PREMIUM,14069.46,1615.47
CUS0000332,PREMIUM,8048.39,2589.48
CUS0000333,PREMIUM,13168.78,8440.3
CUS0000334,STANDARD,3465.15,1724.63
CUS0000335,STANDARD,2709.57,1639.63
CUS0000336,STANDARD,2856.81,1871.76
CUS0000337,PREMIUM,9942.73,8070.65
CUS0000338,STANDARD,2690.63,1015.76
CUS0000339,PREMIUM,13535.13,8583.51
CUS0000340,STANDARD,4847.07,3505.08
CUS0000341,STANDARD,6075.35,4012.39
CUS0000342,PREMIUM,9182.33,6384.56
CUS0000343,STANDARD,6678.48,1656.99
CUS0000344,STANDARD,1160.02,161.25
CUS0000345,STANDARD,6967.15,2053.35
CUS0000346,PREMIUM,13713.41,7901.95
CUS0000347,STANDARD,2721.28,2048.81
CUS0000348,STANDARD,5233.22,1671.91
CUS0000349,STANDARD,2535.54,1784.32
CUS0000350,PREMIUM,11222.17,1783.75
CUS0000351,STANDARD,1286.5,800.62
CUS0000352,STANDARD,1665.15,1318.3
CUS0000353,STANDARD,4092.25,745.85
CUS0000354,STANDARD,4688.86,1175.03
CUS0000355,STANDARD,1513.68,751.77
CUS0000356,STANDARD,4043.97,3256.3
CUS0000357,STANDARD,3820.81,2563.26
CUS0000358,STANDARD,1097.45,560.3
CUS0000359,PREMIUM,12026.06,7932.48
CUS0000360,STANDARD,1266.01,923.99
CUS0000361,STANDARD,5674.86,2608.54
CUS0000362,STANDARD,5868.99,1122.32
CUS0000363,STANDARD,2760.66,100.0
CUS0000364,STANDARD,6600.23,3530.3
CUS0000365,STANDARD,2519.88,1271.83
CUS0000366,STANDARD,5685.05,3845.9
CUS0000367,STANDARD,3208.12,2561.63
CUS0000368,PREMIUM,10093.16,7885.08
CUS0000369,STANDARD,6545.86,3335.11
CUS0000370,PREMIUM,7631.42,4303.79
CUS0000371,STANDARD,2927.27,617.71
CUS0000372,STANDARD,4615.73,2028.12
CUS0000373,STANDARD,1254.13,741.77
CUS0000374,PREMIUM,9196.44,7676.48
CUS0000375,STANDARD,4825.08,2010.71
CUS0000376,STANDARD,6716.74,1450.56
CUS0000377,PREMIUM,7278.39,1348.9
CUS0000378,STANDARD,3297.13,1744.0
CUS0000379,STANDARD,6692.94,2675.28
CUS0000380,STANDARD,4176.76,1730.98
CUS0000381,STANDARD,1680.69,1032.62
CUS0000382,STANDARD,4370.04,998.08
CUS0000383,STANDARD,6978.19,2509.26
CUS0000384,STANDARD,1735.82,1161.87
CUS0000385,PREMIUM,10560.89,1887.02
CUS0000386,PREMIUM,9556.7,2844.78
CUS0000387,STANDARD,6347.99,4629.71
CUS0000388,PREMIUM,12101.6,7942.41
CUS0000389,STANDARD,2205.88,725.4
CUS0000390,STANDARD,4324.13,1852.73
CUS0000391,STANDARD,4671.69,558.4
CUS0000392,PREMIUM,12750.96,6236.45
CUS0000393,PREMIUM,7590.01,6067.6
CUS0000394,STANDARD,5080.65,2111.28
CUS0000395,PREMIUM,12118.35,3221.66
CUS0000396,STANDARD,6464.27,521.33
CUS0000397,STANDARD,1987.94,857.13
CUS0000398,STANDARD,6645.42,5173.49
CUS0000399,STANDARD,4810.34,1961.02
CUS0000400,STANDARD,4200.87,1566.59
CUS0000401,PREMIUM,8233.55,4840.58
CUS0000402,STANDARD,6055.18,3319.72
CUS0000403,STANDARD,1272.77,775.54
CUS0000404,STANDARD,5601.75,2332.7
CUS0000405,STANDARD,4762.98,1898.74
CUS0000406,STANDARD,5828.13,3174.8
CUS0000407,STANDARD,1359.48,538.54
CUS0000408,STANDARD,4639.96,1697.62
CUS0000409,PREMIUM,13886.22,10000.0
CUS0000410,STANDARD,4369.91,1379.62
CUS0000411,STANDARD,2487.51,207.54
CUS0000412,STANDARD,4692.26,1650.0
CUS0000413,STANDARD,2964.61,1308.01
CUS0000414,PREMIUM,10986.12,5055.75
CUS0000415,STANDARD,1139.06,873.02
CUS0000416,PREMIUM,8721.16,2577.01
CUS0000417,STANDARD,6294.04,3482.55
CUS0000418,STANDARD,6083.03,2825.7
CUS0000419,PREMIUM,13110.85,4570.09
CUS0000420,STANDARD,2167.93,629.87
CUS0000421,STANDARD,5586.42,2141.58
CUS0000422,STANDARD,1712.87,1234.32
CUS0000423,PREMIUM,9712.68,7610.03
CUS0000424,STANDARD,4054.74,1370.16
CUS0000425,STANDARD,2998.24,1251.09
CUS0000426,STANDARD,4093.03,1462.03
CUS0000427,STANDARD,6943.69,4087.13
CUS0000428,STANDARD,5969.74,3030.27
CUS0000429,STANDARD,5894.49,2283.15
CUS0000430,PREMIUM,11669.62,7900.76
CUS0000431,STANDARD,1159.88,968.39
CUS0000432,PREMIUM,13209.3,6883.43
CUS0000433,STANDARD,2023.07,1212.84
CUS0000434,PREMIUM,8182.21,4248.69
CUS0000435,PREMIUM,7879.16,706.06
CUS0000436,STANDARD,5143.0,2266.67
CUS0000437,PREMIUM,13982.54,8162.75
CUS0000438,STANDARD,2244.05,897.23
CUS0000439,STANDARD,2882.52,1049.82
CUS0000440,STANDARD,3125.72,2222.61
CUS0000441,STANDARD,5159.88,2411.8
CUS0000442,STANDARD,4348.52,1592.25
CUS0000443,STANDARD,2734.02,875.08
CUS0000444,STANDARD,3092.82,2626.12
CUS0000445,STANDARD,1731.24,872.8
CUS0000446,PREMIUM,13547.02,10000.0
CUS0000447,STANDARD,2725.78,1481.56
CUS0000448,STANDARD,2538.66,807.29
CUS0000449,STANDARD,6598.14,3512.49
CUS0000450,STANDARD,4520.98,1389.24
CUS0000451,STANDARD,4827.67,573.46
CUS0000452,PREMIUM,7804.36,4496.35
CUS0000453,STANDARD,6574.6,2965.17
CUS0000454,PREMIUM,10819.59,3056.5
CUS0000455,STANDARD,4875.39,3175.58
CUS0000456,STANDARD,4210.91,2989.25
CUS0000457,PREMIUM,8400.52,5703.76
CUS0000458,PREMIUM,14977.37,5655.28
CUS0000459,PREMIUM,14697.05,10000.0
CUS0000460,STANDARD,4407.77,1254.84
CUS0000461,STANDARD,6934.6,3324.67
CUS0000462,PREMIUM,13808.48,5597.52
CUS0000463,STANDARD,1974.97,589.2
CUS0000464,STANDARD,5419.71,3609.76
CUS0000465,PREMIUM,8403.96,6273.95
CUS0000466,PREMIUM,11122.25,1956.78
CUS0000467,STANDARD,1843.67,350.04
CUS0000468,STANDARD,2413.13,1968.59
CUS0000469,STANDARD,5337.3,730.14
CUS0000470,STANDARD,1372.75,100.0
CUS0000471,STANDARD,4015.12,3120.87
CUS0000472,STANDARD,1704.49,1058.56
CUS0000473,STANDARD,2314.77,101.09
CUS0000474,PREMIUM,11845.91,4682.07
CUS0000475,STANDARD,4225.11,2105.03
CUS0000476,STANDARD,5528.44,3513.67
CUS0000477,STANDARD,5222.6,871.96
CUS0000478,STANDARD,4285.9,2017.82
CUS0000479,STANDARD,2968.71,994.43
CUS0000480,STANDARD,4498.89,746.66
CUS0000481,PREMIUM,10627.46,4837.71
CUS0000482,STANDARD,3774.27,2732.57
CUS0000483,STANDARD,5898.72,3747.69
CUS0000484,STANDARD,3067.17,937.73
CUS0000485,PREMIUM,7552.15,5223.36
CUS0000486,STANDARD,5613.83,4049.17
CUS0000487,STANDARD,3522.17,2682.6
CUS0000488,PREMIUM,14254.14,5356.3
CUS0000489,STANDARD,4235.8,2209.12
CUS0000490,STANDARD,4223.55,2213.73
CUS0000491,STANDARD,1020.84,100.0
CUS0000492,STANDARD,4266.67,2338.74
CUS0000493,STANDARD,3076.96,1338.82
CUS0000494,PREMIUM,7902.76,5187.49
CUS0000495,PREMIUM,14070.05,1267.18
CUS0000496,STANDARD,1201.46,826.18
CUS0000497,STANDARD,5443.25,1811.41
CUS0000498,STANDARD,6182.38,866.4
CUS0000499,STANDARD,5894.72,3426.84
CUS0000500,STANDARD,5035.19,1435.51
CUS0000501,STANDARD,4961.27,1064.28
CUS0000502,STANDARD,6691.12,5201.08
CUS0000503,STANDARD,3563.2,2064.81
CUS0000504,PREMIUM,12370.74,7860.5
CUS0000505,STANDARD,1895.31,943.4
CUS0000506,STANDARD,6096.05,2100.49
CUS0000507,PREMIUM,14317.93,7536.12
CUS0000508,STANDARD,1804.56,190.57
CUS0000509,STANDARD,6533.36,4120.04
CUS0000510,PREMIUM,8523.85,2627.89
CUS0000511,STANDARD,6241.72,1707.99
CUS0000512,PREMIUM,11470.8,5365.88
CUS0000513,STANDARD,6742.12,1183.74
CUS0000514,PREMIUM,7938.53,6327.37
CUS0000515,STANDARD,4626.41,1540.08
CUS0000516,STANDARD,5653.08,2105.3
CUS0000517,STANDARD,2569.37,1176.55
CUS0000518,STANDARD,6887.91,3292.19
CUS0000519,PREMIUM,9965.64,3946.64
CUS0000520,STANDARD,1875.54,964.68
CUS0000521,STANDARD,3505.47,554.4
CUS0000522,STANDARD,6000.18,2851.76
CUS0000523,STANDARD,2543.96,2183.97
CUS0000524,STANDARD,3943.57,1153.74
CUS0000525,STANDARD,5321.88,2768.22
CUS0000526,STANDARD,4850.86,218.34
CUS0000527,PREMIUM,14561.5,8531.64
CUS0000528,STANDARD,6055.27,1793.67
CUS0000529,STANDARD,4034.4,1575.22
CUS0000530,STANDARD,4699.12,2047.21
CUS0000531,STANDARD,4309.86,496.16
CUS0000532,STANDARD,6864.88,1082.02
CUS0000533,STANDARD,5837.01,3907.97
CUS0000534,STANDARD,1893.38,470.17
CUS0000535,PREMIUM,9138.6,3325.87
CUS0000536,STANDARD,4390.01,3207.85
CUS0000537,STANDARD,6087.2,3752.53
CUS0000538,PREMIUM,7748.0,2884.48
CUS0000539,STANDARD,1056.7,232.3
CUS0000540,STANDARD,5706.26,3188.83
CUS0000541,STANDARD,4168.96,252.49
CUS0000542,PREMIUM,14100.43,5649.94
CUS0000543,STANDARD,6553.51,4844.41
CUS0000544,STANDARD,6572.6,2565.62
CUS0000545,STANDARD,5513.53,3200.34
CUS0000546,STANDARD,1974.7,864.52
CUS0000547,STANDARD,6379.15,2374.83
CUS0000548,STANDARD,6930.87,4207.24
CUS0000549,PREMIUM,7429.57,3354.8
CUS0000550,STANDARD,5614.03,4210.53
CUS0000551,PREMIUM,7237.01,2600.94
CUS0000552,STANDARD,3134.87,2310.59
CUS0000553,STANDARD,4964.03,912.79
CUS0000554,PREMIUM,12704.87,1654.31
CUS0000555,PREMIUM,12071.21,7273.77
CUS0000556,STANDARD,1031.17,185.55
CUS0000557,STANDARD,1795.04,363.81
CUS0000558,STANDARD,3448.27,262.13
CUS0000559,STANDARD,4588.26,1386.06
CUS0000560,STANDARD,3326.8,931.06
CUS0000561,PREMIUM,14825.38,7087.79
CUS0000562,STANDARD,1833.04,562.82
CUS0000563,STANDARD,3608.06,1408.59
CUS0000564,STANDARD,2510.2,809.35
CUS0000565,STANDARD,2173.29,184.72
CUS0000566,PREMIUM,9657.74,5462.61
CUS0000567,STANDARD,3008.42,2377.66
CUS0000568,PREMIUM,8089.0,3071.88
CUS0000569,STANDARD,2885.1,2705.26
CUS0000570,STANDARD,5169.75,2369.72
CUS0000571,STANDARD,3256.33,2079.71
CUS0000572,STANDARD,4383.1,2300.99
CUS0000573,STANDARD,4300.59,3260.62
CUS0000574,PREMIUM,10507.64,3386.44
CUS0000575,PREMIUM,13365.25,5163.62
CUS0000576,STANDARD,2452.13,1591.04
CUS0000577,PREMIUM,7591.72,6003.19
CUS0000578,STANDARD,4039.68,3198.34
CUS0000579,STANDARD,5744.33,2415.61
CUS0000580,STANDARD,4829.08,1039.13
CUS0000581,STANDARD,3130.05,1274.9
CUS0000582,PREMIUM,12419.78,4968.88
CUS0000583,PREMIUM,10443.64,880.21
CUS0000584,STANDARD,4112.79,2157.8
CUS0000585,STANDARD,3346.81,2232.69
CUS0000586,STANDARD,3069.8,100.0
CUS0000587,STANDARD,6770.37,1667.8
CUS0000588,STANDARD,2871.34,909.19
CUS0000589,STANDARD,3856.98,1765.46
CUS0000590,STANDARD,2801.58,1484.1
CUS0000591,PREMIUM,12183.76,6657.8
CUS0000592,PREMIUM,8951.3,1648.37
CUS0000593,STANDARD,6750.78,1675.77
CUS0000594,STANDARD,4842.87,1478.42
CUS0000595,STANDARD,2183.95,1012.57
CUS0000596,PREMIUM,8646.28,5726.73
CUS0000597,STANDARD,1610.51,831.04
CUS0000598,STANDARD,3745.3,1424.98
CUS0000599,STANDARD,4834.65,2615.07
CUS0000600,STANDARD,3087.55,2253.52
CUS0000601,PREMIUM,12647.91,4012.71
CUS0000602,STANDARD,1803.69,134.56
CUS0000603,STANDARD,5160.62,2279.62
CUS0000604,STANDARD,3302.26,895.11
CUS0000605,STANDARD,4871.56,3951.82
CUS0000606,STANDARD,1841.78,540.75
CUS0000607,STANDARD,3154.24,100.0
CUS0000608,PREMIUM,14710.63,6670.75
CUS0000609,STANDARD,3493.78,2392.16
CUS0000610,STANDARD,1185.16,541.99
CUS0000611,STANDARD,4225.65,877.44
CUS0000612,PREMIUM,13127.36,5977.46
CUS0000613,STANDARD,5650.68,3688.41
CUS0000614,PREMIUM,7332.88,4470.18
CUS0000615,PREMIUM,7819.33,5576.7
CUS0000616,STANDARD,6995.88,2750.56
CUS0000617,PREMIUM,10512.56,8641.22
CUS0000618,STANDARD,5864.22,2850.45
CUS0000619,PREMIUM,12062.17,2246.92
CUS0000620,STANDARD,2241.66,168.12
CUS0000621,STANDARD,4232.61,1586.24
CUS0000622,STANDARD,2604.06,2309.92
CUS0000623,STANDARD,1571.35,1501.82
CUS0000624,PREMIUM,14939.89,10000.0
CUS0000625,PREMIUM,8997.42,5708.73
CUS0000626,PREMIUM,12409.88,5570.3
CUS0000627,STANDARD,3485.35,1584.91
CUS0000628,PREMIUM,7744.76,3348.01
CUS0000629,PREMIUM,9952.57,7442.78
CUS0000630,STANDARD,5644.81,3690.67
CUS0000631,STANDARD,4984.86,1311.8
CUS0000632,STANDARD,2306.98,636.37
CUS0000633,STANDARD,5970.06,2086.43
CUS0000634,STANDARD,3912.03,1515.06
CUS0000635,STANDARD,1597.45,995.88
CUS0000636,STANDARD,6145.91,2013.74
CUS0000637,PREMIUM,8618.55,4648.03
CUS0000638,STANDARD,1953.86,1245.1
CUS0000639,STANDARD,2502.34,1305.37
CUS0000640,STANDARD,3378.05,1259.66
CUS0000641,STANDARD,4932.91,2424.27
CUS0000642,STANDARD,1796.2,644.0
CUS0000643,STANDARD,5173.58,3964.68
CUS0000644,STANDARD,1793.05,151.27
CUS0000645,PREMIUM,7819.42,2878.09
CUS0000646,STANDARD,5640.76,3171.09
CUS0000647,PREMIUM,8142.82,3346.64
CUS0000648,STANDARD,3640.6,2333.2
CUS0000649,STANDARD,3470.26,2374.78
CUS0000650,STANDARD,1602.79,1094.06
CUS0000651,STANDARD,6779.49,1810.3
CUS0000652,STANDARD,1505.49,833.75
CUS0000653,STANDARD,5673.82,3657.62
CUS0000654,STANDARD,2809.9,1308.89
CUS0000655,PREMIUM,9364.34,1692.05
CUS0000656,PREMIUM,10959.1,1960.39
CUS0000657,STANDARD,4169.72,3757.56
CUS0000658,PREMIUM,8055.86,5728.18
CUS0000659,STANDARD,5097.65,3685.89
CUS0000660,PREMIUM,7133.52,812.76
CUS0000661,STANDARD,1362.81,895.85
CUS0000662,STANDARD,4006.29,1767.48
CUS0000663,STANDARD,4219.39,2018.95
CUS0000664,STANDARD,4067.83,1293.44
CUS0000665,STANDARD,3344.39,2153.89
CUS0000666,STANDARD,1396.69,1052.71
CUS0000667,PREMIUM,7463.25,1131.21
CUS0000668,STANDARD,4652.99,1714.38
CUS0000669,PREMIUM,7955.54,4939.27
CUS0000670,STANDARD,6718.1,3414.32
CUS0000671,PREMIUM,8335.7,1855.33
CUS0000672,STANDARD,6318.49,3573.2
CUS0000673,PREMIUM,9175.84,1540.16
CUS0000674,STANDARD,1462.42,472.35
CUS0000675,STANDARD,4401.32,1328.07
CUS0000676,STANDARD,4443.47,2420.9
CUS0000677,STANDARD,1264.23,634.63
CUS0000678,STANDARD,3297.88,1107.42
CUS0000679,PREMIUM,11422.92,8690.92
CUS0000680,STANDARD,2930.81,1367.35
CUS0000681,STANDARD,1467.32,531.69
CUS0000682,PREMIUM,8434.75,6073.96
CUS0000683,PREMIUM,7551.41,2995.93
CUS0000684,PREMIUM,9618.41,4193.71
CUS0000685,STANDARD,4382.84,1493.39
CUS0000686,STANDARD,4550.15,2299.03
CUS0000687,STANDARD,6402.66,3793.77
CUS0000688,STANDARD,3460.22,756.8
CUS0000689,PREMIUM,14017.59,10000.0
CUS0000690,STANDARD,6094.04,3315.53
CUS0000691,STANDARD,2429.01,639.4
CUS0000692,PREMIUM,12693.22,2517.16
CUS0000693,PREMIUM,11158.07,6462.37
CUS0000694,PREMIUM,7679.22,915.21
CUS0000695,PREMIUM,7598.64,3715.11
CUS0000696,PREMIUM,8894.17,2329.33
CUS0000697,PREMIUM,12605.8,7567.44
CUS0000698,STANDARD,1448.12,630.24
CUS0000699,STANDARD,1932.46,381.65
CUS0000700,STANDARD,4215.55,2975.72
CUS0000701,STANDARD,2590.05,134.03
CUS0000702,STANDARD,5958.32,3042.72
CUS0000703,PREMIUM,9622.35,1324.83
CUS0000704,STANDARD,4080.76,2102.64
CUS0000705,PREMIUM,7248.66,2728.98
CUS0000706,PREMIUM,8998.82,4114.27
CUS0000707,STANDARD,1071.74,1212.7
CUS0000708,STANDARD,5942.04,2272.81
CUS0000709,STANDARD,4493.94,1576.33
CUS0000710,STANDARD,1386.83,958.24
CUS0000711,STANDARD,6430.47,4207.8
CUS0000712,STANDARD,3765.97,893.33
CUS0000713,PREMIUM,10159.99,1408.89
CUS0000714,STANDARD,2288.3,308.47
CUS0000715,PREMIUM,7277.2,3627.61
CUS0000716,STANDARD,3471.95,1246.55
CUS0000717,STANDARD,1823.42,821.58
CUS0000718,STANDARD,4784.53,3459.9
CUS0000719,PREMIUM,13255.33,4702.16
CUS0000720,STANDARD,6476.06,2813.46
CUS0000721,STANDARD,2913.27,1133.74
CUS0000722,PREMIUM,7468.73,5960.14
CUS0000723,PREMIUM,14996.85,10000.0
CUS0000724,STANDARD,2599.16,2162.33
CUS0000725,STANDARD,6978.35,2116.13
CUS0000726,PREMIUM,9838.44,7108.71
CUS0000727,STANDARD,4555.12,3223.81
CUS0000728,PREMIUM,7225.65,4713.53
CUS0000729,STANDARD,4378.65,1502.82
CUS0000730,PREMIUM,10937.81,3450.47
CUS0000731,STANDARD,2395.74,632.97
CUS0000732,STANDARD,6507.38,1198.93
CUS0000733,PREMIUM,14350.25,9739.6
CUS0000734,STANDARD,4519.66,3628.21
CUS0000735,PREMIUM,13885.36,10000.0
CUS0000736,PREMIUM,10164.76,1537.12
CUS0000737,STANDARD,1945.02,1778.0
CUS0000738,PREMIUM,12193.44,3174.98
CUS0000739,STANDARD,6573.07,4001.61
CUS0000740,STANDARD,2052.11,834.45
CUS0000741,STANDARD,5372.99,4554.48
CUS0000742,STANDARD,6965.7,4935.18
CUS0000743,STANDARD,6526.23,4793.55
CUS0000744,STANDARD,6620.13,1559.11
CUS0000745,STANDARD,6894.28,1884.97
CUS0000746,STANDARD,5253.79,3262.43
CUS0000747,STANDARD,2591.27,279.56
CUS0000748,STANDARD,1648.21,100.0
CUS0000749,PREMIUM,14752.81,10000.0
CUS0000750,STANDARD,4276.14,710.71
CUS0000751,PREMIUM,12207.76,6755.52
CUS0000752,STANDARD,6074.57,1680.18
CUS0000753,PREMIUM,7593.6,1539.02
CUS0000754,PREMIUM,11376.37,7882.92
CUS0000755,STANDARD,4681.87,1581.26
CUS0000756,PREMIUM,8319.98,5671.01
CUS0000757,STANDARD,2233.3,717.53
CUS0000758,PREMIUM,12839.79,3449.66
CUS0000759,STANDARD,1297.81,989.07
CUS0000760,STANDARD,3164.97,1058.4
CUS0000761,STANDARD,4601.29,629.0
CUS0000762,STANDARD,2750.87,776.63
CUS0000763,STANDARD,3384.8,1658.37
CUS0000764,STANDARD,4264.76,1363.9
CUS0000765,STANDARD,3674.65,1009.79
CUS0000766,STANDARD,2611.37,626.05
CUS0000767,STANDARD,1514.24,557.28
CUS0000768,PREMIUM,11717.81,6053.48
CUS0000769,PREMIUM,10349.06,5281.25
CUS0000770,STANDARD,6289.92,2304.9
CUS0000771,PREMIUM,12714.45,6140.66
CUS0000772,PREMIUM,12420.28,6255.09
CUS0000773,PREMIUM,8383.03,7086.86
CUS0000774,PREMIUM,8009.49,3662.94
CUS0000775,STANDARD,6983.62,4098.69
CUS0000776,STANDARD,6464.83,4350.48
CUS0000777,STANDARD,3384.13,887.17
CUS0000778,STANDARD,6240.8,4183.23
CUS0000779,STANDARD,3517.56,1020.43
CUS0000780,STANDARD,5550.26,4630.67
CUS0000781,STANDARD,1605.94,517.84
CUS0000782,STANDARD,3465.34,1261.28
CUS0000783,STANDARD,1224.79,100.0
CUS0000784,STANDARD,5161.97,1045.91
CUS0000785,STANDARD,2425.48,1929.54
CUS0000786,PREMIUM,7161.86,4617.04
CUS0000787,STANDARD,3949.72,1918.0
CUS0000788,PREMIUM,8075.08,6257.45
CUS0000789,PREMIUM,9155.36,3732.08
CUS0000790,STANDARD,2268.34,1776.11
CUS0000791,PREMIUM,13937.51,9419.08
CUS0000792,STANDARD,2866.74,939.32
CUS0000793,PREMIUM,14034.66,1380.62
CUS0000794,PREMIUM,13695.81,3717.91
CUS0000795,PREMIUM,12637.07,4010.8
CUS0000796,STANDARD,4812.46,429.1
CUS0000797,STANDARD,4564.26,1394.28
CUS0000798,STANDARD,3098.56,1059.01
CUS0000799,PREMIUM,12510.8,3634.16
CUS0000800,STANDARD,4433.55,3795.07
CUS0000801,STANDARD,5066.17,1370.38
CUS0000802,STANDARD,5681.82,3129.93
CUS0000803,PREMIUM,12178.97,5851.26
CUS0000804,STANDARD,5830.51,2296.77
CUS0000805,STANDARD,3542.84,1136.65
CUS0000806,STANDARD,3800.19,2505.76
CUS0000807,STANDARD,1613.87,901.6
CUS0000808,PREMIUM,9993.84,5637.04
CUS0000809,STANDARD,1648.63,726.89
CUS0000810,STANDARD,6168.95,1955.69
CUS0000811,PREMIUM,9390.33,2190.03
CUS0000812,PREMIUM,13443.44,8994.95
CUS0000813,STANDARD,5084.53,3231.02
CUS0000814,PREMIUM,9075.41,3454.87
CUS0000815,STANDARD,5248.41,2316.38
CUS0000816,PREMIUM,8778.91,4448.25
CUS0000817,PREMIUM,12374.95,5977.51
CUS0000818,PREMIUM,14011.96,2775.45
CUS0000819,STANDARD,2551.91,1962.08
CUS0000820,STANDARD,5078.27,1290.23
CUS0000821,STANDARD,5465.26,2009.43
CUS0000822,STANDARD,2563.36,1135.18
CUS0000823,STANDARD,6198.36,3596.18
CUS0000824,STANDARD,6336.56,3221.07
CUS0000825,STANDARD,2790.13,738.84
CUS0000826,STANDARD,2201.78,920.25
CUS0000827,PREMIUM,10660.57,3642.71
CUS0000828,PREMIUM,10900.65,5581.96
CUS0000829,STANDARD,1028.28,560.91
CUS0000830,STANDARD,5586.9,2736.91
CUS0000831,STANDARD,4686.88,2450.44
CUS0000832,PREMIUM,10066.53,971.9
CUS0000833,STANDARD,1084.46,686.27
CUS0000834,STANDARD,5060.49,2474.81
CUS0000835,STANDARD,3066.1,466.88
CUS0000836,STANDARD,2002.12,1153.02
CUS0000837,STANDARD,5366.99,2615.03
CUS0000838,PREMIUM,14963.78,5487.77
CUS0000839,STANDARD,2130.56,2045.23
CUS0000840,STANDARD,2370.51,1074.89
CUS0000841,PREMIUM,11717.54,2424.41
CUS0000842,STANDARD,1224.18,629.34
CUS0000843,STANDARD,1291.52,1190.38
CUS0000844,STANDARD,1118.45,568.64
CUS0000845,STANDARD,4283.69,1504.01
CUS0000846,STANDARD,4781.87,1647.78
CUS0000847,STANDARD,2619.86,1009.82
CUS0000848,PREMIUM,7839.31,4345.91
CUS0000849,STANDARD,1637.58,100.0
CUS0000850,STANDARD,4138.88,1201.62
CUS0000851,STANDARD,1236.43,260.93
CUS0000852,PREMIUM,9644.83,1154.6
CUS0000853,PREMIUM,13681.86,7424.76
CUS0000854,STANDARD,4070.23,2069.86
CUS0000855,STANDARD,2386.96,1686.65
CUS0000856,STANDARD,1598.85,100.0
CUS0000857,STANDARD,5809.58,2091.19
CUS0000858,STANDARD,5549.22,1085.17
CUS0000859,STANDARD,2023.07,646.33
CUS0000860,STANDARD,6270.85,1350.07
CUS0000861,STANDARD,3404.67,2405.74
CUS0000862,STANDARD,6104.03,4177.08
CUS0000863,PREMIUM,7904.45,4201.08
CUS0000864,PREMIUM,8275.16,3328.15
CUS0000865,PREMIUM,12427.15,2699.25
CUS0000866,STANDARD,1172.9,1017.79
CUS0000867,PREMIUM,8045.24,5600.84
CUS0000868,STANDARD,1275.83,175.46
CUS0000869,PREMIUM,12423.43,7993.73
CUS0000870,STANDARD,6867.37,3745.09
CUS0000871,STANDARD,5203.48,1028.97
CUS0000872,STANDARD,3074.5,1647.82
CUS0000873,PREMIUM,11466.75,8629.97
CUS0000874,STANDARD,1941.56,1699.69
CUS0000875,PREMIUM,7598.92,3115.98
CUS0000876,PREMIUM,7402.81,2037.66
CUS0000877,STANDARD,2410.0,1316.75
CUS0000878,STANDARD,6139.54,2154.02
CUS0000879,STANDARD,4920.24,757.88
CUS0000880,STANDARD,1001.02,268.0
CUS0000881,STANDARD,2827.59,995.77
CUS0000882,STANDARD,6702.13,1929.11
CUS0000883,STANDARD,3726.76,1953.72
CUS0000884,STANDARD,4943.0,2585.46
CUS0000885,PREMIUM,8773.98,3303.82
CUS0000886,PREMIUM,9335.87,4546.91
CUS0000887,STANDARD,1984.93,610.5
CUS0000888,PREMIUM,7855.69,3832.18
CUS0000889,PREMIUM,10143.17,4540.86
CUS0000890,PREMIUM,7862.13,3493.87
CUS0000891,PREMIUM,11710.49,7451.09
CUS0000892,STANDARD,6737.14,1307.49
CUS0000893,STANDARD,1291.43,1313.48
CUS0000894,STANDARD,4050.0,2693.7
CUS0000895,STANDARD,5382.97,909.46
CUS0000896,STANDARD,6296.18,2736.06
CUS0000897,PREMIUM,14327.28,8852.25
CUS0000898,PREMIUM,14763.93,5789.81
CUS0000899,STANDARD,5200.09,3043.24
CUS0000900,PREMIUM,13885.66,8743.47
CUS0000901,STANDARD,2205.33,974.66
CUS0000902,STANDARD,5034.24,4111.71
CUS0000903,PREMIUM,11031.15,6286.84
CUS0000904,STANDARD,3113.43,1428.9
CUS0000905,STANDARD,3504.87,2526.7
CUS0000906,STANDARD,6083.81,4073.41
CUS0000907,STANDARD,1871.96,765.38
CUS0000908,PREMIUM,8287.48,2242.03
CUS0000909,PREMIUM,12524.76,4093.67
CUS0000910,STANDARD,5884.16,1378.56
CUS0000911,PREMIUM,13918.73,8686.55
CUS0000912,STANDARD,5705.84,3548.79
CUS0000913,STANDARD,6558.91,2891.95
CUS0000914,PREMIUM,9501.23,4135.19
CUS0000915,STANDARD,4723.37,3424.47
CUS0000916,PREMIUM,14291.89,8626.16
CUS0000917,PREMIUM,11372.92,6217.03
CUS0000918,PREMIUM,9353.42,2279.68
CUS0000919,STANDARD,2042.77,816.24
CUS0000920,STANDARD,4339.59,913.05
CUS0000921,STANDARD,2983.38,1435.23
CUS0000922,STANDARD,2935.78,830.47
CUS0000923,STANDARD,4971.34,2276.9
CUS0000924,STANDARD,5704.19,1559.57
CUS0000925,STANDARD,1409.06,555.08
CUS0000926,STANDARD,1551.67,108.78
CUS0000927,STANDARD,3164.79,1053.07
CUS0000928,STANDARD,6979.79,5203.53
CUS0000929,STANDARD,5013.63,2469.95
CUS0000930,STANDARD,4726.79,3827.98
CUS0000931,STANDARD,6495.59,4832.21
CUS0000932,STANDARD,2696.97,2312.3
CUS0000933,STANDARD,5816.9,1939.77
CUS0000934,PREMIUM,8540.1,4374.32
CUS0000935,STANDARD,6737.66,2718.38
CUS0000936,STANDARD,5022.01,3586.61
CUS0000937,STANDARD,1623.56,976.25
CUS0000938,PREMIUM,13201.65,7734.89
CUS0000939,PREMIUM,8230.04,3300.33
CUS0000940,STANDARD,1325.61,927.62
CUS0000941,STANDARD,2365.87,552.97
CUS0000942,STANDARD,3598.15,575.66
CUS0000943,STANDARD,4848.54,2839.48
CUS0000944,STANDARD,5205.29,1213.07
CUS0000945,STANDARD,5721.35,1365.53
CUS0000946,PREMIUM,10501.41,4115.34
CUS0000947,STANDARD,4200.81,712.11
CUS0000948,PREMIUM,11365.8,8419.54
CUS0000949,STANDARD,6485.01,4486.81
CUS0000950,STANDARD,6696.79,3319.53
CUS0000951,STANDARD,1030.18,570.43
CUS0000952,PREMIUM,9437.53,6290.75
CUS0000953,STANDARD,3475.93,1931.79
CUS0000954,STANDARD,2324.73,1285.19
CUS0000955,STANDARD,5797.96,4390.11
CUS0000956,PREMIUM,14954.5,6373.71
CUS0000957,STANDARD,1404.18,462.53
CUS0000958,STANDARD,2985.11,721.9
CUS0000959,STANDARD,4717.09,3261.65
CUS0000960,STANDARD,4698.05,1559.23
CUS0000961,STANDARD,3186.96,952.7
CUS0000962,STANDARD,2477.05,871.63
CUS0000963,STANDARD,6040.66,1404.95
CUS0000964,PREMIUM,10702.79,3563.43
CUS0000965,STANDARD,2054.62,1419.73
CUS0000966,PREMIUM,8120.01,3636.74
CUS0000967,PREMIUM,7611.7,681.55
CUS0000968,STANDARD,1187.17,507.41
CUS0000969,STANDARD,6437.82,3173.0
CUS0000970,PREMIUM,10776.83,6791.42
CUS0000971,STANDARD,5632.87,3245.41
CUS0000972,STANDARD,4062.47,1536.76
CUS0000973,STANDARD,6087.89,4159.91
CUS0000974,STANDARD,4084.82,1363.54
CUS0000975,PREMIUM,12275.31,9778.93
CUS0000976,STANDARD,3152.77,785.84
CUS0000977,STANDARD,3216.61,124.82
CUS0000978,PREMIUM,9890.01,4195.2
CUS0000979,STANDARD,6883.54,2453.62
CUS0000980,STANDARD,5977.88,3854.64
CUS0000981,STANDARD,2043.1,1004.47
CUS0000982,STANDARD,6012.81,2652.23
CUS0000983,PREMIUM,11130.97,4230.48
CUS0000984,STANDARD,3892.66,2037.49
CUS0000985,STANDARD,1993.63,450.42
CUS0000986,STANDARD,2121.43,967.35
CUS0000987,STANDARD,2382.08,1811.06
CUS0000988,STANDARD,3872.89,619.76
CUS0000989,PREMIUM,7179.57,1008.27
CUS0000990,STANDARD,4777.24,681.05
CUS0000991,STANDARD,2549.56,1034.51
CUS0000992,STANDARD,4381.63,714.82
CUS0000993,STANDARD,2700.73,381.38
CUS0000994,PREMIUM,13938.42,3388.41
CUS0000995,STANDARD,5767.7,3571.14
CUS0000996,STANDARD,2587.12,1412.87
CUS0000997,STANDARD,4543.58,1070.74
CUS0000998,STANDARD,2214.09,1558.02
CUS0000999,STANDARD,1897.37,293.51
CUS0001000,STANDARD,1234.22,803.98
